notice_id,cluster_id,portal_id,copy_index,is_corrigendum,archetype
N000001,OPP000001,P136,0,False,html_ish
N000002,OPP000002,P002,0,False,nodal_a
N000003,OPP000003,P002,0,False,nodal_a
N000004,OPP000004,P227,0,False,plain
N000005,OPP000004,P215,1,False,plain
N000006,OPP000004,P069,2,False,html_ish
N000007,OPP000004,P004,3,False,nodal_b
N000008,OPP000004,P094,4,False,plain
N000009,OPP000005,P011,0,False,terse
N000010,OPP000005,P004,1,True,nodal_b
N000011,OPP000005,P240,2,True,shouty
N000012,OPP000005,P094,3,True,plain
N000013,OPP000005,P088,4,True,plain
N000014,OPP000006,P094,0,False,plain
N000015,OPP000007,P004,0,False,nodal_b
N000016,OPP000007,P098,1,False,municipal
N000017,OPP000008,P238,0,False,plain
N000018,OPP000009,P094,0,False,plain
N000019,OPP000010,P228,0,False,html_ish
N000020,OPP000011,P111,0,False,shouty
N000021,OPP000012,P004,0,False,nodal_b
N000022,OPP000013,P235,0,False,municipal
N000023,OPP000014,P006,0,False,nodal_b
N000024,OPP000014,P215,1,True,plain
N000025,OPP000015,P111,0,False,shouty
N000026,OPP000016,P001,0,False,nodal_a
N000027,OPP000017,P094,0,False,plain
N000028,OPP000018,P087,0,False,plain
N000029,OPP000018,P002,1,True,nodal_a
N000030,OPP000019,P021,0,False,municipal
N000031,OPP000019,P120,1,False,legacy
N000032,OPP000020,P207,0,False,plain
N000033,OPP000020,P088,1,False,plain
N000034,OPP000020,P225,2,False,municipal
N000035,OPP000021,P180,0,False,legacy
N000036,OPP000022,P002,0,False,nodal_a
N000037,OPP000023,P094,0,False,plain
N000038,OPP000024,P020,0,False,plain
N000039,OPP000024,P094,1,False,plain
N000040,OPP000025,P094,0,False,plain
N000041,OPP000025,P044,1,False,plain
N000042,OPP000026,P006,0,False,nodal_b
N000043,OPP000026,P189,1,False,plain
N000044,OPP000026,P002,2,False,nodal_a
N000045,OPP000026,P137,3,False,html_ish
N000046,OPP000026,P005,4,False,nodal_a
N000047,OPP000026,P001,5,True,nodal_a
N000048,OPP000026,P094,6,True,plain
N000049,OPP000026,P003,7,False,nodal_b
N000050,OPP000026,P225,8,False,municipal
N000051,OPP000027,P215,0,False,plain
N000052,OPP000027,P038,1,False,plain
N000053,OPP000028,P094,0,False,plain
N000054,OPP000028,P141,1,False,municipal
N000055,OPP000028,P004,2,True,nodal_b
N000056,OPP000028,P002,3,True,nodal_a
N000057,OPP000028,P195,4,False,html_ish
N000058,OPP000028,P001,5,False,nodal_a
N000059,OPP000029,P094,0,False,plain
N000060,OPP000030,P004,0,False,nodal_b
N000061,OPP000030,P231,1,False,plain
N000062,OPP000030,P172,2,True,municipal
N000063,OPP000030,P063,3,False,shouty
N000064,OPP000031,P004,0,False,nodal_b
N000065,OPP000032,P003,0,False,nodal_b
N000066,OPP000033,P112,0,False,shouty
N000067,OPP000034,P002,0,False,nodal_a
N000068,OPP000035,P001,0,False,nodal_a
N000069,OPP000036,P214,0,False,plain
N000070,OPP000037,P002,0,False,nodal_a
N000071,OPP000037,P094,1,True,plain
N000072,OPP000037,P236,2,False,plain
N000073,OPP000038,P001,0,False,nodal_a
N000074,OPP000038,P238,1,True,plain
N000075,OPP000039,P064,0,False,plain
N000076,OPP000040,P137,0,False,html_ish
N000077,OPP000041,P003,0,False,nodal_b
N000078,OPP000041,P153,1,False,terse
N000079,OPP000041,P004,2,True,nodal_b
N000080,OPP000042,P021,0,False,municipal
N000081,OPP000043,P053,0,False,municipal
N000082,OPP000044,P006,0,False,nodal_b
N000083,OPP000045,P094,0,False,plain
N000084,OPP000046,P094,0,False,plain
N000085,OPP000047,P003,0,False,nodal_b
N000086,OPP000047,P004,1,False,nodal_b
N000087,OPP000047,P094,2,False,plain
N000088,OPP000047,P239,3,True,plain
N000089,OPP000047,P002,4,False,nodal_a
N000090,OPP000047,P236,5,False,plain
N000091,OPP000048,P005,0,False,nodal_a
N000092,OPP000049,P240,0,False,shouty
N000093,OPP000050,P003,0,False,nodal_b
N000094,OPP000051,P069,0,False,html_ish
N000095,OPP000051,P175,1,True,plain
N000096,OPP000052,P069,0,False,html_ish
N000097,OPP000052,P006,1,True,nodal_b
N000098,OPP000053,P002,0,False,nodal_a
N000099,OPP000053,P240,1,False,shouty
N000100,OPP000053,P006,2,False,nodal_b
N000101,OPP000054,P032,0,False,municipal
N000102,OPP000054,P094,1,True,plain
N000103,OPP000054,P200,2,True,plain
N000104,OPP000054,P216,3,False,html_ish
N000105,OPP000055,P002,0,False,nodal_a
N000106,OPP000056,P028,0,False,plain
N000107,OPP000057,P005,0,False,nodal_a
N000108,OPP000057,P010,1,False,plain
N000109,OPP000057,P006,2,False,nodal_b
N000110,OPP000057,P239,3,True,plain
N000111,OPP000057,P094,4,False,plain
N000112,OPP000057,P130,5,True,plain
N000113,OPP000057,P228,6,False,html_ish
N000114,OPP000057,P004,7,True,nodal_b
N000115,OPP000057,P002,8,False,nodal_a
N000116,OPP000058,P006,0,False,nodal_b
N000117,OPP000058,P229,1,True,html_ish
N000118,OPP000058,P004,2,False,nodal_b
N000119,OPP000059,P001,0,False,nodal_a
N000120,OPP000060,P240,0,False,shouty
N000121,OPP000061,P042,0,False,plain
N000122,OPP000062,P189,0,False,plain
N000123,OPP000062,P235,1,False,municipal
N000124,OPP000062,P002,2,False,nodal_a
N000125,OPP000063,P168,0,False,municipal
N000126,OPP000064,P221,0,False,terse
N000127,OPP000065,P004,0,False,nodal_b
N000128,OPP000065,P006,1,False,nodal_b
N000129,OPP000065,P005,2,True,nodal_a
N000130,OPP000065,P122,3,False,shouty
N000131,OPP000066,P005,0,False,nodal_a
N000132,OPP000066,P028,1,True,plain
N000133,OPP000067,P004,0,False,nodal_b
N000134,OPP000068,P020,0,False,plain
N000135,OPP000068,P002,1,False,nodal_a
N000136,OPP000068,P229,2,True,html_ish
N000137,OPP000068,P003,3,False,nodal_b
N000138,OPP000069,P255,0,False,shouty
N000139,OPP000070,P113,0,False,plain
N000140,OPP000070,P003,1,False,nodal_b
N000141,OPP000070,P071,2,True,html_ish
N000142,OPP000070,P240,3,False,shouty
N000143,OPP000070,P004,4,False,nodal_b
N000144,OPP000070,P001,5,True,nodal_a
N000145,OPP000071,P002,0,False,nodal_a
N000146,OPP000071,P096,1,False,html_ish
N000147,OPP000071,P044,2,True,plain
N000148,OPP000071,P196,3,True,html_ish
N000149,OPP000072,P227,0,False,plain
N000150,OPP000072,P232,1,False,plain
N000151,OPP000072,P098,2,False,municipal
N000152,OPP000073,P065,0,False,municipal
N000153,OPP000073,P002,1,False,nodal_a
N000154,OPP000073,P089,2,True,html_ish
N000155,OPP000073,P094,3,True,plain
N000156,OPP000073,P014,4,True,html_ish
N000157,OPP000073,P004,5,False,nodal_b
N000158,OPP000074,P221,0,False,terse
N000159,OPP000074,P006,1,False,nodal_b
N000160,OPP000075,P215,0,False,plain
N000161,OPP000075,P002,1,False,nodal_a
N000162,OPP000076,P002,0,False,nodal_a
N000163,OPP000076,P049,1,True,municipal
N000164,OPP000076,P003,2,True,nodal_b
N000165,OPP000076,P006,3,True,nodal_b
N000166,OPP000076,P174,4,False,municipal
N000167,OPP000077,P033,0,False,municipal
N000168,OPP000078,P094,0,False,plain
N000169,OPP000078,P004,1,True,nodal_b
N000170,OPP000078,P137,2,False,html_ish
N000171,OPP000078,P001,3,True,nodal_a
N000172,OPP000078,P013,4,False,terse
N000173,OPP000078,P106,5,False,plain
N000174,OPP000078,P098,6,False,municipal
N000175,OPP000079,P183,0,False,municipal
N000176,OPP000080,P228,0,False,html_ish
N000177,OPP000080,P003,1,True,nodal_b
N000178,OPP000081,P094,0,False,plain
N000179,OPP000081,P088,1,True,plain
N000180,OPP000082,P166,0,False,html_ish
N000181,OPP000083,P120,0,False,legacy
N000182,OPP000083,P006,1,True,nodal_b
N000183,OPP000084,P002,0,False,nodal_a
N000184,OPP000084,P005,1,False,nodal_a
N000185,OPP000084,P081,2,True,municipal
N000186,OPP000084,P001,3,False,nodal_a
N000187,OPP000084,P238,4,False,plain
N000188,OPP000084,P003,5,True,nodal_b
N000189,OPP000085,P056,0,False,html_ish
N000190,OPP000085,P207,1,True,plain
N000191,OPP000086,P003,0,False,nodal_b
N000192,OPP000087,P180,0,False,legacy
N000193,OPP000087,P003,1,False,nodal_b
N000194,OPP000087,P205,2,True,plain
N000195,OPP000088,P136,0,False,html_ish
N000196,OPP000088,P094,1,True,plain
N000197,OPP000088,P091,2,False,municipal
N000198,OPP000089,P003,0,False,nodal_b
N000199,OPP000089,P254,1,False,terse
N000200,OPP000089,P002,2,False,nodal_a
N000201,OPP000089,P211,3,False,shouty
N000202,OPP000089,P017,4,False,municipal
N000203,OPP000089,P094,5,False,plain
N000204,OPP000089,P240,6,True,shouty
N000205,OPP000090,P002,0,False,nodal_a
N000206,OPP000091,P215,0,False,plain
N000207,OPP000091,P102,1,True,plain
N000208,OPP000092,P005,0,False,nodal_a
N000209,OPP000093,P004,0,False,nodal_b
N000210,OPP000094,P001,0,False,nodal_a
N000211,OPP000095,P094,0,False,plain
N000212,OPP000096,P004,0,False,nodal_b
N000213,OPP000096,P072,1,False,html_ish
N000214,OPP000097,P240,0,False,shouty
N000215,OPP000097,P001,1,False,nodal_a
N000216,OPP000097,P094,2,False,plain
N000217,OPP000098,P001,0,False,nodal_a
N000218,OPP000098,P146,1,True,html_ish
N000219,OPP000098,P215,2,False,plain
N000220,OPP000098,P196,3,False,html_ish
N000221,OPP000099,P249,0,False,plain
N000222,OPP000100,P163,0,False,municipal
N000223,OPP000101,P002,0,False,nodal_a
N000224,OPP000102,P109,0,False,plain
N000225,OPP000103,P014,0,False,html_ish
N000226,OPP000103,P003,1,True,nodal_b
N000227,OPP000104,P044,0,False,plain
N000228,OPP000105,P006,0,False,nodal_b
N000229,OPP000106,P034,0,False,shouty
N000230,OPP000106,P002,1,False,nodal_a
N000231,OPP000107,P211,0,False,shouty
N000232,OPP000108,P026,0,False,municipal
N000233,OPP000109,P094,0,False,plain
N000234,OPP000109,P004,1,True,nodal_b
N000235,OPP000110,P002,0,False,nodal_a
N000236,OPP000111,P003,0,False,nodal_b
N000237,OPP000111,P004,1,True,nodal_b
N000238,OPP000111,P094,2,False,plain
N000239,OPP000111,P152,3,True,municipal
N000240,OPP000112,P005,0,False,nodal_a
N000241,OPP000112,P006,1,False,nodal_b
N000242,OPP000112,P088,2,False,plain
N000243,OPP000112,P182,3,False,plain
N000244,OPP000112,P027,4,False,plain
N000245,OPP000112,P096,5,True,html_ish
N000246,OPP000113,P232,0,False,plain
N000247,OPP000113,P242,1,True,shouty
N000248,OPP000113,P001,2,False,nodal_a
N000249,OPP000113,P248,3,True,legacy
N000250,OPP000114,P006,0,False,nodal_b
N000251,OPP000115,P006,0,False,nodal_b
N000252,OPP000115,P097,1,False,html_ish
N000253,OPP000115,P002,2,False,nodal_a
N000254,OPP000115,P001,3,True,nodal_a
N000255,OPP000115,P004,4,True,nodal_b
N000256,OPP000115,P056,5,True,html_ish
N000257,OPP000115,P207,6,True,plain
N000258,OPP000115,P005,7,True,nodal_a
N000259,OPP000115,P055,8,False,plain
N000260,OPP000116,P001,0,False,nodal_a
N000261,OPP000117,P168,0,False,municipal
N000262,OPP000118,P006,0,False,nodal_b
N000263,OPP000119,P223,0,False,plain
N000264,OPP000119,P153,1,False,terse
N000265,OPP000119,P172,2,False,municipal
N000266,OPP000119,P080,3,False,shouty
N000267,OPP000119,P094,4,True,plain
N000268,OPP000119,P002,5,True,nodal_a
N000269,OPP000119,P211,6,True,shouty
N000270,OPP000119,P006,7,False,nodal_b
N000271,OPP000120,P094,0,False,plain
N000272,OPP000121,P094,0,False,plain
N000273,OPP000122,P232,0,False,plain
N000274,OPP000123,P005,0,False,nodal_a
N000275,OPP000124,P200,0,False,plain
N000276,OPP000125,P046,0,False,terse
N000277,OPP000125,P002,1,False,nodal_a
N000278,OPP000125,P073,2,True,shouty
N000279,OPP000126,P020,0,False,plain
N000280,OPP000126,P094,1,False,plain
N000281,OPP000126,P215,2,True,plain
N000282,OPP000126,P019,3,False,municipal
N000283,OPP000127,P097,0,False,html_ish
N000284,OPP000127,P002,1,True,nodal_a
N000285,OPP000128,P189,0,False,plain
N000286,OPP000128,P002,1,False,nodal_a
N000287,OPP000128,P111,2,False,shouty
N000288,OPP000128,P094,3,True,plain
N000289,OPP000128,P071,4,True,html_ish
N000290,OPP000129,P081,0,False,municipal
N000291,OPP000130,P006,0,False,nodal_b
N000292,OPP000131,P006,0,False,nodal_b
N000293,OPP000131,P215,1,False,plain
N000294,OPP000131,P002,2,False,nodal_a
N000295,OPP000132,P002,0,False,nodal_a
N000296,OPP000132,P006,1,False,nodal_b
N000297,OPP000133,P004,0,False,nodal_b
N000298,OPP000134,P094,0,False,plain
N000299,OPP000135,P094,0,False,plain
N000300,OPP000136,P006,0,False,nodal_b
N000301,OPP000137,P006,0,False,nodal_b
N000302,OPP000137,P001,1,False,nodal_a
N000303,OPP000137,P003,2,False,nodal_b
N000304,OPP000137,P020,3,False,plain
N000305,OPP000137,P094,4,False,plain
N000306,OPP000137,P004,5,True,nodal_b
N000307,OPP000137,P002,6,False,nodal_a
N000308,OPP000138,P107,0,False,terse
N000309,OPP000138,P006,1,True,nodal_b
N000310,OPP000139,P088,0,False,plain
N000311,OPP000139,P146,1,False,html_ish
N000312,OPP000139,P167,2,True,municipal
N000313,OPP000139,P004,3,False,nodal_b
N000314,OPP000139,P002,4,False,nodal_a
N000315,OPP000140,P005,0,False,nodal_a
N000316,OPP000140,P094,1,True,plain
N000317,OPP000141,P260,0,False,plain
N000318,OPP000142,P002,0,False,nodal_a
N000319,OPP000143,P094,0,False,plain
N000320,OPP000143,P240,1,False,shouty
N000321,OPP000143,P006,2,False,nodal_b
N000322,OPP000143,P215,3,True,plain
N000323,OPP000143,P170,4,False,plain
N000324,OPP000143,P242,5,False,shouty
N000325,OPP000143,P236,6,False,plain
N000326,OPP000144,P006,0,False,nodal_b
N000327,OPP000144,P249,1,False,plain
N000328,OPP000145,P004,0,False,nodal_b
N000329,OPP000146,P001,0,False,nodal_a
N000330,OPP000147,P006,0,False,nodal_b
N000331,OPP000148,P094,0,False,plain
N000332,OPP000148,P258,1,True,html_ish
N000333,OPP000149,P069,0,False,html_ish
N000334,OPP000150,P167,0,False,municipal
N000335,OPP000151,P151,0,False,terse
N000336,OPP000152,P215,0,False,plain
N000337,OPP000153,P005,0,False,nodal_a
N000338,OPP000154,P001,0,False,nodal_a
N000339,OPP000154,P165,1,False,plain
N000340,OPP000155,P005,0,False,nodal_a
N000341,OPP000156,P002,0,False,nodal_a
N000342,OPP000157,P004,0,False,nodal_b
N000343,OPP000158,P020,0,False,plain
N000344,OPP000158,P071,1,True,html_ish
N000345,OPP000159,P226,0,False,plain
N000346,OPP000160,P002,0,False,nodal_a
N000347,OPP000161,P044,0,False,plain
N000348,OPP000162,P094,0,False,plain
N000349,OPP000163,P200,0,False,plain
N000350,OPP000163,P096,1,False,html_ish
N000351,OPP000164,P040,0,False,html_ish
N000352,OPP000165,P002,0,False,nodal_a
N000353,OPP000166,P005,0,False,nodal_a
N000354,OPP000166,P181,1,True,plain
N000355,OPP000166,P003,2,False,nodal_b
N000356,OPP000167,P240,0,False,shouty
N000357,OPP000168,P004,0,False,nodal_b
N000358,OPP000168,P222,1,False,plain
N000359,OPP000168,P054,2,False,plain
N000360,OPP000169,P006,0,False,nodal_b
N000361,OPP000170,P142,0,False,terse
N000362,OPP000170,P094,1,True,plain
N000363,OPP000170,P003,2,False,nodal_b
N000364,OPP000170,P001,3,False,nodal_a
N000365,OPP000170,P014,4,True,html_ish
N000366,OPP000170,P005,5,False,nodal_a
N000367,OPP000170,P034,6,False,shouty
N000368,OPP000170,P181,7,True,plain
N000369,OPP000171,P094,0,False,plain
N000370,OPP000171,P084,1,True,terse
N000371,OPP000172,P013,0,False,terse
N000372,OPP000173,P001,0,False,nodal_a
N000373,OPP000174,P250,0,False,html_ish
N000374,OPP000174,P100,1,False,plain
N000375,OPP000174,P088,2,False,plain
N000376,OPP000175,P139,0,False,plain
N000377,OPP000176,P003,0,False,nodal_b
N000378,OPP000177,P044,0,False,plain
N000379,OPP000177,P013,1,False,terse
N000380,OPP000177,P241,2,False,plain
N000381,OPP000177,P227,3,True,plain
N000382,OPP000177,P003,4,True,nodal_b
N000383,OPP000178,P020,0,False,plain
N000384,OPP000178,P002,1,False,nodal_a
N000385,OPP000179,P094,0,False,plain
N000386,OPP000180,P001,0,False,nodal_a
N000387,OPP000180,P005,1,True,nodal_a
N000388,OPP000180,P103,2,False,plain
N000389,OPP000180,P094,3,True,plain
N000390,OPP000180,P146,4,False,html_ish
N000391,OPP000180,P006,5,True,nodal_b
N000392,OPP000181,P094,0,False,plain
N000393,OPP000181,P020,1,True,plain
N000394,OPP000182,P005,0,False,nodal_a
N000395,OPP000183,P003,0,False,nodal_b
N000396,OPP000184,P002,0,False,nodal_a
N000397,OPP000184,P003,1,False,nodal_b
N000398,OPP000185,P005,0,False,nodal_a
N000399,OPP000186,P005,0,False,nodal_a
N000400,OPP000186,P044,1,False,plain
N000401,OPP000186,P094,2,False,plain
N000402,OPP000186,P002,3,True,nodal_a
N000403,OPP000187,P228,0,False,html_ish
N000404,OPP000188,P232,0,False,plain
N000405,OPP000189,P097,0,False,html_ish
N000406,OPP000189,P094,1,False,plain
N000407,OPP000189,P005,2,False,nodal_a
N000408,OPP000190,P227,0,False,plain
N000409,OPP000190,P006,1,False,nodal_b
N000410,OPP000190,P170,2,True,plain
N000411,OPP000190,P036,3,False,html_ish
N000412,OPP000190,P005,4,False,nodal_a
N000413,OPP000191,P094,0,False,plain
N000414,OPP000191,P215,1,True,plain
N000415,OPP000191,P240,2,False,shouty
N000416,OPP000192,P094,0,False,plain
N000417,OPP000192,P136,1,True,html_ish
N000418,OPP000192,P097,2,False,html_ish
N000419,OPP000192,P215,3,False,plain
N000420,OPP000193,P063,0,False,shouty
N000421,OPP000193,P217,1,False,plain
N000422,OPP000194,P001,0,False,nodal_a
N000423,OPP000195,P005,0,False,nodal_a
N000424,OPP000196,P002,0,False,nodal_a
N000425,OPP000197,P002,0,False,nodal_a
N000426,OPP000197,P227,1,True,plain
N000427,OPP000197,P240,2,False,shouty
N000428,OPP000197,P006,3,False,nodal_b
N000429,OPP000197,P004,4,False,nodal_b
N000430,OPP000197,P001,5,False,nodal_a
N000431,OPP000198,P094,0,False,plain
N000432,OPP000198,P046,1,False,terse
N000433,OPP000198,P192,2,True,legacy
N000434,OPP000198,P001,3,False,nodal_a
N000435,OPP000199,P001,0,False,nodal_a
N000436,OPP000200,P005,0,False,nodal_a
N000437,OPP000200,P004,1,True,nodal_b
N000438,OPP000201,P075,0,False,plain
N000439,OPP000202,P094,0,False,plain
N000440,OPP000203,P094,0,False,plain
N000441,OPP000204,P086,0,False,municipal
N000442,OPP000205,P029,0,False,plain
N000443,OPP000206,P002,0,False,nodal_a
N000444,OPP000206,P094,1,False,plain
N000445,OPP000206,P001,2,False,nodal_a
N000446,OPP000206,P004,3,False,nodal_b
N000447,OPP000206,P003,4,True,nodal_b
N000448,OPP000206,P230,5,False,municipal
N000449,OPP000206,P187,6,True,municipal
N000450,OPP000207,P260,0,False,plain
N000451,OPP000208,P028,0,False,plain
N000452,OPP000209,P001,0,False,nodal_a
N000453,OPP000209,P137,1,False,html_ish
N000454,OPP000210,P217,0,False,plain
N000455,OPP000210,P198,1,False,html_ish
N000456,OPP000210,P094,2,True,plain
N000457,OPP000211,P006,0,False,nodal_b
N000458,OPP000211,P001,1,True,nodal_a
N000459,OPP000212,P044,0,False,plain
N000460,OPP000213,P136,0,False,html_ish
N000461,OPP000214,P001,0,False,nodal_a
N000462,OPP000215,P233,0,False,terse
N000463,OPP000216,P006,0,False,nodal_b
N000464,OPP000216,P146,1,False,html_ish
N000465,OPP000216,P183,2,False,municipal
N000466,OPP000217,P240,0,False,shouty
N000467,OPP000218,P005,0,False,nodal_a
N000468,OPP000218,P044,1,False,plain
N000469,OPP000219,P003,0,False,nodal_b
N000470,OPP000219,P024,1,False,html_ish
N000471,OPP000219,P001,2,False,nodal_a
N000472,OPP000219,P089,3,True,html_ish
N000473,OPP000219,P005,4,False,nodal_a
N000474,OPP000220,P002,0,False,nodal_a
N000475,OPP000221,P146,0,False,html_ish
N000476,OPP000221,P184,1,False,legacy
N000477,OPP000221,P094,2,False,plain
N000478,OPP000221,P240,3,True,shouty
N000479,OPP000221,P004,4,True,nodal_b
N000480,OPP000221,P105,5,False,municipal
N000481,OPP000222,P042,0,False,plain
N000482,OPP000223,P089,0,False,html_ish
N000483,OPP000224,P215,0,False,plain
N000484,OPP000224,P136,1,True,html_ish
N000485,OPP000224,P094,2,False,plain
N000486,OPP000224,P082,3,False,plain
N000487,OPP000224,P098,4,False,municipal
N000488,OPP000224,P242,5,True,shouty
N000489,OPP000224,P114,6,True,terse
N000490,OPP000224,P003,7,True,nodal_b
N000491,OPP000224,P004,8,True,nodal_b
N000492,OPP000225,P006,0,False,nodal_b
N000493,OPP000225,P094,1,True,plain
N000494,OPP000226,P006,0,False,nodal_b
N000495,OPP000227,P005,0,False,nodal_a
N000496,OPP000228,P094,0,False,plain
N000497,OPP000229,P006,0,False,nodal_b
N000498,OPP000230,P232,0,False,plain
N000499,OPP000231,P004,0,False,nodal_b
N000500,OPP000231,P001,1,False,nodal_a
N000501,OPP000231,P073,2,False,shouty
N000502,OPP000232,P004,0,False,nodal_b
N000503,OPP000233,P195,0,False,html_ish
N000504,OPP000233,P003,1,False,nodal_b
N000505,OPP000233,P240,2,False,shouty
N000506,OPP000233,P232,3,True,plain
N000507,OPP000233,P094,4,False,plain
N000508,OPP000234,P002,0,False,nodal_a
N000509,OPP000235,P094,0,False,plain
N000510,OPP000236,P008,0,False,terse
N000511,OPP000237,P206,0,False,municipal
N000512,OPP000237,P079,1,True,html_ish
N000513,OPP000237,P087,2,False,plain
N000514,OPP000237,P006,3,False,nodal_b
N000515,OPP000237,P002,4,False,nodal_a
N000516,OPP000238,P020,0,False,plain
N000517,OPP000239,P004,0,False,nodal_b
N000518,OPP000240,P005,0,False,nodal_a
N000519,OPP000241,P127,0,False,shouty
N000520,OPP000242,P020,0,False,plain
N000521,OPP000242,P094,1,False,plain
N000522,OPP000242,P001,2,False,nodal_a
N000523,OPP000242,P005,3,True,nodal_a
N000524,OPP000243,P005,0,False,nodal_a
N000525,OPP000244,P002,0,False,nodal_a
N000526,OPP000244,P006,1,False,nodal_b
N000527,OPP000244,P005,2,False,nodal_a
N000528,OPP000245,P093,0,False,municipal
N000529,OPP000245,P146,1,True,html_ish
N000530,OPP000245,P172,2,True,municipal
N000531,OPP000245,P094,3,False,plain
N000532,OPP000245,P026,4,False,municipal
N000533,OPP000245,P200,5,False,plain
N000534,OPP000245,P002,6,False,nodal_a
N000535,OPP000246,P096,0,False,html_ish
N000536,OPP000246,P094,1,True,plain
N000537,OPP000247,P013,0,False,terse
N000538,OPP000248,P094,0,False,plain
N000539,OPP000249,P059,0,False,municipal
N000540,OPP000250,P227,0,False,plain
N000541,OPP000250,P003,1,False,nodal_b
N000542,OPP000250,P094,2,True,plain
N000543,OPP000250,P215,3,False,plain
N000544,OPP000250,P240,4,False,shouty
N000545,OPP000250,P006,5,True,nodal_b
N000546,OPP000250,P087,6,False,plain
N000547,OPP000250,P002,7,False,nodal_a
N000548,OPP000251,P094,0,False,plain
N000549,OPP000251,P006,1,False,nodal_b
N000550,OPP000251,P002,2,False,nodal_a
N000551,OPP000251,P133,3,False,plain
N000552,OPP000251,P163,4,False,municipal
N000553,OPP000251,P214,5,True,plain
N000554,OPP000251,P181,6,True,plain
N000555,OPP000252,P003,0,False,nodal_b
N000556,OPP000253,P049,0,False,municipal
N000557,OPP000253,P078,1,False,municipal
N000558,OPP000253,P031,2,False,shouty
N000559,OPP000253,P001,3,True,nodal_a
N000560,OPP000254,P005,0,False,nodal_a
N000561,OPP000255,P002,0,False,nodal_a
N000562,OPP000256,P002,0,False,nodal_a
N000563,OPP000257,P006,0,False,nodal_b
N000564,OPP000258,P001,0,False,nodal_a
N000565,OPP000258,P181,1,True,plain
N000566,OPP000258,P005,2,True,nodal_a
N000567,OPP000259,P006,0,False,nodal_b
N000568,OPP000260,P005,0,False,nodal_a
N000569,OPP000261,P003,0,False,nodal_b
N000570,OPP000262,P240,0,False,shouty
N000571,OPP000262,P041,1,True,html_ish
N000572,OPP000263,P004,0,False,nodal_b
N000573,OPP000263,P002,1,False,nodal_a
N000574,OPP000263,P003,2,False,nodal_b
N000575,OPP000263,P203,3,True,municipal
N000576,OPP000263,P005,4,False,nodal_a
N000577,OPP000263,P046,5,True,terse
N000578,OPP000263,P225,6,False,municipal
N000579,OPP000264,P004,0,False,nodal_b
N000580,OPP000265,P234,0,False,municipal
N000581,OPP000266,P003,0,False,nodal_b
N000582,OPP000267,P005,0,False,nodal_a
N000583,OPP000267,P064,1,False,plain
N000584,OPP000268,P094,0,False,plain
N000585,OPP000269,P004,0,False,nodal_b
N000586,OPP000270,P094,0,False,plain
N000587,OPP000270,P006,1,False,nodal_b
N000588,OPP000271,P006,0,False,nodal_b
N000589,OPP000272,P239,0,False,plain
N000590,OPP000273,P180,0,False,legacy
N000591,OPP000274,P004,0,False,nodal_b
N000592,OPP000274,P215,1,False,plain
N000593,OPP000274,P002,2,True,nodal_a
N000594,OPP000275,P005,0,False,nodal_a
N000595,OPP000275,P165,1,False,plain
N000596,OPP000276,P094,0,False,plain
N000597,OPP000276,P001,1,False,nodal_a
N000598,OPP000277,P005,0,False,nodal_a
N000599,OPP000277,P001,1,False,nodal_a
N000600,OPP000277,P134,2,True,plain
N000601,OPP000277,P002,3,True,nodal_a
N000602,OPP000278,P038,0,False,plain
N000603,OPP000278,P094,1,False,plain
N000604,OPP000279,P004,0,False,nodal_b
N000605,OPP000280,P094,0,False,plain
N000606,OPP000281,P003,0,False,nodal_b
N000607,OPP000281,P065,1,False,municipal
N000608,OPP000281,P005,2,False,nodal_a
N000609,OPP000281,P061,3,True,html_ish
N000610,OPP000282,P232,0,False,plain
N000611,OPP000283,P091,0,False,municipal
N000612,OPP000283,P004,1,False,nodal_b
N000613,OPP000284,P240,0,False,shouty
N000614,OPP000285,P002,0,False,nodal_a
N000615,OPP000286,P166,0,False,html_ish
N000616,OPP000286,P094,1,False,plain
N000617,OPP000286,P001,2,True,nodal_a
N000618,OPP000286,P003,3,True,nodal_b
N000619,OPP000287,P258,0,False,html_ish
N000620,OPP000287,P002,1,False,nodal_a
N000621,OPP000287,P240,2,False,shouty
N000622,OPP000287,P044,3,True,plain
N000623,OPP000287,P227,4,False,plain
N000624,OPP000287,P094,5,False,plain
N000625,OPP000288,P001,0,False,nodal_a
N000626,OPP000288,P004,1,False,nodal_b
N000627,OPP000288,P094,2,False,plain
N000628,OPP000289,P081,0,False,municipal
N000629,OPP000289,P143,1,True,html_ish
N000630,OPP000289,P001,2,False,nodal_a
N000631,OPP000289,P036,3,True,html_ish
N000632,OPP000289,P242,4,False,shouty
N000633,OPP000289,P004,5,False,nodal_b
N000634,OPP000290,P001,0,False,nodal_a
N000635,OPP000291,P003,0,False,nodal_b
N000636,OPP000291,P094,1,True,plain
N000637,OPP000292,P094,0,False,plain
N000638,OPP000293,P240,0,False,shouty
N000639,OPP000293,P001,1,True,nodal_a
N000640,OPP000294,P005,0,False,nodal_a
N000641,OPP000295,P096,0,False,html_ish
N000642,OPP000295,P002,1,False,nodal_a
N000643,OPP000296,P001,0,False,nodal_a
N000644,OPP000296,P002,1,False,nodal_a
N000645,OPP000296,P097,2,False,html_ish
N000646,OPP000296,P131,3,False,legacy
N000647,OPP000296,P006,4,False,nodal_b
N000648,OPP000297,P042,0,False,plain
N000649,OPP000298,P003,0,False,nodal_b
N000650,OPP000299,P005,0,False,nodal_a
N000651,OPP000299,P003,1,False,nodal_b
N000652,OPP000299,P094,2,True,plain
N000653,OPP000299,P060,3,True,plain
N000654,OPP000299,P004,4,False,nodal_b
N000655,OPP000299,P006,5,False,nodal_b
N000656,OPP000299,P001,6,False,nodal_a
N000657,OPP000300,P094,0,False,plain
N000658,OPP000301,P002,0,False,nodal_a
N000659,OPP000302,P005,0,False,nodal_a
N000660,OPP000303,P002,0,False,nodal_a
N000661,OPP000304,P232,0,False,plain
N000662,OPP000305,P006,0,False,nodal_b
N000663,OPP000306,P105,0,False,municipal
N000664,OPP000307,P069,0,False,html_ish
N000665,OPP000307,P246,1,True,plain
N000666,OPP000307,P001,2,True,nodal_a
N000667,OPP000308,P006,0,False,nodal_b
N000668,OPP000309,P207,0,False,plain
N000669,OPP000309,P221,1,False,terse
N000670,OPP000310,P094,0,False,plain
N000671,OPP000310,P122,1,False,shouty
N000672,OPP000311,P002,0,False,nodal_a
N000673,OPP000311,P001,1,False,nodal_a
N000674,OPP000311,P094,2,False,plain
N000675,OPP000311,P006,3,False,nodal_b
N000676,OPP000311,P044,4,False,plain
N000677,OPP000311,P221,5,False,terse
N000678,OPP000312,P020,0,False,plain
N000679,OPP000313,P006,0,False,nodal_b
N000680,OPP000314,P227,0,False,plain
N000681,OPP000314,P094,1,False,plain
N000682,OPP000314,P145,2,False,terse
N000683,OPP000314,P043,3,False,plain
N000684,OPP000314,P122,4,False,shouty
N000685,OPP000314,P001,5,False,nodal_a
N000686,OPP000314,P181,6,False,plain
N000687,OPP000314,P014,7,False,html_ish
N000688,OPP000314,P020,8,False,plain
N000689,OPP000315,P002,0,False,nodal_a
N000690,OPP000315,P094,1,False,plain
N000691,OPP000315,P006,2,True,nodal_b
N000692,OPP000315,P005,3,False,nodal_a
N000693,OPP000315,P167,4,False,municipal
N000694,OPP000316,P199,0,False,plain
N000695,OPP000317,P003,0,False,nodal_b
N000696,OPP000318,P228,0,False,html_ish
N000697,OPP000319,P001,0,False,nodal_a
N000698,OPP000320,P094,0,False,plain
N000699,OPP000321,P006,0,False,nodal_b
N000700,OPP000321,P228,1,True,html_ish
N000701,OPP000322,P001,0,False,nodal_a
N000702,OPP000323,P004,0,False,nodal_b
N000703,OPP000324,P001,0,False,nodal_a
N000704,OPP000324,P094,1,False,plain
N000705,OPP000324,P004,2,True,nodal_b
N000706,OPP000325,P041,0,False,html_ish
N000707,OPP000325,P089,1,True,html_ish
N000708,OPP000325,P002,2,False,nodal_a
N000709,OPP000325,P166,3,True,html_ish
N000710,OPP000325,P060,4,False,plain
N000711,OPP000325,P189,5,True,plain
N000712,OPP000326,P143,0,False,html_ish
N000713,OPP000327,P239,0,False,plain
N000714,OPP000327,P094,1,False,plain
N000715,OPP000328,P141,0,False,municipal
N000716,OPP000328,P006,1,False,nodal_b
N000717,OPP000329,P002,0,False,nodal_a
N000718,OPP000330,P001,0,False,nodal_a
N000719,OPP000330,P027,1,False,plain
N000720,OPP000331,P028,0,False,plain
N000721,OPP000331,P005,1,False,nodal_a
N000722,OPP000332,P183,0,False,municipal
N000723,OPP000333,P003,0,False,nodal_b
N000724,OPP000333,P002,1,False,nodal_a
N000725,OPP000334,P003,0,False,nodal_b
N000726,OPP000334,P094,1,False,plain
N000727,OPP000334,P005,2,True,nodal_a
N000728,OPP000334,P141,3,True,municipal
N000729,OPP000334,P020,4,False,plain
N000730,OPP000334,P031,5,False,shouty
N000731,OPP000335,P002,0,False,nodal_a
N000732,OPP000335,P094,1,False,plain
N000733,OPP000335,P202,2,True,legacy
N000734,OPP000336,P002,0,False,nodal_a
N000735,OPP000337,P001,0,False,nodal_a
N000736,OPP000338,P167,0,False,municipal
N000737,OPP000339,P208,0,False,plain
N000738,OPP000340,P216,0,False,html_ish
N000739,OPP000341,P004,0,False,nodal_b
N000740,OPP000342,P127,0,False,shouty
N000741,OPP000342,P240,1,False,shouty
N000742,OPP000342,P018,2,True,plain
N000743,OPP000342,P044,3,False,plain
N000744,OPP000342,P020,4,True,plain
N000745,OPP000342,P121,5,False,plain
N000746,OPP000342,P207,6,False,plain
N000747,OPP000342,P003,7,True,nodal_b
N000748,OPP000343,P257,0,False,html_ish
N000749,OPP000343,P028,1,False,plain
N000750,OPP000343,P002,2,False,nodal_a
N000751,OPP000343,P001,3,True,nodal_a
N000752,OPP000343,P094,4,False,plain
N000753,OPP000344,P094,0,False,plain
N000754,OPP000344,P003,1,True,nodal_b
N000755,OPP000344,P112,2,True,shouty
N000756,OPP000345,P018,0,False,plain
N000757,OPP000346,P003,0,False,nodal_b
N000758,OPP000346,P005,1,False,nodal_a
N000759,OPP000346,P250,2,False,html_ish
N000760,OPP000346,P073,3,False,shouty
N000761,OPP000346,P094,4,False,plain
N000762,OPP000346,P137,5,False,html_ish
N000763,OPP000346,P167,6,False,municipal
N000764,OPP000347,P005,0,False,nodal_a
N000765,OPP000348,P192,0,False,legacy
N000766,OPP000349,P013,0,False,terse
N000767,OPP000350,P002,0,False,nodal_a
N000768,OPP000351,P120,0,False,legacy
N000769,OPP000351,P001,1,False,nodal_a
N000770,OPP000351,P044,2,True,plain
N000771,OPP000352,P021,0,False,municipal
N000772,OPP000353,P094,0,False,plain
N000773,OPP000354,P150,0,False,html_ish
N000774,OPP000355,P094,0,False,plain
N000775,OPP000356,P014,0,False,html_ish
N000776,OPP000356,P235,1,True,municipal
N000777,OPP000356,P127,2,False,shouty
N000778,OPP000357,P013,0,False,terse
N000779,OPP000357,P020,1,False,plain
N000780,OPP000357,P255,2,True,shouty
N000781,OPP000357,P005,3,False,nodal_a
N000782,OPP000358,P003,0,False,nodal_b
N000783,OPP000359,P094,0,False,plain
N000784,OPP000359,P215,1,False,plain
N000785,OPP000359,P129,2,False,municipal
N000786,OPP000359,P004,3,False,nodal_b
N000787,OPP000359,P030,4,False,municipal
N000788,OPP000360,P094,0,False,plain
N000789,OPP000360,P227,1,True,plain
N000790,OPP000361,P195,0,False,html_ish
N000791,OPP000362,P018,0,False,plain
N000792,OPP000363,P014,0,False,html_ish
N000793,OPP000364,P094,0,False,plain
N000794,OPP000364,P005,1,True,nodal_a
N000795,OPP000365,P138,0,False,legacy
N000796,OPP000365,P001,1,True,nodal_a
N000797,OPP000365,P002,2,False,nodal_a
N000798,OPP000365,P004,3,True,nodal_b
N000799,OPP000365,P134,4,True,plain
N000800,OPP000366,P132,0,False,plain
N000801,OPP000367,P091,0,False,municipal
N000802,OPP000368,P003,0,False,nodal_b
N000803,OPP000369,P103,0,False,plain
N000804,OPP000369,P003,1,False,nodal_b
N000805,OPP000369,P004,2,True,nodal_b
N000806,OPP000370,P240,0,False,shouty
N000807,OPP000371,P048,0,False,html_ish
N000808,OPP000371,P003,1,True,nodal_b
N000809,OPP000371,P064,2,False,plain
N000810,OPP000372,P006,0,False,nodal_b
N000811,OPP000372,P124,1,False,plain
N000812,OPP000372,P136,2,True,html_ish
N000813,OPP000372,P013,3,False,terse
N000814,OPP000372,P003,4,True,nodal_b
N000815,OPP000372,P134,5,True,plain
N000816,OPP000372,P094,6,False,plain
N000817,OPP000373,P003,0,False,nodal_b
N000818,OPP000373,P094,1,False,plain
N000819,OPP000373,P004,2,False,nodal_b
N000820,OPP000373,P232,3,True,plain
N000821,OPP000374,P094,0,False,plain
N000822,OPP000375,P001,0,False,nodal_a
N000823,OPP000375,P094,1,False,plain
N000824,OPP000376,P004,0,False,nodal_b
N000825,OPP000377,P240,0,False,shouty
N000826,OPP000377,P002,1,False,nodal_a
N000827,OPP000378,P077,0,False,plain
N000828,OPP000378,P088,1,False,plain
N000829,OPP000378,P003,2,True,nodal_b
N000830,OPP000378,P229,3,False,html_ish
N000831,OPP000378,P094,4,False,plain
N000832,OPP000378,P004,5,True,nodal_b
N000833,OPP000378,P136,6,True,html_ish
N000834,OPP000378,P001,7,False,nodal_a
N000835,OPP000378,P044,8,False,plain
N000836,OPP000379,P048,0,False,html_ish
N000837,OPP000380,P183,0,False,municipal
N000838,OPP000381,P001,0,False,nodal_a
N000839,OPP000382,P073,0,False,shouty
N000840,OPP000383,P001,0,False,nodal_a
N000841,OPP000384,P005,0,False,nodal_a
N000842,OPP000385,P094,0,False,plain
N000843,OPP000386,P001,0,False,nodal_a
N000844,OPP000387,P221,0,False,terse
N000845,OPP000387,P020,1,False,plain
N000846,OPP000387,P094,2,True,plain
N000847,OPP000387,P191,3,False,plain
N000848,OPP000388,P106,0,False,plain
N000849,OPP000389,P221,0,False,terse
N000850,OPP000390,P122,0,False,shouty
N000851,OPP000391,P005,0,False,nodal_a
N000852,OPP000391,P002,1,False,nodal_a
N000853,OPP000391,P006,2,True,nodal_b
N000854,OPP000392,P254,0,False,terse
N000855,OPP000393,P002,0,False,nodal_a
N000856,OPP000394,P131,0,False,legacy
N000857,OPP000395,P240,0,False,shouty
N000858,OPP000396,P003,0,False,nodal_b
N000859,OPP000396,P041,1,True,html_ish
N000860,OPP000396,P238,2,True,plain
N000861,OPP000396,P195,3,True,html_ish
N000862,OPP000397,P152,0,False,municipal
N000863,OPP000397,P001,1,False,nodal_a
N000864,OPP000397,P198,2,False,html_ish
N000865,OPP000397,P006,3,False,nodal_b
N000866,OPP000398,P003,0,False,nodal_b
N000867,OPP000399,P006,0,False,nodal_b
N000868,OPP000400,P020,0,False,plain
N000869,OPP000400,P094,1,False,plain
N000870,OPP000400,P225,2,False,municipal
N000871,OPP000401,P006,0,False,nodal_b
N000872,OPP000401,P221,1,False,terse
N000873,OPP000401,P004,2,False,nodal_b
N000874,OPP000401,P215,3,False,plain
N000875,OPP000401,P094,4,False,plain
N000876,OPP000402,P221,0,False,terse
N000877,OPP000403,P020,0,False,plain
N000878,OPP000404,P225,0,False,municipal
N000879,OPP000405,P071,0,False,html_ish
N000880,OPP000405,P240,1,False,shouty
N000881,OPP000405,P231,2,False,plain
N000882,OPP000405,P094,3,False,plain
N000883,OPP000406,P004,0,False,nodal_b
N000884,OPP000406,P003,1,False,nodal_b
N000885,OPP000406,P005,2,False,nodal_a
N000886,OPP000406,P173,3,True,legacy
N000887,OPP000406,P001,4,False,nodal_a
N000888,OPP000407,P094,0,False,plain
N000889,OPP000407,P001,1,True,nodal_a
N000890,OPP000407,P240,2,False,shouty
N000891,OPP000407,P005,3,True,nodal_a
N000892,OPP000407,P013,4,False,terse
N000893,OPP000408,P179,0,False,html_ish
N000894,OPP000409,P006,0,False,nodal_b
N000895,OPP000410,P004,0,False,nodal_b
N000896,OPP000410,P094,1,True,plain
N000897,OPP000410,P001,2,True,nodal_a
N000898,OPP000410,P240,3,False,shouty
N000899,OPP000410,P006,4,True,nodal_b
N000900,OPP000411,P061,0,False,html_ish
N000901,OPP000412,P240,0,False,shouty
N000902,OPP000413,P188,0,False,plain
N000903,OPP000414,P094,0,False,plain
N000904,OPP000414,P225,1,False,municipal
N000905,OPP000414,P001,2,False,nodal_a
N000906,OPP000415,P172,0,False,municipal
N000907,OPP000415,P146,1,False,html_ish
N000908,OPP000416,P060,0,False,plain
N000909,OPP000416,P020,1,True,plain
N000910,OPP000416,P001,2,False,nodal_a
N000911,OPP000416,P249,3,False,plain
N000912,OPP000417,P071,0,False,html_ish
N000913,OPP000417,P094,1,False,plain
N000914,OPP000418,P021,0,False,municipal
N000915,OPP000418,P003,1,False,nodal_b
N000916,OPP000418,P005,2,False,nodal_a
N000917,OPP000418,P215,3,True,plain
N000918,OPP000418,P088,4,True,plain
N000919,OPP000419,P004,0,False,nodal_b
N000920,OPP000420,P181,0,False,plain
N000921,OPP000421,P001,0,False,nodal_a
N000922,OPP000422,P003,0,False,nodal_b
N000923,OPP000422,P004,1,False,nodal_b
N000924,OPP000422,P094,2,False,plain
N000925,OPP000422,P229,3,True,html_ish
N000926,OPP000422,P001,4,False,nodal_a
N000927,OPP000422,P232,5,False,plain
N000928,OPP000423,P242,0,False,shouty
N000929,OPP000423,P003,1,True,nodal_b
N000930,OPP000423,P026,2,True,municipal
N000931,OPP000424,P146,0,False,html_ish
N000932,OPP000425,P004,0,False,nodal_b
N000933,OPP000425,P088,1,True,plain
N000934,OPP000425,P006,2,False,nodal_b
N000935,OPP000426,P013,0,False,terse
N000936,OPP000427,P116,0,False,shouty
N000937,OPP000428,P094,0,False,plain
N000938,OPP000428,P005,1,True,nodal_a
N000939,OPP000429,P044,0,False,plain
N000940,OPP000430,P006,0,False,nodal_b
N000941,OPP000430,P094,1,False,plain
N000942,OPP000430,P091,2,True,municipal
N000943,OPP000430,P003,3,True,nodal_b
N000944,OPP000430,P189,4,False,plain
N000945,OPP000431,P002,0,False,nodal_a
N000946,OPP000432,P088,0,False,plain
N000947,OPP000433,P005,0,False,nodal_a
N000948,OPP000434,P200,0,False,plain
N000949,OPP000435,P006,0,False,nodal_b
N000950,OPP000436,P240,0,False,shouty
N000951,OPP000436,P219,1,True,plain
N000952,OPP000436,P002,2,False,nodal_a
N000953,OPP000437,P240,0,False,shouty
N000954,OPP000438,P102,0,False,plain
N000955,OPP000439,P162,0,False,plain
N000956,OPP000440,P075,0,False,plain
N000957,OPP000440,P221,1,False,terse
N000958,OPP000441,P200,0,False,plain
N000959,OPP000442,P094,0,False,plain
N000960,OPP000443,P005,0,False,nodal_a
N000961,OPP000444,P004,0,False,nodal_b
N000962,OPP000444,P215,1,False,plain
N000963,OPP000444,P207,2,True,plain
N000964,OPP000444,P006,3,False,nodal_b
N000965,OPP000445,P094,0,False,plain
N000966,OPP000446,P005,0,False,nodal_a
N000967,OPP000447,P005,0,False,nodal_a
N000968,OPP000448,P181,0,False,plain
N000969,OPP000449,P094,0,False,plain
N000970,OPP000449,P158,1,True,shouty
N000971,OPP000449,P001,2,True,nodal_a
N000972,OPP000449,P136,3,True,html_ish
N000973,OPP000449,P180,4,True,legacy
N000974,OPP000450,P094,0,False,plain
N000975,OPP000450,P181,1,True,plain
N000976,OPP000450,P039,2,True,plain
N000977,OPP000451,P002,0,False,nodal_a
N000978,OPP000452,P020,0,False,plain
N000979,OPP000452,P209,1,True,terse
N000980,OPP000452,P199,2,True,plain
N000981,OPP000452,P037,3,False,terse
N000982,OPP000453,P102,0,False,plain
N000983,OPP000453,P003,1,True,nodal_b
N000984,OPP000454,P003,0,False,nodal_b
N000985,OPP000454,P006,1,False,nodal_b
N000986,OPP000454,P013,2,False,terse
N000987,OPP000455,P094,0,False,plain
N000988,OPP000455,P146,1,False,html_ish
N000989,OPP000456,P035,0,False,plain
N000990,OPP000457,P003,0,False,nodal_b
N000991,OPP000457,P002,1,True,nodal_a
N000992,OPP000458,P044,0,False,plain
N000993,OPP000458,P129,1,False,municipal
N000994,OPP000458,P003,2,False,nodal_b
N000995,OPP000458,P151,3,True,terse
N000996,OPP000459,P005,0,False,nodal_a
N000997,OPP000459,P071,1,False,html_ish
N000998,OPP000460,P241,0,False,plain
N000999,OPP000461,P189,0,False,plain
N001000,OPP000462,P167,0,False,municipal
N001001,OPP000463,P001,0,False,nodal_a
N001002,OPP000463,P006,1,False,nodal_b
N001003,OPP000463,P183,2,False,municipal
N001004,OPP000464,P002,0,False,nodal_a
N001005,OPP000464,P001,1,True,nodal_a
N001006,OPP000465,P046,0,False,terse
N001007,OPP000465,P181,1,False,plain
N001008,OPP000465,P001,2,True,nodal_a
N001009,OPP000465,P183,3,False,municipal
N001010,OPP000465,P005,4,False,nodal_a
N001011,OPP000465,P255,5,False,shouty
N001012,OPP000465,P006,6,False,nodal_b
N001013,OPP000466,P058,0,False,municipal
N001014,OPP000467,P002,0,False,nodal_a
N001015,OPP000468,P240,0,False,shouty
N001016,OPP000468,P221,1,True,terse
N001017,OPP000468,P094,2,False,plain
N001018,OPP000468,P080,3,False,shouty
N001019,OPP000468,P200,4,True,plain
N001020,OPP000469,P112,0,False,shouty
N001021,OPP000469,P228,1,False,html_ish
N001022,OPP000470,P026,0,False,municipal
N001023,OPP000470,P001,1,False,nodal_a
N001024,OPP000471,P200,0,False,plain
N001025,OPP000472,P005,0,False,nodal_a
N001026,OPP000473,P003,0,False,nodal_b
N001027,OPP000474,P061,0,False,html_ish
N001028,OPP000474,P189,1,True,plain
N001029,OPP000475,P106,0,False,plain
N001030,OPP000475,P044,1,True,plain
N001031,OPP000476,P001,0,False,nodal_a
N001032,OPP000477,P251,0,False,html_ish
N001033,OPP000478,P136,0,False,html_ish
N001034,OPP000479,P001,0,False,nodal_a
N001035,OPP000480,P006,0,False,nodal_b
N001036,OPP000481,P199,0,False,plain
N001037,OPP000482,P241,0,False,plain
N001038,OPP000483,P003,0,False,nodal_b
N001039,OPP000483,P255,1,True,shouty
N001040,OPP000484,P006,0,False,nodal_b
N001041,OPP000485,P094,0,False,plain
N001042,OPP000485,P255,1,False,shouty
N001043,OPP000485,P144,2,False,municipal
N001044,OPP000485,P001,3,False,nodal_a
N001045,OPP000485,P260,4,True,plain
N001046,OPP000486,P020,0,False,plain
N001047,OPP000487,P005,0,False,nodal_a
N001048,OPP000488,P227,0,False,plain
N001049,OPP000488,P004,1,False,nodal_b
N001050,OPP000489,P255,0,False,shouty
N001051,OPP000489,P195,1,False,html_ish
N001052,OPP000490,P094,0,False,plain
N001053,OPP000490,P056,1,False,html_ish
N001054,OPP000490,P002,2,True,nodal_a
N001055,OPP000490,P006,3,True,nodal_b
N001056,OPP000490,P001,4,True,nodal_a
N001057,OPP000491,P002,0,False,nodal_a
N001058,OPP000492,P006,0,False,nodal_b
N001059,OPP000492,P094,1,False,plain
N001060,OPP000492,P200,2,False,plain
N001061,OPP000492,P215,3,False,plain
N001062,OPP000492,P020,4,False,plain
N001063,OPP000492,P171,5,False,shouty
N001064,OPP000492,P005,6,False,nodal_a
N001065,OPP000493,P103,0,False,plain
N001066,OPP000493,P001,1,False,nodal_a
N001067,OPP000493,P241,2,False,plain
N001068,OPP000494,P094,0,False,plain
N001069,OPP000494,P240,1,True,shouty
N001070,OPP000494,P006,2,False,nodal_b
N001071,OPP000494,P181,3,True,plain
N001072,OPP000495,P005,0,False,nodal_a
N001073,OPP000496,P020,0,False,plain
N001074,OPP000496,P005,1,True,nodal_a
N001075,OPP000496,P006,2,False,nodal_b
N001076,OPP000496,P146,3,False,html_ish
N001077,OPP000496,P094,4,True,plain
N001078,OPP000496,P004,5,True,nodal_b
N001079,OPP000496,P181,6,False,plain
N001080,OPP000496,P073,7,False,shouty
N001081,OPP000497,P010,0,False,plain
N001082,OPP000498,P005,0,False,nodal_a
N001083,OPP000499,P181,0,False,plain
N001084,OPP000500,P002,0,False,nodal_a
N001085,OPP000500,P020,1,True,plain
N001086,OPP000500,P005,2,True,nodal_a
N001087,OPP000501,P006,0,False,nodal_b
N001088,OPP000502,P004,0,False,nodal_b
N001089,OPP000502,P168,1,False,municipal
N001090,OPP000502,P076,2,False,municipal
N001091,OPP000503,P094,0,False,plain
N001092,OPP000503,P020,1,True,plain
N001093,OPP000503,P002,2,True,nodal_a
N001094,OPP000504,P217,0,False,plain
N001095,OPP000504,P246,1,True,plain
N001096,OPP000505,P002,0,False,nodal_a
N001097,OPP000506,P240,0,False,shouty
N001098,OPP000506,P104,1,False,plain
N001099,OPP000506,P004,2,True,nodal_b
N001100,OPP000507,P005,0,False,nodal_a
N001101,OPP000507,P001,1,False,nodal_a
N001102,OPP000508,P005,0,False,nodal_a
N001103,OPP000509,P240,0,False,shouty
N001104,OPP000509,P063,1,False,shouty
N001105,OPP000509,P002,2,False,nodal_a
N001106,OPP000509,P094,3,False,plain
N001107,OPP000509,P006,4,False,nodal_b
N001108,OPP000510,P094,0,False,plain
N001109,OPP000511,P094,0,False,plain
N001110,OPP000512,P225,0,False,municipal
N001111,OPP000512,P005,1,True,nodal_a
N001112,OPP000512,P232,2,False,plain
N001113,OPP000513,P020,0,False,plain
N001114,OPP000514,P001,0,False,nodal_a
N001115,OPP000515,P001,0,False,nodal_a
N001116,OPP000515,P088,1,True,plain
N001117,OPP000515,P094,2,False,plain
N001118,OPP000516,P129,0,False,municipal
N001119,OPP000516,P122,1,False,shouty
N001120,OPP000516,P240,2,False,shouty
N001121,OPP000516,P020,3,False,plain
N001122,OPP000516,P182,4,False,plain
N001123,OPP000517,P094,0,False,plain
N001124,OPP000517,P217,1,True,plain
N001125,OPP000517,P006,2,True,nodal_b
N001126,OPP000518,P131,0,False,legacy
N001127,OPP000519,P122,0,False,shouty
N001128,OPP000520,P136,0,False,html_ish
N001129,OPP000520,P046,1,False,terse
N001130,OPP000520,P020,2,True,plain
N001131,OPP000520,P207,3,True,plain
N001132,OPP000520,P002,4,True,nodal_a
N001133,OPP000520,P094,5,False,plain
N001134,OPP000520,P003,6,True,nodal_b
N001135,OPP000521,P001,0,False,nodal_a
N001136,OPP000522,P180,0,False,legacy
N001137,OPP000523,P225,0,False,municipal
N001138,OPP000524,P004,0,False,nodal_b
N001139,OPP000525,P229,0,False,html_ish
N001140,OPP000526,P003,0,False,nodal_b
N001141,OPP000526,P141,1,False,municipal
N001142,OPP000526,P107,2,True,terse
N001143,OPP000526,P004,3,False,nodal_b
N001144,OPP000527,P181,0,False,plain
N001145,OPP000528,P002,0,False,nodal_a
N001146,OPP000529,P151,0,False,terse
N001147,OPP000530,P035,0,False,plain
N001148,OPP000530,P020,1,False,plain
N001149,OPP000531,P182,0,False,plain
N001150,OPP000532,P232,0,False,plain
N001151,OPP000533,P020,0,False,plain
N001152,OPP000534,P181,0,False,plain
N001153,OPP000535,P001,0,False,nodal_a
N001154,OPP000536,P240,0,False,shouty
N001155,OPP000537,P088,0,False,plain
N001156,OPP000537,P005,1,True,nodal_a
N001157,OPP000537,P094,2,True,plain
N001158,OPP000537,P003,3,False,nodal_b
N001159,OPP000537,P189,4,True,plain
N001160,OPP000537,P004,5,True,nodal_b
N001161,OPP000537,P006,6,True,nodal_b
N001162,OPP000538,P001,0,False,nodal_a
N001163,OPP000539,P207,0,False,plain
N001164,OPP000539,P003,1,False,nodal_b
N001165,OPP000539,P133,2,False,plain
N001166,OPP000540,P004,0,False,nodal_b
N001167,OPP000541,P044,0,False,plain
N001168,OPP000541,P253,1,True,html_ish
N001169,OPP000542,P002,0,False,nodal_a
N001170,OPP000542,P146,1,False,html_ish
N001171,OPP000542,P006,2,True,nodal_b
N001172,OPP000543,P137,0,False,html_ish
N001173,OPP000544,P004,0,False,nodal_b
N001174,OPP000544,P188,1,True,plain
N001175,OPP000545,P057,0,False,municipal
N001176,OPP000546,P232,0,False,plain
N001177,OPP000547,P094,0,False,plain
N001178,OPP000548,P094,0,False,plain
N001179,OPP000549,P005,0,False,nodal_a
N001180,OPP000550,P006,0,False,nodal_b
N001181,OPP000550,P235,1,False,municipal
N001182,OPP000550,P241,2,False,plain
N001183,OPP000551,P172,0,False,municipal
N001184,OPP000551,P073,1,True,shouty
N001185,OPP000551,P006,2,True,nodal_b
N001186,OPP000551,P227,3,False,plain
N001187,OPP000552,P053,0,False,municipal
N001188,OPP000553,P175,0,False,plain
N001189,OPP000554,P026,0,False,municipal
N001190,OPP000554,P192,1,True,legacy
N001191,OPP000555,P001,0,False,nodal_a
N001192,OPP000555,P063,1,False,shouty
N001193,OPP000556,P020,0,False,plain
N001194,OPP000557,P240,0,False,shouty
N001195,OPP000557,P094,1,True,plain
N001196,OPP000558,P002,0,False,nodal_a
N001197,OPP000558,P001,1,False,nodal_a
N001198,OPP000558,P006,2,True,nodal_b
N001199,OPP000559,P003,0,False,nodal_b
N001200,OPP000559,P005,1,False,nodal_a
N001201,OPP000560,P005,0,False,nodal_a
N001202,OPP000561,P044,0,False,plain
N001203,OPP000562,P094,0,False,plain
N001204,OPP000563,P003,0,False,nodal_b
N001205,OPP000563,P228,1,True,html_ish
N001206,OPP000564,P006,0,False,nodal_b
N001207,OPP000564,P015,1,False,terse
N001208,OPP000564,P001,2,False,nodal_a
N001209,OPP000565,P136,0,False,html_ish
N001210,OPP000566,P094,0,False,plain
N001211,OPP000567,P181,0,False,plain
N001212,OPP000567,P006,1,False,nodal_b
N001213,OPP000567,P002,2,False,nodal_a
N001214,OPP000568,P002,0,False,nodal_a
N001215,OPP000569,P240,0,False,shouty
N001216,OPP000570,P001,0,False,nodal_a
N001217,OPP000570,P057,1,False,municipal
N001218,OPP000570,P013,2,True,terse
N001219,OPP000570,P136,3,True,html_ish
N001220,OPP000570,P094,4,False,plain
N001221,OPP000570,P006,5,False,nodal_b
N001222,OPP000570,P005,6,True,nodal_a
N001223,OPP000571,P003,0,False,nodal_b
N001224,OPP000571,P094,1,True,plain
N001225,OPP000571,P236,2,True,plain
N001226,OPP000572,P001,0,False,nodal_a
N001227,OPP000573,P227,0,False,plain
N001228,OPP000574,P004,0,False,nodal_b
N001229,OPP000575,P094,0,False,plain
N001230,OPP000576,P098,0,False,municipal
N001231,OPP000576,P005,1,True,nodal_a
N001232,OPP000577,P006,0,False,nodal_b
N001233,OPP000577,P094,1,False,plain
N001234,OPP000578,P240,0,False,shouty
N001235,OPP000578,P183,1,False,municipal
N001236,OPP000578,P005,2,True,nodal_a
N001237,OPP000579,P004,0,False,nodal_b
N001238,OPP000579,P001,1,False,nodal_a
N001239,OPP000579,P260,2,True,plain
N001240,OPP000580,P005,0,False,nodal_a
N001241,OPP000581,P020,0,False,plain
N001242,OPP000581,P005,1,False,nodal_a
N001243,OPP000581,P002,2,True,nodal_a
N001244,OPP000582,P001,0,False,nodal_a
N001245,OPP000582,P094,1,True,plain
N001246,OPP000583,P179,0,False,html_ish
N001247,OPP000583,P197,1,False,plain
N001248,OPP000583,P003,2,False,nodal_b
N001249,OPP000584,P094,0,False,plain
N001250,OPP000585,P020,0,False,plain
N001251,OPP000585,P181,1,False,plain
N001252,OPP000586,P001,0,False,nodal_a
N001253,OPP000587,P219,0,False,plain
N001254,OPP000588,P006,0,False,nodal_b
N001255,OPP000589,P191,0,False,plain
N001256,OPP000590,P236,0,False,plain
N001257,OPP000590,P002,1,True,nodal_a
N001258,OPP000591,P137,0,False,html_ish
N001259,OPP000591,P246,1,False,plain
N001260,OPP000591,P001,2,False,nodal_a
N001261,OPP000591,P240,3,False,shouty
N001262,OPP000591,P007,4,False,plain
N001263,OPP000592,P004,0,False,nodal_b
N001264,OPP000593,P114,0,False,terse
N001265,OPP000593,P211,1,False,shouty
N001266,OPP000593,P238,2,True,plain
N001267,OPP000593,P094,3,True,plain
N001268,OPP000593,P004,4,True,nodal_b
N001269,OPP000593,P020,5,False,plain
N001270,OPP000593,P044,6,False,plain
N001271,OPP000594,P174,0,False,municipal
N001272,OPP000594,P002,1,False,nodal_a
N001273,OPP000594,P116,2,True,shouty
N001274,OPP000594,P240,3,False,shouty
N001275,OPP000594,P005,4,False,nodal_a
N001276,OPP000594,P094,5,False,plain
N001277,OPP000594,P228,6,True,html_ish
N001278,OPP000595,P094,0,False,plain
N001279,OPP000596,P001,0,False,nodal_a
N001280,OPP000596,P002,1,True,nodal_a
N001281,OPP000597,P094,0,False,plain
N001282,OPP000598,P001,0,False,nodal_a
N001283,OPP000599,P181,0,False,plain
N001284,OPP000599,P002,1,True,nodal_a
N001285,OPP000599,P001,2,False,nodal_a
N001286,OPP000600,P003,0,False,nodal_b
N001287,OPP000600,P002,1,False,nodal_a
N001288,OPP000601,P005,0,False,nodal_a
N001289,OPP000602,P005,0,False,nodal_a
N001290,OPP000602,P094,1,False,plain
N001291,OPP000602,P191,2,True,plain
N001292,OPP000603,P001,0,False,nodal_a
N001293,OPP000603,P094,1,True,plain
N001294,OPP000604,P003,0,False,nodal_b
N001295,OPP000605,P020,0,False,plain
N001296,OPP000605,P004,1,False,nodal_b
N001297,OPP000605,P005,2,False,nodal_a
N001298,OPP000606,P006,0,False,nodal_b
N001299,OPP000607,P006,0,False,nodal_b
N001300,OPP000608,P106,0,False,plain
N001301,OPP000608,P098,1,True,municipal
N001302,OPP000609,P005,0,False,nodal_a
N001303,OPP000609,P002,1,False,nodal_a
N001304,OPP000609,P048,2,False,html_ish
N001305,OPP000609,P166,3,False,html_ish
N001306,OPP000609,P094,4,False,plain
N001307,OPP000609,P167,5,True,municipal
N001308,OPP000610,P257,0,False,html_ish
N001309,OPP000610,P004,1,True,nodal_b
N001310,OPP000610,P005,2,False,nodal_a
N001311,OPP000611,P243,0,False,municipal
N001312,OPP000611,P235,1,False,municipal
N001313,OPP000612,P233,0,False,terse
N001314,OPP000612,P005,1,True,nodal_a
N001315,OPP000613,P183,0,False,municipal
N001316,OPP000614,P004,0,False,nodal_b
N001317,OPP000615,P240,0,False,shouty
N001318,OPP000615,P020,1,False,plain
N001319,OPP000616,P192,0,False,legacy
N001320,OPP000617,P062,0,False,municipal
N001321,OPP000617,P006,1,False,nodal_b
N001322,OPP000617,P094,2,False,plain
N001323,OPP000618,P013,0,False,terse
N001324,OPP000619,P094,0,False,plain
N001325,OPP000619,P222,1,False,plain
N001326,OPP000620,P002,0,False,nodal_a
N001327,OPP000620,P006,1,False,nodal_b
N001328,OPP000620,P183,2,False,municipal
N001329,OPP000621,P006,0,False,nodal_b
N001330,OPP000622,P004,0,False,nodal_b
N001331,OPP000623,P073,0,False,shouty
N001332,OPP000623,P006,1,True,nodal_b
N001333,OPP000624,P002,0,False,nodal_a
N001334,OPP000624,P006,1,True,nodal_b
N001335,OPP000624,P005,2,True,nodal_a
N001336,OPP000624,P020,3,False,plain
N001337,OPP000625,P181,0,False,plain
N001338,OPP000626,P094,0,False,plain
N001339,OPP000626,P004,1,True,nodal_b
N001340,OPP000626,P044,2,False,plain
N001341,OPP000627,P225,0,False,municipal
N001342,OPP000627,P057,1,True,municipal
N001343,OPP000627,P046,2,False,terse
N001344,OPP000627,P106,3,False,plain
N001345,OPP000628,P003,0,False,nodal_b
N001346,OPP000628,P148,1,False,html_ish
N001347,OPP000628,P088,2,True,plain
N001348,OPP000629,P220,0,False,html_ish
N001349,OPP000630,P002,0,False,nodal_a
N001350,OPP000630,P003,1,False,nodal_b
N001351,OPP000630,P240,2,False,shouty
N001352,OPP000631,P003,0,False,nodal_b
N001353,OPP000632,P094,0,False,plain
N001354,OPP000633,P003,0,False,nodal_b
N001355,OPP000633,P238,1,True,plain
N001356,OPP000634,P021,0,False,municipal
N001357,OPP000634,P148,1,True,html_ish
N001358,OPP000634,P094,2,True,plain
N001359,OPP000635,P031,0,False,shouty
N001360,OPP000635,P094,1,True,plain
N001361,OPP000635,P020,2,True,plain
N001362,OPP000636,P136,0,False,html_ish
N001363,OPP000636,P002,1,False,nodal_a
N001364,OPP000637,P240,0,False,shouty
N001365,OPP000637,P048,1,False,html_ish
N001366,OPP000637,P189,2,False,plain
N001367,OPP000637,P094,3,False,plain
N001368,OPP000638,P094,0,False,plain
N001369,OPP000638,P003,1,True,nodal_b
N001370,OPP000638,P004,2,False,nodal_b
N001371,OPP000638,P005,3,False,nodal_a
N001372,OPP000639,P174,0,False,municipal
N001373,OPP000639,P005,1,False,nodal_a
N001374,OPP000640,P004,0,False,nodal_b
N001375,OPP000641,P004,0,False,nodal_b
N001376,OPP000642,P003,0,False,nodal_b
N001377,OPP000642,P229,1,True,html_ish
N001378,OPP000643,P094,0,False,plain
N001379,OPP000644,P255,0,False,shouty
N001380,OPP000644,P094,1,False,plain
N001381,OPP000645,P056,0,False,html_ish
N001382,OPP000645,P227,1,True,plain
N001383,OPP000645,P003,2,False,nodal_b
N001384,OPP000645,P006,3,False,nodal_b
N001385,OPP000645,P240,4,False,shouty
N001386,OPP000645,P044,5,True,plain
N001387,OPP000646,P191,0,False,plain
N001388,OPP000647,P013,0,False,terse
N001389,OPP000648,P004,0,False,nodal_b
N001390,OPP000648,P088,1,False,plain
N001391,OPP000648,P013,2,False,terse
N001392,OPP000648,P002,3,True,nodal_a
N001393,OPP000648,P094,4,True,plain
N001394,OPP000648,P003,5,False,nodal_b
N001395,OPP000649,P001,0,False,nodal_a
N001396,OPP000650,P001,0,False,nodal_a
N001397,OPP000651,P168,0,False,municipal
N001398,OPP000651,P046,1,True,terse
N001399,OPP000651,P004,2,True,nodal_b
N001400,OPP000651,P094,3,True,plain
N001401,OPP000651,P184,4,True,legacy
N001402,OPP000652,P005,0,False,nodal_a
N001403,OPP000653,P002,0,False,nodal_a
N001404,OPP000653,P020,1,True,plain
N001405,OPP000653,P122,2,True,shouty
N001406,OPP000654,P002,0,False,nodal_a
N001407,OPP000655,P001,0,False,nodal_a
N001408,OPP000655,P056,1,False,html_ish
N001409,OPP000655,P189,2,False,plain
N001410,OPP000656,P088,0,False,plain
N001411,OPP000657,P223,0,False,plain
N001412,OPP000658,P073,0,False,shouty
N001413,OPP000658,P156,1,False,html_ish
N001414,OPP000658,P094,2,False,plain
N001415,OPP000658,P006,3,False,nodal_b
N001416,OPP000659,P181,0,False,plain
N001417,OPP000659,P003,1,True,nodal_b
N001418,OPP000659,P020,2,True,plain
N001419,OPP000660,P006,0,False,nodal_b
N001420,OPP000661,P003,0,False,nodal_b
N001421,OPP000662,P005,0,False,nodal_a
N001422,OPP000662,P142,1,False,terse
N001423,OPP000662,P073,2,False,shouty
N001424,OPP000662,P003,3,True,nodal_b
N001425,OPP000662,P102,4,True,plain
N001426,OPP000663,P141,0,False,municipal
N001427,OPP000664,P094,0,False,plain
N001428,OPP000665,P003,0,False,nodal_b
N001429,OPP000666,P004,0,False,nodal_b
N001430,OPP000667,P246,0,False,plain
N001431,OPP000668,P044,0,False,plain
N001432,OPP000669,P003,0,False,nodal_b
N001433,OPP000669,P004,1,False,nodal_b
N001434,OPP000669,P044,2,False,plain
N001435,OPP000669,P088,3,True,plain
N001436,OPP000670,P004,0,False,nodal_b
N001437,OPP000670,P167,1,True,municipal
N001438,OPP000671,P094,0,False,plain
N001439,OPP000672,P003,0,False,nodal_b
N001440,OPP000673,P240,0,False,shouty
N001441,OPP000673,P094,1,True,plain
N001442,OPP000673,P005,2,False,nodal_a
N001443,OPP000673,P003,3,True,nodal_b
N001444,OPP000674,P020,0,False,plain
N001445,OPP000675,P094,0,False,plain
N001446,OPP000675,P006,1,False,nodal_b
N001447,OPP000675,P060,2,False,plain
N001448,OPP000675,P153,3,False,terse
N001449,OPP000675,P046,4,False,terse
N001450,OPP000676,P181,0,False,plain
N001451,OPP000677,P064,0,False,plain
N001452,OPP000678,P006,0,False,nodal_b
N001453,OPP000679,P005,0,False,nodal_a
N001454,OPP000680,P004,0,False,nodal_b
N001455,OPP000681,P051,0,False,html_ish
N001456,OPP000682,P002,0,False,nodal_a
N001457,OPP000683,P071,0,False,html_ish
N001458,OPP000684,P094,0,False,plain
N001459,OPP000685,P001,0,False,nodal_a
N001460,OPP000686,P020,0,False,plain
N001461,OPP000687,P099,0,False,html_ish
N001462,OPP000687,P044,1,False,plain
N001463,OPP000687,P073,2,True,shouty
N001464,OPP000688,P094,0,False,plain
N001465,OPP000688,P144,1,True,municipal
N001466,OPP000689,P170,0,False,plain
N001467,OPP000689,P181,1,False,plain
N001468,OPP000690,P020,0,False,plain
N001469,OPP000690,P004,1,True,nodal_b
N001470,OPP000691,P094,0,False,plain
N001471,OPP000692,P044,0,False,plain
N001472,OPP000692,P183,1,False,municipal
N001473,OPP000693,P001,0,False,nodal_a
N001474,OPP000694,P010,0,False,plain
N001475,OPP000695,P004,0,False,nodal_b
N001476,OPP000696,P004,0,False,nodal_b
N001477,OPP000697,P087,0,False,plain
N001478,OPP000698,P002,0,False,nodal_a
N001479,OPP000699,P221,0,False,terse
N001480,OPP000700,P020,0,False,plain
N001481,OPP000701,P004,0,False,nodal_b
N001482,OPP000702,P020,0,False,plain
N001483,OPP000702,P225,1,True,municipal
N001484,OPP000703,P003,0,False,nodal_b
N001485,OPP000703,P240,1,True,shouty
N001486,OPP000703,P020,2,False,plain
N001487,OPP000703,P127,3,False,shouty
N001488,OPP000703,P062,4,False,municipal
N001489,OPP000704,P094,0,False,plain
N001490,OPP000704,P143,1,True,html_ish
N001491,OPP000704,P003,2,False,nodal_b
N001492,OPP000705,P006,0,False,nodal_b
N001493,OPP000705,P003,1,True,nodal_b
N001494,OPP000706,P094,0,False,plain
N001495,OPP000707,P244,0,False,terse
N001496,OPP000708,P146,0,False,html_ish
N001497,OPP000709,P003,0,False,nodal_b
N001498,OPP000709,P001,1,False,nodal_a
N001499,OPP000709,P006,2,False,nodal_b
N001500,OPP000710,P094,0,False,plain
N001501,OPP000710,P211,1,True,shouty
N001502,OPP000710,P158,2,True,shouty
N001503,OPP000710,P001,3,False,nodal_a
N001504,OPP000710,P200,4,True,plain
N001505,OPP000710,P260,5,True,plain
N001506,OPP000710,P221,6,True,terse
N001507,OPP000710,P014,7,True,html_ish
N001508,OPP000711,P006,0,False,nodal_b
N001509,OPP000711,P094,1,False,plain
N001510,OPP000711,P002,2,True,nodal_a
N001511,OPP000711,P229,3,True,html_ish
N001512,OPP000711,P181,4,True,plain
N001513,OPP000712,P147,0,False,municipal
N001514,OPP000713,P207,0,False,plain
N001515,OPP000714,P207,0,False,plain
N001516,OPP000715,P094,0,False,plain
N001517,OPP000715,P001,1,False,nodal_a
N001518,OPP000715,P006,2,True,nodal_b
N001519,OPP000716,P094,0,False,plain
N001520,OPP000716,P003,1,False,nodal_b
N001521,OPP000717,P005,0,False,nodal_a
N001522,OPP000717,P001,1,True,nodal_a
N001523,OPP000717,P006,2,False,nodal_b
N001524,OPP000717,P094,3,True,plain
N001525,OPP000718,P004,0,False,nodal_b
N001526,OPP000719,P094,0,False,plain
N001527,OPP000720,P094,0,False,plain
N001528,OPP000720,P001,1,False,nodal_a
N001529,OPP000721,P172,0,False,municipal
N001530,OPP000721,P094,1,True,plain
N001531,OPP000721,P181,2,False,plain
N001532,OPP000721,P041,3,True,html_ish
N001533,OPP000722,P136,0,False,html_ish
N001534,OPP000722,P069,1,False,html_ish
N001535,OPP000722,P094,2,False,plain
N001536,OPP000722,P060,3,False,plain
N001537,OPP000723,P097,0,False,html_ish
N001538,OPP000724,P003,0,False,nodal_b
N001539,OPP000725,P044,0,False,plain
N001540,OPP000726,P001,0,False,nodal_a
N001541,OPP000726,P044,1,True,plain
N001542,OPP000726,P027,2,False,plain
N001543,OPP000727,P221,0,False,terse
N001544,OPP000727,P225,1,False,municipal
N001545,OPP000728,P094,0,False,plain
N001546,OPP000728,P003,1,True,nodal_b
N001547,OPP000728,P120,2,False,legacy
N001548,OPP000728,P004,3,False,nodal_b
N001549,OPP000729,P003,0,False,nodal_b
N001550,OPP000730,P013,0,False,terse
N001551,OPP000730,P004,1,False,nodal_b
N001552,OPP000730,P002,2,False,nodal_a
N001553,OPP000731,P091,0,False,municipal
N001554,OPP000732,P005,0,False,nodal_a
N001555,OPP000733,P003,0,False,nodal_b
N001556,OPP000733,P227,1,True,plain
N001557,OPP000733,P094,2,False,plain
N001558,OPP000734,P026,0,False,municipal
N001559,OPP000734,P002,1,False,nodal_a
N001560,OPP000735,P044,0,False,plain
N001561,OPP000736,P005,0,False,nodal_a
N001562,OPP000737,P002,0,False,nodal_a
N001563,OPP000738,P002,0,False,nodal_a
N001564,OPP000739,P005,0,False,nodal_a
N001565,OPP000739,P240,1,True,shouty
N001566,OPP000739,P255,2,True,shouty
N001567,OPP000740,P133,0,False,plain
N001568,OPP000741,P003,0,False,nodal_b
N001569,OPP000742,P120,0,False,legacy
N001570,OPP000742,P094,1,False,plain
N001571,OPP000742,P240,2,False,shouty
N001572,OPP000742,P096,3,True,html_ish
N001573,OPP000743,P238,0,False,plain
N001574,OPP000743,P175,1,True,plain
N001575,OPP000744,P094,0,False,plain
N001576,OPP000745,P005,0,False,nodal_a
N001577,OPP000745,P002,1,True,nodal_a
N001578,OPP000745,P003,2,False,nodal_b
N001579,OPP000745,P242,3,False,shouty
N001580,OPP000745,P006,4,True,nodal_b
N001581,OPP000745,P021,5,False,municipal
N001582,OPP000746,P094,0,False,plain
N001583,OPP000747,P003,0,False,nodal_b
N001584,OPP000747,P222,1,True,plain
N001585,OPP000748,P138,0,False,legacy
N001586,OPP000749,P003,0,False,nodal_b
N001587,OPP000750,P041,0,False,html_ish
N001588,OPP000750,P143,1,True,html_ish
N001589,OPP000751,P002,0,False,nodal_a
N001590,OPP000752,P001,0,False,nodal_a
N001591,OPP000752,P094,1,False,plain
N001592,OPP000752,P003,2,False,nodal_b
N001593,OPP000752,P005,3,True,nodal_a
N001594,OPP000753,P014,0,False,html_ish
N001595,OPP000753,P003,1,True,nodal_b
N001596,OPP000753,P106,2,False,plain
N001597,OPP000753,P005,3,True,nodal_a
N001598,OPP000753,P094,4,False,plain
N001599,OPP000753,P049,5,False,municipal
N001600,OPP000753,P167,6,False,municipal
N001601,OPP000754,P002,0,False,nodal_a
N001602,OPP000755,P006,0,False,nodal_b
N001603,OPP000756,P006,0,False,nodal_b
N001604,OPP000756,P240,1,False,shouty
N001605,OPP000757,P001,0,False,nodal_a
N001606,OPP000757,P005,1,True,nodal_a
N001607,OPP000757,P013,2,False,terse
N001608,OPP000758,P004,0,False,nodal_b
N001609,OPP000759,P194,0,False,municipal
N001610,OPP000759,P094,1,False,plain
N001611,OPP000760,P023,0,False,plain
N001612,OPP000760,P134,1,False,plain
N001613,OPP000760,P013,2,True,terse
N001614,OPP000760,P001,3,False,nodal_a
N001615,OPP000761,P240,0,False,shouty
N001616,OPP000762,P004,0,False,nodal_b
N001617,OPP000762,P120,1,False,legacy
N001618,OPP000762,P005,2,False,nodal_a
N001619,OPP000763,P094,0,False,plain
N001620,OPP000763,P181,1,True,plain
N001621,OPP000763,P044,2,False,plain
N001622,OPP000763,P071,3,False,html_ish
N001623,OPP000764,P002,0,False,nodal_a
N001624,OPP000764,P244,1,False,terse
N001625,OPP000764,P209,2,False,terse
N001626,OPP000765,P179,0,False,html_ish
N001627,OPP000766,P240,0,False,shouty
N001628,OPP000767,P094,0,False,plain
N001629,OPP000767,P210,1,False,plain
N001630,OPP000768,P020,0,False,plain
N001631,OPP000769,P053,0,False,municipal
N001632,OPP000770,P013,0,False,terse
N001633,OPP000770,P221,1,True,terse
N001634,OPP000770,P094,2,True,plain
N001635,OPP000771,P038,0,False,plain
N001636,OPP000772,P020,0,False,plain
N001637,OPP000773,P221,0,False,terse
N001638,OPP000774,P136,0,False,html_ish
N001639,OPP000774,P238,1,False,plain
N001640,OPP000774,P096,2,True,html_ish
N001641,OPP000775,P094,0,False,plain
N001642,OPP000776,P087,0,False,plain
N001643,OPP000776,P242,1,True,shouty
N001644,OPP000777,P002,0,False,nodal_a
N001645,OPP000777,P019,1,False,municipal
N001646,OPP000777,P094,2,True,plain
N001647,OPP000777,P004,3,False,nodal_b
N001648,OPP000778,P094,0,False,plain
N001649,OPP000779,P094,0,False,plain
N001650,OPP000780,P094,0,False,plain
N001651,OPP000780,P001,1,True,nodal_a
N001652,OPP000780,P004,2,False,nodal_b
N001653,OPP000781,P006,0,False,nodal_b
N001654,OPP000781,P096,1,True,html_ish
N001655,OPP000782,P122,0,False,shouty
N001656,OPP000782,P004,1,True,nodal_b
N001657,OPP000782,P129,2,True,municipal
N001658,OPP000782,P136,3,True,html_ish
N001659,OPP000782,P232,4,False,plain
N001660,OPP000783,P232,0,False,plain
N001661,OPP000783,P044,1,True,plain
N001662,OPP000783,P215,2,False,plain
N001663,OPP000783,P053,3,False,municipal
N001664,OPP000783,P071,4,False,html_ish
N001665,OPP000783,P002,5,True,nodal_a
N001666,OPP000783,P003,6,False,nodal_b
N001667,OPP000784,P044,0,False,plain
N001668,OPP000784,P002,1,False,nodal_a
N001669,OPP000784,P097,2,False,html_ish
N001670,OPP000784,P003,3,False,nodal_b
N001671,OPP000785,P004,0,False,nodal_b
N001672,OPP000786,P003,0,False,nodal_b
N001673,OPP000787,P003,0,False,nodal_b
N001674,OPP000788,P042,0,False,plain
N001675,OPP000788,P003,1,False,nodal_b
N001676,OPP000789,P227,0,False,plain
N001677,OPP000790,P003,0,False,nodal_b
N001678,OPP000791,P003,0,False,nodal_b
N001679,OPP000791,P005,1,True,nodal_a
N001680,OPP000792,P004,0,False,nodal_b
N001681,OPP000793,P003,0,False,nodal_b
N001682,OPP000794,P217,0,False,plain
N001683,OPP000795,P004,0,False,nodal_b
N001684,OPP000796,P020,0,False,plain
N001685,OPP000797,P002,0,False,nodal_a
N001686,OPP000797,P094,1,False,plain
N001687,OPP000797,P006,2,False,nodal_b
N001688,OPP000798,P094,0,False,plain
N001689,OPP000799,P094,0,False,plain
N001690,OPP000800,P003,0,False,nodal_b
N001691,OPP000801,P006,0,False,nodal_b
N001692,OPP000802,P215,0,False,plain
N001693,OPP000802,P106,1,True,plain
N001694,OPP000803,P001,0,False,nodal_a
N001695,OPP000804,P094,0,False,plain
N001696,OPP000804,P044,1,True,plain
N001697,OPP000804,P001,2,False,nodal_a
N001698,OPP000804,P005,3,False,nodal_a
N001699,OPP000804,P003,4,True,nodal_b
N001700,OPP000804,P030,5,False,municipal
N001701,OPP000805,P146,0,False,html_ish
N001702,OPP000806,P006,0,False,nodal_b
N001703,OPP000807,P004,0,False,nodal_b
N001704,OPP000808,P002,0,False,nodal_a
N001705,OPP000808,P020,1,False,plain
N001706,OPP000809,P094,0,False,plain
N001707,OPP000809,P099,1,True,html_ish
N001708,OPP000810,P001,0,False,nodal_a
N001709,OPP000810,P242,1,True,shouty
N001710,OPP000810,P005,2,False,nodal_a
N001711,OPP000811,P003,0,False,nodal_b
N001712,OPP000812,P001,0,False,nodal_a
N001713,OPP000813,P240,0,False,shouty
N001714,OPP000814,P001,0,False,nodal_a
N001715,OPP000815,P053,0,False,municipal
N001716,OPP000816,P003,0,False,nodal_b
N001717,OPP000816,P240,1,True,shouty
N001718,OPP000817,P094,0,False,plain
N001719,OPP000818,P094,0,False,plain
N001720,OPP000818,P003,1,False,nodal_b
N001721,OPP000819,P001,0,False,nodal_a
N001722,OPP000820,P006,0,False,nodal_b
N001723,OPP000821,P003,0,False,nodal_b
N001724,OPP000821,P122,1,False,shouty
N001725,OPP000821,P001,2,False,nodal_a
N001726,OPP000821,P016,3,True,terse
N001727,OPP000822,P084,0,False,terse
N001728,OPP000822,P003,1,True,nodal_b
N001729,OPP000822,P002,2,True,nodal_a
N001730,OPP000822,P020,3,True,plain
N001731,OPP000823,P094,0,False,plain
N001732,OPP000823,P203,1,False,municipal
N001733,OPP000824,P248,0,False,legacy
N001734,OPP000824,P147,1,False,municipal
N001735,OPP000825,P006,0,False,nodal_b
N001736,OPP000825,P020,1,True,plain
N001737,OPP000825,P003,2,False,nodal_b
N001738,OPP000825,P228,3,False,html_ish
N001739,OPP000825,P094,4,False,plain
N001740,OPP000825,P047,5,True,municipal
N001741,OPP000826,P005,0,False,nodal_a
N001742,OPP000826,P094,1,True,plain
N001743,OPP000826,P020,2,False,plain
N001744,OPP000826,P089,3,True,html_ish
N001745,OPP000827,P005,0,False,nodal_a
N001746,OPP000827,P003,1,False,nodal_b
N001747,OPP000828,P004,0,False,nodal_b
N001748,OPP000829,P094,0,False,plain
N001749,OPP000829,P003,1,False,nodal_b
N001750,OPP000829,P227,2,False,plain
N001751,OPP000829,P096,3,True,html_ish
N001752,OPP000829,P240,4,True,shouty
N001753,OPP000830,P242,0,False,shouty
N001754,OPP000830,P094,1,True,plain
N001755,OPP000831,P005,0,False,nodal_a
N001756,OPP000832,P203,0,False,municipal
N001757,OPP000833,P235,0,False,municipal
N001758,OPP000833,P053,1,False,municipal
N001759,OPP000834,P006,0,False,nodal_b
N001760,OPP000835,P094,0,False,plain
N001761,OPP000835,P168,1,False,municipal
N001762,OPP000836,P004,0,False,nodal_b
N001763,OPP000837,P232,0,False,plain
N001764,OPP000837,P181,1,False,plain
N001765,OPP000837,P006,2,True,nodal_b
N001766,OPP000838,P023,0,False,plain
N001767,OPP000839,P005,0,False,nodal_a
N001768,OPP000839,P232,1,True,plain
N001769,OPP000840,P005,0,False,nodal_a
N001770,OPP000841,P047,0,False,municipal
N001771,OPP000842,P128,0,False,html_ish
N001772,OPP000843,P057,0,False,municipal
N001773,OPP000843,P235,1,False,municipal
N001774,OPP000844,P002,0,False,nodal_a
N001775,OPP000845,P195,0,False,html_ish
N001776,OPP000845,P003,1,True,nodal_b
N001777,OPP000845,P006,2,False,nodal_b
N001778,OPP000846,P027,0,False,plain
N001779,OPP000846,P231,1,False,plain
N001780,OPP000846,P094,2,True,plain
N001781,OPP000846,P097,3,True,html_ish
N001782,OPP000846,P037,4,True,terse
N001783,OPP000846,P005,5,False,nodal_a
N001784,OPP000846,P004,6,False,nodal_b
N001785,OPP000846,P003,7,False,nodal_b
N001786,OPP000847,P020,0,False,plain
N001787,OPP000847,P094,1,False,plain
N001788,OPP000847,P221,2,True,terse
N001789,OPP000847,P014,3,False,html_ish
N001790,OPP000848,P189,0,False,plain
N001791,OPP000848,P006,1,True,nodal_b
N001792,OPP000848,P073,2,False,shouty
N001793,OPP000848,P005,3,False,nodal_a
N001794,OPP000849,P098,0,False,municipal
N001795,OPP000850,P094,0,False,plain
N001796,OPP000851,P221,0,False,terse
N001797,OPP000852,P094,0,False,plain
N001798,OPP000853,P004,0,False,nodal_b
N001799,OPP000853,P240,1,False,shouty
N001800,OPP000853,P041,2,False,html_ish
N001801,OPP000853,P006,3,False,nodal_b
N001802,OPP000854,P097,0,False,html_ish
N001803,OPP000854,P181,1,False,plain
N001804,OPP000855,P002,0,False,nodal_a
N001805,OPP000855,P217,1,False,plain
N001806,OPP000855,P044,2,True,plain
N001807,OPP000855,P003,3,True,nodal_b
N001808,OPP000855,P094,4,False,plain
N001809,OPP000855,P026,5,False,municipal
N001810,OPP000856,P026,0,False,municipal
N001811,OPP000856,P001,1,False,nodal_a
N001812,OPP000857,P194,0,False,municipal
N001813,OPP000857,P138,1,True,legacy
N001814,OPP000857,P006,2,False,nodal_b
N001815,OPP000858,P096,0,False,html_ish
N001816,OPP000859,P003,0,False,nodal_b
N001817,OPP000860,P001,0,False,nodal_a
N001818,OPP000861,P240,0,False,shouty
N001819,OPP000862,P005,0,False,nodal_a
N001820,OPP000862,P238,1,True,plain
N001821,OPP000863,P006,0,False,nodal_b
N001822,OPP000863,P005,1,False,nodal_a
N001823,OPP000863,P072,2,True,html_ish
N001824,OPP000864,P005,0,False,nodal_a
N001825,OPP000865,P006,0,False,nodal_b
N001826,OPP000866,P005,0,False,nodal_a
N001827,OPP000866,P003,1,False,nodal_b
N001828,OPP000867,P228,0,False,html_ish
N001829,OPP000868,P094,0,False,plain
N001830,OPP000868,P196,1,True,html_ish
N001831,OPP000868,P006,2,False,nodal_b
N001832,OPP000869,P003,0,False,nodal_b
N001833,OPP000870,P003,0,False,nodal_b
N001834,OPP000870,P255,1,True,shouty
N001835,OPP000870,P002,2,True,nodal_a
N001836,OPP000870,P006,3,False,nodal_b
N001837,OPP000870,P190,4,False,html_ish
N001838,OPP000870,P094,5,True,plain
N001839,OPP000870,P098,6,True,municipal
N001840,OPP000870,P020,7,True,plain
N001841,OPP000871,P004,0,False,nodal_b
N001842,OPP000872,P006,0,False,nodal_b
N001843,OPP000872,P240,1,False,shouty
N001844,OPP000872,P013,2,True,terse
N001845,OPP000873,P001,0,False,nodal_a
N001846,OPP000874,P006,0,False,nodal_b
N001847,OPP000875,P231,0,False,plain
N001848,OPP000876,P006,0,False,nodal_b
N001849,OPP000877,P094,0,False,plain
N001850,OPP000877,P240,1,False,shouty
N001851,OPP000878,P003,0,False,nodal_b
N001852,OPP000879,P004,0,False,nodal_b
N001853,OPP000880,P020,0,False,plain
N001854,OPP000880,P001,1,False,nodal_a
N001855,OPP000880,P005,2,False,nodal_a
N001856,OPP000881,P094,0,False,plain
N001857,OPP000882,P001,0,False,nodal_a
N001858,OPP000882,P071,1,True,html_ish
N001859,OPP000882,P047,2,False,municipal
N001860,OPP000883,P094,0,False,plain
N001861,OPP000884,P081,0,False,municipal
N001862,OPP000885,P003,0,False,nodal_b
N001863,OPP000885,P005,1,True,nodal_a
N001864,OPP000886,P006,0,False,nodal_b
N001865,OPP000886,P214,1,True,plain
N001866,OPP000886,P002,2,False,nodal_a
N001867,OPP000886,P094,3,True,plain
N001868,OPP000886,P114,4,True,terse
N001869,OPP000887,P004,0,False,nodal_b
N001870,OPP000887,P020,1,True,plain
N001871,OPP000888,P240,0,False,shouty
N001872,OPP000889,P001,0,False,nodal_a
N001873,OPP000890,P094,0,False,plain
N001874,OPP000890,P251,1,True,html_ish
N001875,OPP000890,P006,2,False,nodal_b
N001876,OPP000891,P238,0,False,plain
N001877,OPP000892,P004,0,False,nodal_b
N001878,OPP000893,P003,0,False,nodal_b
N001879,OPP000894,P001,0,False,nodal_a
N001880,OPP000895,P005,0,False,nodal_a
N001881,OPP000895,P240,1,False,shouty
N001882,OPP000896,P215,0,False,plain
N001883,OPP000897,P003,0,False,nodal_b
N001884,OPP000898,P003,0,False,nodal_b
N001885,OPP000898,P250,1,False,html_ish
N001886,OPP000898,P145,2,False,terse
N001887,OPP000898,P240,3,False,shouty
N001888,OPP000899,P033,0,False,municipal
N001889,OPP000899,P001,1,False,nodal_a
N001890,OPP000900,P143,0,False,html_ish
N001891,OPP000901,P094,0,False,plain
N001892,OPP000902,P167,0,False,municipal
N001893,OPP000902,P249,1,False,plain
N001894,OPP000902,P232,2,False,plain
N001895,OPP000902,P142,3,True,terse
N001896,OPP000903,P215,0,False,plain
N001897,OPP000903,P003,1,True,nodal_b
N001898,OPP000903,P232,2,False,plain
N001899,OPP000903,P136,3,False,html_ish
N001900,OPP000903,P199,4,False,plain
N001901,OPP000904,P232,0,False,plain
N001902,OPP000904,P004,1,False,nodal_b
N001903,OPP000904,P094,2,True,plain
N001904,OPP000905,P255,0,False,shouty
N001905,OPP000906,P001,0,False,nodal_a
N001906,OPP000906,P094,1,False,plain
N001907,OPP000906,P172,2,True,municipal
N001908,OPP000907,P004,0,False,nodal_b
N001909,OPP000908,P004,0,False,nodal_b
N001910,OPP000909,P094,0,False,plain
N001911,OPP000910,P152,0,False,municipal
N001912,OPP000911,P002,0,False,nodal_a
N001913,OPP000911,P012,1,False,plain
N001914,OPP000912,P006,0,False,nodal_b
N001915,OPP000913,P232,0,False,plain
N001916,OPP000913,P012,1,False,plain
N001917,OPP000913,P054,2,True,plain
N001918,OPP000913,P002,3,True,nodal_a
N001919,OPP000913,P001,4,False,nodal_a
N001920,OPP000913,P216,5,True,html_ish
N001921,OPP000914,P215,0,False,plain
N001922,OPP000915,P101,0,False,plain
N001923,OPP000915,P003,1,True,nodal_b
N001924,OPP000915,P175,2,True,plain
N001925,OPP000916,P004,0,False,nodal_b
N001926,OPP000917,P001,0,False,nodal_a
N001927,OPP000917,P094,1,False,plain
N001928,OPP000917,P002,2,False,nodal_a
N001929,OPP000918,P006,0,False,nodal_b
N001930,OPP000919,P004,0,False,nodal_b
N001931,OPP000920,P005,0,False,nodal_a
N001932,OPP000920,P094,1,False,plain
N001933,OPP000920,P257,2,False,html_ish
N001934,OPP000920,P006,3,True,nodal_b
N001935,OPP000921,P005,0,False,nodal_a
N001936,OPP000921,P221,1,False,terse
N001937,OPP000921,P002,2,False,nodal_a
N001938,OPP000921,P094,3,False,plain
N001939,OPP000921,P053,4,True,municipal
N001940,OPP000922,P004,0,False,nodal_b
N001941,OPP000923,P221,0,False,terse
N001942,OPP000923,P240,1,False,shouty
N001943,OPP000923,P001,2,True,nodal_a
N001944,OPP000923,P005,3,False,nodal_a
N001945,OPP000923,P071,4,False,html_ish
N001946,OPP000924,P209,0,False,terse
N001947,OPP000925,P185,0,False,plain
N001948,OPP000925,P233,1,False,terse
N001949,OPP000925,P002,2,False,nodal_a
N001950,OPP000926,P002,0,False,nodal_a
N001951,OPP000927,P094,0,False,plain
N001952,OPP000928,P006,0,False,nodal_b
N001953,OPP000929,P004,0,False,nodal_b
N001954,OPP000929,P006,1,False,nodal_b
N001955,OPP000930,P006,0,False,nodal_b
N001956,OPP000931,P028,0,False,plain
N001957,OPP000932,P078,0,False,municipal
N001958,OPP000932,P246,1,False,plain
N001959,OPP000933,P041,0,False,html_ish
N001960,OPP000934,P094,0,False,plain
N001961,OPP000934,P005,1,False,nodal_a
N001962,OPP000934,P136,2,True,html_ish
N001963,OPP000934,P239,3,False,plain
N001964,OPP000935,P094,0,False,plain
N001965,OPP000935,P044,1,True,plain
N001966,OPP000936,P094,0,False,plain
N001967,OPP000936,P013,1,False,terse
N001968,OPP000936,P006,2,False,nodal_b
N001969,OPP000937,P094,0,False,plain
N001970,OPP000938,P246,0,False,plain
N001971,OPP000938,P004,1,True,nodal_b
N001972,OPP000939,P006,0,False,nodal_b
N001973,OPP000940,P021,0,False,municipal
N001974,OPP000941,P152,0,False,municipal
N001975,OPP000942,P006,0,False,nodal_b
N001976,OPP000943,P137,0,False,html_ish
N001977,OPP000944,P002,0,False,nodal_a
N001978,OPP000945,P002,0,False,nodal_a
N001979,OPP000946,P094,0,False,plain
N001980,OPP000946,P005,1,False,nodal_a
N001981,OPP000946,P145,2,False,terse
N001982,OPP000947,P094,0,False,plain
N001983,OPP000948,P131,0,False,legacy
N001984,OPP000948,P003,1,False,nodal_b
N001985,OPP000949,P094,0,False,plain
N001986,OPP000950,P201,0,False,legacy
N001987,OPP000951,P094,0,False,plain
N001988,OPP000952,P041,0,False,html_ish
N001989,OPP000953,P099,0,False,html_ish
N001990,OPP000953,P096,1,False,html_ish
N001991,OPP000954,P005,0,False,nodal_a
N001992,OPP000954,P013,1,True,terse
N001993,OPP000955,P094,0,False,plain
N001994,OPP000955,P029,1,False,plain
N001995,OPP000955,P005,2,True,nodal_a
N001996,OPP000955,P167,3,False,municipal
N001997,OPP000955,P044,4,True,plain
N001998,OPP000955,P020,5,False,plain
N001999,OPP000955,P227,6,True,plain
N002000,OPP000955,P173,7,False,legacy
N002001,OPP000955,P004,8,False,nodal_b
N002002,OPP000956,P005,0,False,nodal_a
N002003,OPP000957,P004,0,False,nodal_b
N002004,OPP000958,P238,0,False,plain
N002005,OPP000959,P094,0,False,plain
N002006,OPP000960,P240,0,False,shouty
N002007,OPP000960,P086,1,False,municipal
N002008,OPP000960,P026,2,False,municipal
N002009,OPP000960,P002,3,True,nodal_a
N002010,OPP000960,P257,4,True,html_ish
N002011,OPP000961,P003,0,False,nodal_b
N002012,OPP000961,P179,1,False,html_ish
N002013,OPP000961,P200,2,False,plain
N002014,OPP000961,P116,3,False,shouty
N002015,OPP000961,P004,4,True,nodal_b
N002016,OPP000961,P094,5,True,plain
N002017,OPP000962,P004,0,False,nodal_b
N002018,OPP000963,P001,0,False,nodal_a
N002019,OPP000963,P006,1,False,nodal_b
N002020,OPP000963,P020,2,False,plain
N002021,OPP000963,P002,3,False,nodal_a
N002022,OPP000963,P047,4,True,municipal
N002023,OPP000963,P136,5,True,html_ish
N002024,OPP000964,P240,0,False,shouty
N002025,OPP000965,P006,0,False,nodal_b
N002026,OPP000965,P003,1,True,nodal_b
N002027,OPP000966,P214,0,False,plain
N002028,OPP000967,P006,0,False,nodal_b
N002029,OPP000968,P091,0,False,municipal
N002030,OPP000968,P006,1,True,nodal_b
N002031,OPP000969,P002,0,False,nodal_a
N002032,OPP000970,P095,0,False,html_ish
N002033,OPP000971,P020,0,False,plain
N002034,OPP000971,P094,1,True,plain
N002035,OPP000971,P141,2,False,municipal
N002036,OPP000971,P001,3,False,nodal_a
N002037,OPP000971,P181,4,False,plain
N002038,OPP000971,P006,5,False,nodal_b
N002039,OPP000971,P003,6,False,nodal_b
N002040,OPP000971,P189,7,False,plain
N002041,OPP000972,P215,0,False,plain
N002042,OPP000973,P003,0,False,nodal_b
N002043,OPP000973,P054,1,False,plain
N002044,OPP000973,P006,2,False,nodal_b
N002045,OPP000973,P001,3,False,nodal_a
N002046,OPP000974,P094,0,False,plain
N002047,OPP000974,P200,1,False,plain
N002048,OPP000974,P146,2,False,html_ish
N002049,OPP000975,P086,0,False,municipal
N002050,OPP000976,P003,0,False,nodal_b
N002051,OPP000977,P094,0,False,plain
N002052,OPP000978,P003,0,False,nodal_b
N002053,OPP000978,P215,1,False,plain
N002054,OPP000978,P241,2,True,plain
N002055,OPP000979,P094,0,False,plain
N002056,OPP000980,P004,0,False,nodal_b
N002057,OPP000980,P003,1,False,nodal_b
N002058,OPP000981,P005,0,False,nodal_a
N002059,OPP000981,P001,1,True,nodal_a
N002060,OPP000982,P221,0,False,terse
N002061,OPP000983,P005,0,False,nodal_a
N002062,OPP000983,P001,1,True,nodal_a
N002063,OPP000984,P199,0,False,plain
N002064,OPP000985,P002,0,False,nodal_a
N002065,OPP000985,P004,1,False,nodal_b
N002066,OPP000986,P003,0,False,nodal_b
N002067,OPP000986,P048,1,False,html_ish
N002068,OPP000987,P094,0,False,plain
N002069,OPP000987,P001,1,False,nodal_a
N002070,OPP000987,P005,2,False,nodal_a
N002071,OPP000987,P002,3,False,nodal_a
N002072,OPP000987,P006,4,False,nodal_b
N002073,OPP000987,P203,5,True,municipal
N002074,OPP000987,P020,6,True,plain
N002075,OPP000988,P241,0,False,plain
N002076,OPP000988,P044,1,False,plain
N002077,OPP000988,P215,2,False,plain
N002078,OPP000988,P134,3,True,plain
N002079,OPP000988,P221,4,True,terse
N002080,OPP000988,P005,5,True,nodal_a
N002081,OPP000989,P044,0,False,plain
N002082,OPP000990,P190,0,False,html_ish
N002083,OPP000990,P013,1,True,terse
N002084,OPP000990,P127,2,False,shouty
N002085,OPP000991,P088,0,False,plain
N002086,OPP000992,P004,0,False,nodal_b
N002087,OPP000992,P094,1,False,plain
N002088,OPP000992,P006,2,False,nodal_b
N002089,OPP000992,P228,3,True,html_ish
N002090,OPP000992,P005,4,True,nodal_a
N002091,OPP000992,P001,5,False,nodal_a
N002092,OPP000992,P215,6,False,plain
N002093,OPP000992,P260,7,False,plain
N002094,OPP000993,P005,0,False,nodal_a
N002095,OPP000994,P120,0,False,legacy
N002096,OPP000994,P001,1,True,nodal_a
N002097,OPP000995,P001,0,False,nodal_a
N002098,OPP000996,P181,0,False,plain
N002099,OPP000996,P004,1,False,nodal_b
N002100,OPP000997,P001,0,False,nodal_a
N002101,OPP000997,P217,1,True,plain
N002102,OPP000997,P020,2,False,plain
N002103,OPP000998,P221,0,False,terse
N002104,OPP000999,P194,0,False,municipal
N002105,OPP000999,P006,1,True,nodal_b
N002106,OPP000999,P086,2,False,municipal
N002107,OPP000999,P235,3,True,municipal
N002108,OPP000999,P001,4,True,nodal_a
N002109,OPP001000,P167,0,False,municipal
N002110,OPP001001,P006,0,False,nodal_b
N002111,OPP001002,P006,0,False,nodal_b
N002112,OPP001002,P044,1,True,plain
N002113,OPP001002,P122,2,False,shouty
N002114,OPP001002,P228,3,True,html_ish
N002115,OPP001002,P094,4,True,plain
N002116,OPP001002,P181,5,False,plain
N002117,OPP001002,P240,6,True,shouty
N002118,OPP001002,P239,7,True,plain
N002119,OPP001002,P002,8,True,nodal_a
N002120,OPP001003,P094,0,False,plain
N002121,OPP001004,P020,0,False,plain
N002122,OPP001004,P025,1,False,terse
N002123,OPP001004,P094,2,True,plain
N002124,OPP001004,P004,3,True,nodal_b
N002125,OPP001004,P175,4,False,plain
N002126,OPP001005,P028,0,False,plain
N002127,OPP001006,P240,0,False,shouty
N002128,OPP001007,P005,0,False,nodal_a
N002129,OPP001008,P094,0,False,plain
N002130,OPP001008,P240,1,True,shouty
N002131,OPP001008,P001,2,True,nodal_a
N002132,OPP001008,P003,3,False,nodal_b
N002133,OPP001009,P029,0,False,plain
N002134,OPP001009,P002,1,False,nodal_a
N002135,OPP001010,P004,0,False,nodal_b
N002136,OPP001010,P088,1,False,plain
N002137,OPP001011,P094,0,False,plain
N002138,OPP001012,P094,0,False,plain
N002139,OPP001012,P163,1,True,municipal
N002140,OPP001012,P216,2,False,html_ish
N002141,OPP001012,P090,3,False,terse
N002142,OPP001012,P229,4,True,html_ish
N002143,OPP001012,P042,5,True,plain
N002144,OPP001013,P253,0,False,html_ish
N002145,OPP001013,P001,1,True,nodal_a
N002146,OPP001014,P136,0,False,html_ish
N002147,OPP001015,P005,0,False,nodal_a
N002148,OPP001016,P136,0,False,html_ish
N002149,OPP001016,P244,1,True,terse
N002150,OPP001016,P001,2,True,nodal_a
N002151,OPP001017,P003,0,False,nodal_b
N002152,OPP001018,P006,0,False,nodal_b
N002153,OPP001019,P002,0,False,nodal_a
N002154,OPP001020,P006,0,False,nodal_b
N002155,OPP001020,P002,1,True,nodal_a
N002156,OPP001020,P004,2,False,nodal_b
N002157,OPP001020,P229,3,False,html_ish
N002158,OPP001020,P215,4,False,plain
N002159,OPP001021,P005,0,False,nodal_a
N002160,OPP001022,P006,0,False,nodal_b
N002161,OPP001023,P259,0,False,municipal
N002162,OPP001023,P006,1,False,nodal_b
N002163,OPP001024,P004,0,False,nodal_b
N002164,OPP001024,P001,1,False,nodal_a
N002165,OPP001024,P181,2,True,plain
N002166,OPP001024,P005,3,True,nodal_a
N002167,OPP001025,P006,0,False,nodal_b
N002168,OPP001025,P001,1,False,nodal_a
N002169,OPP001026,P159,0,False,plain
N002170,OPP001026,P001,1,False,nodal_a
N002171,OPP001026,P117,2,True,terse
N002172,OPP001026,P004,3,False,nodal_b
N002173,OPP001026,P071,4,True,html_ish
N002174,OPP001026,P094,5,True,plain
N002175,OPP001026,P006,6,True,nodal_b
N002176,OPP001026,P215,7,False,plain
N002177,OPP001026,P005,8,False,nodal_a
N002178,OPP001027,P240,0,False,shouty
N002179,OPP001028,P181,0,False,plain
N002180,OPP001029,P014,0,False,html_ish
N002181,OPP001030,P234,0,False,municipal
N002182,OPP001031,P094,0,False,plain
N002183,OPP001032,P094,0,False,plain
N002184,OPP001033,P238,0,False,plain
N002185,OPP001034,P211,0,False,shouty
N002186,OPP001035,P094,0,False,plain
N002187,OPP001036,P001,0,False,nodal_a
N002188,OPP001037,P094,0,False,plain
N002189,OPP001038,P002,0,False,nodal_a
N002190,OPP001038,P005,1,False,nodal_a
N002191,OPP001039,P004,0,False,nodal_b
N002192,OPP001039,P002,1,True,nodal_a
N002193,OPP001039,P094,2,True,plain
N002194,OPP001039,P227,3,False,plain
N002195,OPP001040,P002,0,False,nodal_a
N002196,OPP001041,P094,0,False,plain
N002197,OPP001041,P240,1,True,shouty
N002198,OPP001041,P001,2,True,nodal_a
N002199,OPP001042,P003,0,False,nodal_b
N002200,OPP001043,P004,0,False,nodal_b
N002201,OPP001043,P061,1,False,html_ish
N002202,OPP001043,P006,2,True,nodal_b
N002203,OPP001043,P163,3,True,municipal
N002204,OPP001043,P072,4,False,html_ish
N002205,OPP001043,P215,5,False,plain
N002206,OPP001044,P003,0,False,nodal_b
N002207,OPP001045,P003,0,False,nodal_b
N002208,OPP001045,P098,1,False,municipal
N002209,OPP001046,P094,0,False,plain
N002210,OPP001046,P020,1,False,plain
N002211,OPP001046,P180,2,False,legacy
N002212,OPP001047,P005,0,False,nodal_a
N002213,OPP001047,P094,1,False,plain
N002214,OPP001048,P001,0,False,nodal_a
N002215,OPP001048,P094,1,True,plain
N002216,OPP001049,P094,0,False,plain
N002217,OPP001049,P006,1,True,nodal_b
N002218,OPP001049,P240,2,False,shouty
N002219,OPP001049,P002,3,False,nodal_a
N002220,OPP001049,P228,4,True,html_ish
N002221,OPP001050,P020,0,False,plain
N002222,OPP001051,P004,0,False,nodal_b
N002223,OPP001051,P094,1,False,plain
N002224,OPP001052,P003,0,False,nodal_b
N002225,OPP001053,P136,0,False,html_ish
N002226,OPP001054,P004,0,False,nodal_b
N002227,OPP001055,P094,0,False,plain
N002228,OPP001056,P073,0,False,shouty
N002229,OPP001056,P004,1,False,nodal_b
N002230,OPP001056,P021,2,False,municipal
N002231,OPP001057,P002,0,False,nodal_a
N002232,OPP001057,P199,1,False,plain
N002233,OPP001057,P001,2,False,nodal_a
N002234,OPP001058,P004,0,False,nodal_b
N002235,OPP001058,P002,1,True,nodal_a
N002236,OPP001059,P069,0,False,html_ish
N002237,OPP001059,P001,1,False,nodal_a
N002238,OPP001059,P003,2,False,nodal_b
N002239,OPP001060,P241,0,False,plain
N002240,OPP001061,P136,0,False,html_ish
N002241,OPP001062,P241,0,False,plain
N002242,OPP001062,P234,1,False,municipal
N002243,OPP001062,P001,2,False,nodal_a
N002244,OPP001062,P004,3,True,nodal_b
N002245,OPP001063,P094,0,False,plain
N002246,OPP001064,P005,0,False,nodal_a
N002247,OPP001065,P003,0,False,nodal_b
N002248,OPP001065,P092,1,True,plain
N002249,OPP001066,P020,0,False,plain
N002250,OPP001067,P228,0,False,html_ish
N002251,OPP001068,P006,0,False,nodal_b
N002252,OPP001069,P061,0,False,html_ish
N002253,OPP001070,P129,0,False,municipal
N002254,OPP001070,P044,1,True,plain
N002255,OPP001070,P094,2,True,plain
N002256,OPP001070,P125,3,False,legacy
N002257,OPP001070,P004,4,True,nodal_b
N002258,OPP001071,P002,0,False,nodal_a
N002259,OPP001072,P028,0,False,plain
N002260,OPP001073,P003,0,False,nodal_b
N002261,OPP001074,P215,0,False,plain
N002262,OPP001074,P004,1,False,nodal_b
N002263,OPP001074,P003,2,True,nodal_b
N002264,OPP001075,P002,0,False,nodal_a
N002265,OPP001075,P214,1,False,plain
N002266,OPP001076,P094,0,False,plain
N002267,OPP001077,P176,0,False,plain
N002268,OPP001078,P131,0,False,legacy
N002269,OPP001079,P211,0,False,shouty
N002270,OPP001080,P005,0,False,nodal_a
N002271,OPP001081,P002,0,False,nodal_a
N002272,OPP001081,P172,1,True,municipal
N002273,OPP001081,P028,2,False,plain
N002274,OPP001081,P094,3,True,plain
N002275,OPP001082,P189,0,False,plain
N002276,OPP001083,P066,0,False,terse
N002277,OPP001084,P044,0,False,plain
N002278,OPP001085,P200,0,False,plain
N002279,OPP001086,P050,0,False,municipal
N002280,OPP001086,P003,1,True,nodal_b
N002281,OPP001087,P227,0,False,plain
N002282,OPP001087,P006,1,True,nodal_b
N002283,OPP001087,P001,2,False,nodal_a
N002284,OPP001088,P084,0,False,terse
N002285,OPP001089,P001,0,False,nodal_a
N002286,OPP001089,P004,1,True,nodal_b
N002287,OPP001089,P096,2,False,html_ish
N002288,OPP001089,P094,3,True,plain
N002289,OPP001090,P004,0,False,nodal_b
N002290,OPP001091,P005,0,False,nodal_a
N002291,OPP001092,P005,0,False,nodal_a
N002292,OPP001093,P017,0,False,municipal
N002293,OPP001093,P144,1,False,municipal
N002294,OPP001093,P094,2,False,plain
N002295,OPP001093,P005,3,False,nodal_a
N002296,OPP001093,P163,4,True,municipal
N002297,OPP001094,P001,0,False,nodal_a
N002298,OPP001095,P094,0,False,plain
N002299,OPP001096,P001,0,False,nodal_a
N002300,OPP001096,P002,1,False,nodal_a
N002301,OPP001096,P004,2,True,nodal_b
N002302,OPP001096,P047,3,True,municipal
N002303,OPP001096,P094,4,False,plain
N002304,OPP001097,P006,0,False,nodal_b
N002305,OPP001097,P002,1,False,nodal_a
N002306,OPP001098,P003,0,False,nodal_b
N002307,OPP001098,P006,1,True,nodal_b
N002308,OPP001098,P210,2,False,plain
N002309,OPP001098,P005,3,False,nodal_a
N002310,OPP001099,P227,0,False,plain
N002311,OPP001099,P189,1,False,plain
N002312,OPP001100,P094,0,False,plain
N002313,OPP001100,P002,1,True,nodal_a
N002314,OPP001101,P088,0,False,plain
N002315,OPP001102,P001,0,False,nodal_a
N002316,OPP001102,P002,1,True,nodal_a
N002317,OPP001102,P096,2,False,html_ish
N002318,OPP001102,P094,3,True,plain
N002319,OPP001102,P133,4,False,plain
N002320,OPP001102,P004,5,False,nodal_b
N002321,OPP001102,P246,6,True,plain
N002322,OPP001103,P180,0,False,legacy
N002323,OPP001104,P020,0,False,plain
N002324,OPP001105,P094,0,False,plain
N002325,OPP001106,P006,0,False,nodal_b
N002326,OPP001107,P002,0,False,nodal_a
N002327,OPP001107,P184,1,False,legacy
N002328,OPP001107,P221,2,False,terse
N002329,OPP001108,P094,0,False,plain
N002330,OPP001109,P020,0,False,plain
N002331,OPP001109,P002,1,False,nodal_a
N002332,OPP001109,P104,2,False,plain
N002333,OPP001109,P163,3,False,municipal
N002334,OPP001109,P003,4,True,nodal_b
N002335,OPP001110,P004,0,False,nodal_b
N002336,OPP001111,P004,0,False,nodal_b
N002337,OPP001111,P006,1,True,nodal_b
N002338,OPP001111,P045,2,False,shouty
N002339,OPP001112,P181,0,False,plain
N002340,OPP001113,P189,0,False,plain
N002341,OPP001114,P195,0,False,html_ish
N002342,OPP001114,P158,1,False,shouty
N002343,OPP001114,P146,2,False,html_ish
N002344,OPP001115,P001,0,False,nodal_a
N002345,OPP001115,P002,1,False,nodal_a
N002346,OPP001115,P004,2,False,nodal_b
N002347,OPP001115,P006,3,False,nodal_b
N002348,OPP001116,P006,0,False,nodal_b
N002349,OPP001117,P002,0,False,nodal_a
N002350,OPP001117,P241,1,True,plain
N002351,OPP001118,P006,0,False,nodal_b
N002352,OPP001119,P181,0,False,plain
N002353,OPP001120,P001,0,False,nodal_a
N002354,OPP001120,P094,1,True,plain
N002355,OPP001121,P094,0,False,plain
N002356,OPP001122,P004,0,False,nodal_b
N002357,OPP001123,P094,0,False,plain
N002358,OPP001124,P158,0,False,shouty
N002359,OPP001124,P006,1,True,nodal_b
N002360,OPP001125,P006,0,False,nodal_b
N002361,OPP001126,P002,0,False,nodal_a
N002362,OPP001127,P094,0,False,plain
N002363,OPP001127,P001,1,True,nodal_a
N002364,OPP001128,P172,0,False,municipal
N002365,OPP001129,P117,0,False,terse
N002366,OPP001129,P094,1,True,plain
N002367,OPP001130,P090,0,False,terse
N002368,OPP001131,P006,0,False,nodal_b
N002369,OPP001131,P222,1,True,plain
N002370,OPP001131,P217,2,True,plain
N002371,OPP001132,P001,0,False,nodal_a
N002372,OPP001132,P094,1,False,plain
N002373,OPP001132,P004,2,True,nodal_b
N002374,OPP001133,P094,0,False,plain
N002375,OPP001134,P094,0,False,plain
N002376,OPP001135,P004,0,False,nodal_b
N002377,OPP001136,P215,0,False,plain
N002378,OPP001137,P006,0,False,nodal_b
N002379,OPP001137,P255,1,True,shouty
N002380,OPP001137,P002,2,False,nodal_a
N002381,OPP001137,P036,3,False,html_ish
N002382,OPP001137,P104,4,True,plain
N002383,OPP001137,P001,5,True,nodal_a
N002384,OPP001138,P004,0,False,nodal_b
N002385,OPP001139,P112,0,False,shouty
N002386,OPP001139,P001,1,True,nodal_a
N002387,OPP001139,P094,2,True,plain
N002388,OPP001139,P003,3,False,nodal_b
N002389,OPP001139,P208,4,True,plain
N002390,OPP001139,P200,5,True,plain
N002391,OPP001139,P005,6,True,nodal_a
N002392,OPP001140,P020,0,False,plain
N002393,OPP001140,P013,1,True,terse
N002394,OPP001140,P232,2,True,plain
N002395,OPP001140,P214,3,False,plain
N002396,OPP001140,P002,4,False,nodal_a
N002397,OPP001140,P005,5,False,nodal_a
N002398,OPP001141,P002,0,False,nodal_a
N002399,OPP001141,P058,1,False,municipal
N002400,OPP001141,P013,2,False,terse
N002401,OPP001141,P089,3,True,html_ish
N002402,OPP001141,P005,4,True,nodal_a
N002403,OPP001141,P240,5,True,shouty
N002404,OPP001141,P004,6,True,nodal_b
N002405,OPP001142,P240,0,False,shouty
N002406,OPP001143,P094,0,False,plain
N002407,OPP001144,P003,0,False,nodal_b
N002408,OPP001145,P004,0,False,nodal_b
N002409,OPP001145,P002,1,True,nodal_a
N002410,OPP001145,P209,2,False,terse
N002411,OPP001146,P016,0,False,terse
N002412,OPP001147,P005,0,False,nodal_a
N002413,OPP001148,P044,0,False,plain
N002414,OPP001148,P001,1,True,nodal_a
N002415,OPP001148,P094,2,False,plain
N002416,OPP001148,P002,3,False,nodal_a
N002417,OPP001148,P089,4,False,html_ish
N002418,OPP001148,P020,5,False,plain
N002419,OPP001148,P178,6,False,plain
N002420,OPP001148,P006,7,False,nodal_b
N002421,OPP001148,P003,8,True,nodal_b
N002422,OPP001149,P020,0,False,plain
N002423,OPP001150,P002,0,False,nodal_a
N002424,OPP001151,P147,0,False,municipal
N002425,OPP001151,P094,1,False,plain
N002426,OPP001152,P005,0,False,nodal_a
N002427,OPP001152,P001,1,True,nodal_a
N002428,OPP001152,P045,2,True,shouty
N002429,OPP001152,P191,3,False,plain
N002430,OPP001152,P106,4,True,plain
N002431,OPP001152,P189,5,True,plain
N002432,OPP001153,P001,0,False,nodal_a
N002433,OPP001154,P005,0,False,nodal_a
N002434,OPP001154,P056,1,True,html_ish
N002435,OPP001154,P094,2,True,plain
N002436,OPP001154,P006,3,True,nodal_b
N002437,OPP001155,P020,0,False,plain
N002438,OPP001156,P020,0,False,plain
N002439,OPP001157,P004,0,False,nodal_b
N002440,OPP001158,P165,0,False,plain
N002441,OPP001158,P006,1,True,nodal_b
N002442,OPP001158,P094,2,True,plain
N002443,OPP001158,P117,3,False,terse
N002444,OPP001159,P002,0,False,nodal_a
N002445,OPP001160,P094,0,False,plain
N002446,OPP001161,P006,0,False,nodal_b
N002447,OPP001161,P205,1,False,plain
N002448,OPP001162,P006,0,False,nodal_b
N002449,OPP001162,P025,1,False,terse
N002450,OPP001162,P005,2,True,nodal_a
N002451,OPP001163,P003,0,False,nodal_b
N002452,OPP001164,P003,0,False,nodal_b
N002453,OPP001165,P094,0,False,plain
N002454,OPP001166,P094,0,False,plain
N002455,OPP001167,P091,0,False,municipal
N002456,OPP001168,P044,0,False,plain
N002457,OPP001168,P235,1,False,municipal
N002458,OPP001169,P094,0,False,plain
N002459,OPP001169,P215,1,False,plain
N002460,OPP001170,P094,0,False,plain
N002461,OPP001171,P094,0,False,plain
N002462,OPP001172,P011,0,False,terse
N002463,OPP001173,P003,0,False,nodal_b
N002464,OPP001174,P097,0,False,html_ish
N002465,OPP001175,P229,0,False,html_ish
N002466,OPP001176,P004,0,False,nodal_b
N002467,OPP001177,P020,0,False,plain
N002468,OPP001177,P094,1,False,plain
N002469,OPP001177,P028,2,True,plain
N002470,OPP001178,P195,0,False,html_ish
N002471,OPP001178,P001,1,False,nodal_a
N002472,OPP001178,P094,2,True,plain
N002473,OPP001178,P004,3,True,nodal_b
N002474,OPP001178,P062,4,False,municipal
N002475,OPP001178,P003,5,False,nodal_b
N002476,OPP001178,P006,6,False,nodal_b
N002477,OPP001178,P020,7,False,plain
N002478,OPP001178,P013,8,True,terse
N002479,OPP001179,P004,0,False,nodal_b
N002480,OPP001179,P001,1,True,nodal_a
N002481,OPP001179,P181,2,True,plain
N002482,OPP001179,P094,3,False,plain
N002483,OPP001179,P006,4,True,nodal_b
N002484,OPP001179,P005,5,False,nodal_a
N002485,OPP001179,P142,6,False,terse
N002486,OPP001180,P184,0,False,legacy
N002487,OPP001181,P259,0,False,municipal
N002488,OPP001182,P114,0,False,terse
N002489,OPP001182,P200,1,True,plain
N002490,OPP001182,P167,2,True,municipal
N002491,OPP001182,P004,3,False,nodal_b
N002492,OPP001182,P094,4,True,plain
N002493,OPP001182,P002,5,False,nodal_a
N002494,OPP001182,P001,6,True,nodal_a
N002495,OPP001182,P021,7,False,municipal
N002496,OPP001182,P240,8,False,shouty
N002497,OPP001183,P005,0,False,nodal_a
N002498,OPP001184,P004,0,False,nodal_b
N002499,OPP001184,P144,1,False,municipal
N002500,OPP001184,P215,2,True,plain
N002501,OPP001184,P006,3,True,nodal_b
N002502,OPP001184,P020,4,False,plain
N002503,OPP001184,P094,5,False,plain
N002504,OPP001184,P200,6,False,plain
N002505,OPP001184,P032,7,True,municipal
N002506,OPP001185,P088,0,False,plain
N002507,OPP001186,P094,0,False,plain
N002508,OPP001186,P183,1,True,municipal
N002509,OPP001187,P003,0,False,nodal_b
N002510,OPP001187,P227,1,False,plain
N002511,OPP001188,P005,0,False,nodal_a
N002512,OPP001189,P199,0,False,plain
N002513,OPP001189,P005,1,True,nodal_a
N002514,OPP001189,P240,2,True,shouty
N002515,OPP001189,P094,3,True,plain
N002516,OPP001189,P214,4,False,plain
N002517,OPP001189,P006,5,False,nodal_b
N002518,OPP001190,P006,0,False,nodal_b
N002519,OPP001191,P227,0,False,plain
N002520,OPP001192,P054,0,False,plain
N002521,OPP001193,P004,0,False,nodal_b
N002522,OPP001193,P114,1,False,terse
N002523,OPP001194,P063,0,False,shouty
N002524,OPP001195,P005,0,False,nodal_a
N002525,OPP001195,P229,1,False,html_ish
N002526,OPP001195,P240,2,False,shouty
N002527,OPP001196,P094,0,False,plain
N002528,OPP001197,P042,0,False,plain
N002529,OPP001198,P005,0,False,nodal_a
N002530,OPP001199,P005,0,False,nodal_a
N002531,OPP001199,P006,1,True,nodal_b
N002532,OPP001199,P002,2,True,nodal_a
N002533,OPP001200,P094,0,False,plain
N002534,OPP001201,P049,0,False,municipal
N002535,OPP001201,P175,1,False,plain
N002536,OPP001201,P088,2,True,plain
N002537,OPP001201,P024,3,True,html_ish
N002538,OPP001201,P028,4,True,plain
N002539,OPP001201,P004,5,False,nodal_b
N002540,OPP001201,P006,6,False,nodal_b
N002541,OPP001202,P049,0,False,municipal
N002542,OPP001203,P200,0,False,plain
N002543,OPP001204,P219,0,False,plain
N002544,OPP001205,P001,0,False,nodal_a
N002545,OPP001206,P005,0,False,nodal_a
N002546,OPP001207,P200,0,False,plain
N002547,OPP001208,P129,0,False,municipal
N002548,OPP001209,P006,0,False,nodal_b
N002549,OPP001210,P049,0,False,municipal
N002550,OPP001210,P004,1,False,nodal_b
N002551,OPP001210,P103,2,False,plain
N002552,OPP001211,P002,0,False,nodal_a
N002553,OPP001212,P113,0,False,plain
N002554,OPP001213,P096,0,False,html_ish
N002555,OPP001213,P005,1,True,nodal_a
N002556,OPP001214,P137,0,False,html_ish
N002557,OPP001214,P002,1,False,nodal_a
N002558,OPP001214,P044,2,False,plain
N002559,OPP001214,P094,3,False,plain
N002560,OPP001215,P214,0,False,plain
N002561,OPP001216,P002,0,False,nodal_a
N002562,OPP001217,P094,0,False,plain
N002563,OPP001217,P210,1,True,plain
N002564,OPP001217,P042,2,False,plain
N002565,OPP001217,P001,3,False,nodal_a
N002566,OPP001218,P017,0,False,municipal
N002567,OPP001219,P094,0,False,plain
N002568,OPP001219,P042,1,False,plain
N002569,OPP001219,P148,2,False,html_ish
N002570,OPP001220,P006,0,False,nodal_b
N002571,OPP001220,P003,1,False,nodal_b
N002572,OPP001220,P232,2,True,plain
N002573,OPP001220,P005,3,True,nodal_a
N002574,OPP001220,P159,4,True,plain
N002575,OPP001220,P004,5,False,nodal_b
N002576,OPP001221,P094,0,False,plain
N002577,OPP001222,P180,0,False,legacy
N002578,OPP001222,P005,1,True,nodal_a
N002579,OPP001223,P084,0,False,terse
N002580,OPP001224,P117,0,False,terse
N002581,OPP001225,P209,0,False,terse
N002582,OPP001226,P006,0,False,nodal_b
N002583,OPP001227,P003,0,False,nodal_b
N002584,OPP001227,P006,1,False,nodal_b
N002585,OPP001228,P250,0,False,html_ish
N002586,OPP001229,P141,0,False,municipal
N002587,OPP001230,P001,0,False,nodal_a
N002588,OPP001231,P227,0,False,plain
N002589,OPP001232,P003,0,False,nodal_b
N002590,OPP001232,P215,1,True,plain
N002591,OPP001232,P094,2,True,plain
N002592,OPP001233,P240,0,False,shouty
N002593,OPP001233,P004,1,True,nodal_b
N002594,OPP001233,P246,2,False,plain
N002595,OPP001233,P184,3,False,legacy
N002596,OPP001233,P006,4,False,nodal_b
N002597,OPP001234,P001,0,False,nodal_a
N002598,OPP001235,P095,0,False,html_ish
N002599,OPP001235,P094,1,True,plain
N002600,OPP001235,P002,2,True,nodal_a
N002601,OPP001235,P243,3,True,municipal
N002602,OPP001235,P020,4,True,plain
N002603,OPP001235,P006,5,False,nodal_b
N002604,OPP001236,P020,0,False,plain
N002605,OPP001236,P006,1,False,nodal_b
N002606,OPP001236,P050,2,False,municipal
N002607,OPP001237,P094,0,False,plain
N002608,OPP001238,P094,0,False,plain
N002609,OPP001239,P002,0,False,nodal_a
N002610,OPP001239,P094,1,True,plain
N002611,OPP001240,P221,0,False,terse
N002612,OPP001241,P006,0,False,nodal_b
N002613,OPP001242,P004,0,False,nodal_b
N002614,OPP001243,P003,0,False,nodal_b
N002615,OPP001243,P006,1,False,nodal_b
N002616,OPP001244,P094,0,False,plain
N002617,OPP001245,P101,0,False,plain
N002618,OPP001245,P094,1,True,plain
N002619,OPP001245,P005,2,True,nodal_a
N002620,OPP001246,P020,0,False,plain
N002621,OPP001247,P001,0,False,nodal_a
N002622,OPP001248,P225,0,False,municipal
N002623,OPP001249,P085,0,False,municipal
N002624,OPP001250,P006,0,False,nodal_b
N002625,OPP001250,P002,1,True,nodal_a
N002626,OPP001250,P005,2,True,nodal_a
N002627,OPP001250,P181,3,True,plain
N002628,OPP001250,P227,4,False,plain
N002629,OPP001250,P020,5,True,plain
N002630,OPP001251,P073,0,False,shouty
N002631,OPP001252,P094,0,False,plain
N002632,OPP001253,P006,0,False,nodal_b
N002633,OPP001253,P240,1,False,shouty
N002634,OPP001254,P005,0,False,nodal_a
N002635,OPP001254,P094,1,False,plain
N002636,OPP001255,P028,0,False,plain
N002637,OPP001256,P001,0,False,nodal_a
N002638,OPP001257,P225,0,False,municipal
N002639,OPP001257,P069,1,True,html_ish
N002640,OPP001257,P094,2,True,plain
N002641,OPP001258,P094,0,False,plain
N002642,OPP001259,P094,0,False,plain
N002643,OPP001260,P240,0,False,shouty
N002644,OPP001261,P004,0,False,nodal_b
N002645,OPP001261,P003,1,True,nodal_b
N002646,OPP001262,P001,0,False,nodal_a
N002647,OPP001262,P006,1,False,nodal_b
N002648,OPP001262,P061,2,True,html_ish
N002649,OPP001262,P003,3,False,nodal_b
N002650,OPP001263,P217,0,False,plain
N002651,OPP001264,P215,0,False,plain
N002652,OPP001264,P006,1,False,nodal_b
N002653,OPP001264,P001,2,True,nodal_a
N002654,OPP001264,P047,3,False,municipal
N002655,OPP001264,P003,4,True,nodal_b
N002656,OPP001265,P001,0,False,nodal_a
N002657,OPP001265,P003,1,False,nodal_b
N002658,OPP001265,P260,2,True,plain
N002659,OPP001266,P185,0,False,plain
N002660,OPP001266,P002,1,False,nodal_a
N002661,OPP001266,P199,2,False,plain
N002662,OPP001266,P044,3,True,plain
N002663,OPP001266,P001,4,False,nodal_a
N002664,OPP001266,P181,5,False,plain
N002665,OPP001267,P001,0,False,nodal_a
N002666,OPP001267,P181,1,True,plain
N002667,OPP001268,P003,0,False,nodal_b
N002668,OPP001269,P044,0,False,plain
N002669,OPP001270,P001,0,False,nodal_a
N002670,OPP001270,P006,1,False,nodal_b
N002671,OPP001270,P229,2,True,html_ish
N002672,OPP001271,P004,0,False,nodal_b
N002673,OPP001271,P003,1,False,nodal_b
N002674,OPP001271,P005,2,True,nodal_a
N002675,OPP001271,P064,3,False,plain
N002676,OPP001271,P216,4,False,html_ish
N002677,OPP001271,P242,5,False,shouty
N002678,OPP001271,P215,6,True,plain
N002679,OPP001271,P011,7,False,terse
N002680,OPP001271,P141,8,True,municipal
N002681,OPP001272,P094,0,False,plain
N002682,OPP001273,P184,0,False,legacy
N002683,OPP001274,P002,0,False,nodal_a
N002684,OPP001275,P001,0,False,nodal_a
N002685,OPP001275,P006,1,False,nodal_b
N002686,OPP001275,P005,2,False,nodal_a
N002687,OPP001276,P006,0,False,nodal_b
N002688,OPP001276,P002,1,False,nodal_a
N002689,OPP001277,P003,0,False,nodal_b
N002690,OPP001277,P067,1,False,plain
N002691,OPP001278,P002,0,False,nodal_a
N002692,OPP001279,P020,0,False,plain
N002693,OPP001280,P005,0,False,nodal_a
N002694,OPP001280,P094,1,False,plain
N002695,OPP001281,P094,0,False,plain
N002696,OPP001281,P003,1,True,nodal_b
N002697,OPP001282,P094,0,False,plain
N002698,OPP001282,P004,1,False,nodal_b
N002699,OPP001283,P006,0,False,nodal_b
N002700,OPP001283,P003,1,True,nodal_b
N002701,OPP001283,P001,2,False,nodal_a
N002702,OPP001283,P094,3,True,plain
N002703,OPP001283,P002,4,False,nodal_a
N002704,OPP001283,P044,5,False,plain
N002705,OPP001284,P058,0,False,municipal
N002706,OPP001285,P003,0,False,nodal_b
N002707,OPP001285,P006,1,False,nodal_b
N002708,OPP001285,P094,2,False,plain
N002709,OPP001286,P003,0,False,nodal_b
N002710,OPP001286,P240,1,False,shouty
N002711,OPP001287,P094,0,False,plain
N002712,OPP001288,P002,0,False,nodal_a
N002713,OPP001288,P061,1,False,html_ish
N002714,OPP001288,P079,2,False,html_ish
N002715,OPP001289,P227,0,False,plain
N002716,OPP001290,P006,0,False,nodal_b
N002717,OPP001290,P004,1,False,nodal_b
N002718,OPP001290,P166,2,False,html_ish
N002719,OPP001290,P003,3,True,nodal_b
N002720,OPP001291,P013,0,False,terse
N002721,OPP001292,P003,0,False,nodal_b
N002722,OPP001293,P002,0,False,nodal_a
N002723,OPP001293,P235,1,False,municipal
N002724,OPP001294,P144,0,False,municipal
N002725,OPP001295,P221,0,False,terse
N002726,OPP001296,P005,0,False,nodal_a
N002727,OPP001296,P172,1,True,municipal
N002728,OPP001296,P094,2,True,plain
N002729,OPP001297,P236,0,False,plain
N002730,OPP001298,P240,0,False,shouty
N002731,OPP001299,P044,0,False,plain
N002732,OPP001299,P005,1,False,nodal_a
N002733,OPP001299,P094,2,True,plain
N002734,OPP001299,P172,3,True,municipal
N002735,OPP001299,P088,4,False,plain
N002736,OPP001300,P044,0,False,plain
N002737,OPP001300,P006,1,False,nodal_b
N002738,OPP001300,P234,2,False,municipal
N002739,OPP001300,P094,3,False,plain
N002740,OPP001300,P004,4,True,nodal_b
N002741,OPP001300,P089,5,True,html_ish
N002742,OPP001300,P142,6,False,terse
N002743,OPP001301,P044,0,False,plain
N002744,OPP001301,P041,1,True,html_ish
N002745,OPP001301,P004,2,False,nodal_b
N002746,OPP001302,P146,0,False,html_ish
N002747,OPP001302,P020,1,False,plain
N002748,OPP001303,P003,0,False,nodal_b
N002749,OPP001304,P006,0,False,nodal_b
N002750,OPP001304,P184,1,False,legacy
N002751,OPP001304,P001,2,True,nodal_a
N002752,OPP001304,P005,3,False,nodal_a
N002753,OPP001304,P107,4,True,terse
N002754,OPP001305,P225,0,False,municipal
N002755,OPP001305,P181,1,False,plain
N002756,OPP001306,P002,0,False,nodal_a
N002757,OPP001307,P146,0,False,html_ish
N002758,OPP001308,P241,0,False,plain
N002759,OPP001308,P240,1,True,shouty
N002760,OPP001308,P250,2,False,html_ish
N002761,OPP001309,P001,0,False,nodal_a
N002762,OPP001310,P248,0,False,legacy
N002763,OPP001310,P205,1,False,plain
N002764,OPP001310,P094,2,False,plain
N002765,OPP001310,P005,3,False,nodal_a
N002766,OPP001310,P088,4,False,plain
N002767,OPP001311,P017,0,False,municipal
N002768,OPP001312,P004,0,False,nodal_b
N002769,OPP001312,P199,1,False,plain
N002770,OPP001312,P006,2,False,nodal_b
N002771,OPP001313,P005,0,False,nodal_a
N002772,OPP001313,P006,1,False,nodal_b
N002773,OPP001314,P001,0,False,nodal_a
N002774,OPP001314,P080,1,False,shouty
N002775,OPP001314,P180,2,True,legacy
N002776,OPP001315,P006,0,False,nodal_b
N002777,OPP001316,P219,0,False,plain
N002778,OPP001316,P094,1,False,plain
N002779,OPP001316,P004,2,True,nodal_b
N002780,OPP001316,P001,3,True,nodal_a
N002781,OPP001317,P183,0,False,municipal
N002782,OPP001318,P005,0,False,nodal_a
N002783,OPP001319,P200,0,False,plain
N002784,OPP001320,P005,0,False,nodal_a
N002785,OPP001321,P094,0,False,plain
N002786,OPP001322,P006,0,False,nodal_b
N002787,OPP001323,P006,0,False,nodal_b
N002788,OPP001324,P131,0,False,legacy
N002789,OPP001324,P180,1,True,legacy
N002790,OPP001324,P056,2,True,html_ish
N002791,OPP001324,P004,3,False,nodal_b
N002792,OPP001325,P001,0,False,nodal_a
N002793,OPP001326,P004,0,False,nodal_b
N002794,OPP001326,P094,1,False,plain
N002795,OPP001326,P239,2,False,plain
N002796,OPP001326,P028,3,False,plain
N002797,OPP001326,P005,4,False,nodal_a
N002798,OPP001326,P178,5,True,plain
N002799,OPP001327,P046,0,False,terse
N002800,OPP001328,P037,0,False,terse
N002801,OPP001329,P122,0,False,shouty
N002802,OPP001329,P002,1,True,nodal_a
N002803,OPP001330,P240,0,False,shouty
N002804,OPP001331,P003,0,False,nodal_b
N002805,OPP001332,P136,0,False,html_ish
N002806,OPP001332,P004,1,False,nodal_b
N002807,OPP001333,P180,0,False,legacy
N002808,OPP001334,P200,0,False,plain
N002809,OPP001334,P120,1,True,legacy
N002810,OPP001334,P151,2,False,terse
N002811,OPP001335,P162,0,False,plain
N002812,OPP001336,P232,0,False,plain
N002813,OPP001337,P005,0,False,nodal_a
N002814,OPP001337,P040,1,True,html_ish
N002815,OPP001337,P221,2,False,terse
N002816,OPP001337,P200,3,True,plain
N002817,OPP001338,P002,0,False,nodal_a
N002818,OPP001338,P096,1,False,html_ish
N002819,OPP001338,P004,2,False,nodal_b
N002820,OPP001339,P189,0,False,plain
N002821,OPP001339,P006,1,False,nodal_b
N002822,OPP001340,P044,0,False,plain
N002823,OPP001340,P094,1,False,plain
N002824,OPP001340,P003,2,False,nodal_b
N002825,OPP001340,P167,3,False,municipal
N002826,OPP001340,P004,4,True,nodal_b
N002827,OPP001340,P240,5,False,shouty
N002828,OPP001341,P105,0,False,municipal
N002829,OPP001342,P020,0,False,plain
N002830,OPP001343,P005,0,False,nodal_a
N002831,OPP001343,P006,1,True,nodal_b
N002832,OPP001343,P189,2,True,plain
N002833,OPP001344,P120,0,False,legacy
N002834,OPP001345,P004,0,False,nodal_b
N002835,OPP001346,P105,0,False,municipal
N002836,OPP001347,P210,0,False,plain
N002837,OPP001348,P050,0,False,municipal
N002838,OPP001348,P120,1,False,legacy
N002839,OPP001348,P143,2,True,html_ish
N002840,OPP001349,P020,0,False,plain
N002841,OPP001349,P002,1,True,nodal_a
N002842,OPP001350,P052,0,False,html_ish
N002843,OPP001351,P191,0,False,plain
N002844,OPP001352,P005,0,False,nodal_a
N002845,OPP001353,P002,0,False,nodal_a
N002846,OPP001354,P088,0,False,plain
N002847,OPP001354,P020,1,True,plain
N002848,OPP001355,P006,0,False,nodal_b
N002849,OPP001355,P020,1,True,plain
N002850,OPP001355,P106,2,True,plain
N002851,OPP001356,P217,0,False,plain
N002852,OPP001357,P094,0,False,plain
N002853,OPP001357,P001,1,False,nodal_a
N002854,OPP001357,P006,2,False,nodal_b
N002855,OPP001358,P002,0,False,nodal_a
N002856,OPP001359,P094,0,False,plain
N002857,OPP001359,P004,1,False,nodal_b
N002858,OPP001360,P041,0,False,html_ish
N002859,OPP001360,P250,1,True,html_ish
N002860,OPP001361,P181,0,False,plain
N002861,OPP001361,P094,1,False,plain
N002862,OPP001362,P144,0,False,municipal
N002863,OPP001363,P006,0,False,nodal_b
N002864,OPP001363,P005,1,False,nodal_a
N002865,OPP001364,P004,0,False,nodal_b
N002866,OPP001365,P001,0,False,nodal_a
N002867,OPP001366,P065,0,False,municipal
N002868,OPP001366,P136,1,True,html_ish
N002869,OPP001366,P094,2,True,plain
N002870,OPP001366,P006,3,False,nodal_b
N002871,OPP001366,P001,4,True,nodal_a
N002872,OPP001366,P227,5,False,plain
N002873,OPP001367,P175,0,False,plain
N002874,OPP001367,P094,1,True,plain
N002875,OPP001367,P002,2,True,nodal_a
N002876,OPP001367,P240,3,False,shouty
N002877,OPP001367,P222,4,False,plain
N002878,OPP001368,P202,0,False,legacy
N002879,OPP001368,P004,1,False,nodal_b
N002880,OPP001369,P001,0,False,nodal_a
N002881,OPP001370,P016,0,False,terse
N002882,OPP001371,P004,0,False,nodal_b
N002883,OPP001372,P037,0,False,terse
N002884,OPP001373,P020,0,False,plain
N002885,OPP001374,P215,0,False,plain
N002886,OPP001374,P006,1,False,nodal_b
N002887,OPP001375,P003,0,False,nodal_b
N002888,OPP001375,P006,1,False,nodal_b
N002889,OPP001375,P094,2,False,plain
N002890,OPP001376,P002,0,False,nodal_a
N002891,OPP001376,P181,1,True,plain
N002892,OPP001376,P244,2,True,terse
N002893,OPP001376,P013,3,True,terse
N002894,OPP001376,P257,4,True,html_ish
N002895,OPP001376,P094,5,False,plain
N002896,OPP001376,P215,6,False,plain
N002897,OPP001376,P227,7,False,plain
N002898,OPP001377,P056,0,False,html_ish
N002899,OPP001378,P094,0,False,plain
N002900,OPP001378,P020,1,False,plain
N002901,OPP001378,P002,2,False,nodal_a
N002902,OPP001378,P074,3,True,plain
N002903,OPP001379,P004,0,False,nodal_b
N002904,OPP001379,P125,1,True,legacy
N002905,OPP001379,P073,2,False,shouty
N002906,OPP001380,P044,0,False,plain
N002907,OPP001381,P094,0,False,plain
N002908,OPP001381,P003,1,False,nodal_b
N002909,OPP001382,P094,0,False,plain
N002910,OPP001382,P122,1,False,shouty
N002911,OPP001382,P240,2,True,shouty
N002912,OPP001382,P140,3,False,terse
N002913,OPP001383,P181,0,False,plain
N002914,OPP001384,P021,0,False,municipal
N002915,OPP001385,P084,0,False,terse
N002916,OPP001385,P140,1,False,terse
N002917,OPP001385,P105,2,True,municipal
N002918,OPP001385,P227,3,False,plain
N002919,OPP001386,P214,0,False,plain
N002920,OPP001386,P052,1,False,html_ish
N002921,OPP001386,P002,2,True,nodal_a
N002922,OPP001387,P094,0,False,plain
N002923,OPP001388,P002,0,False,nodal_a
N002924,OPP001389,P136,0,False,html_ish
N002925,OPP001389,P003,1,False,nodal_b
N002926,OPP001389,P094,2,False,plain
N002927,OPP001389,P006,3,False,nodal_b
N002928,OPP001389,P004,4,True,nodal_b
N002929,OPP001389,P088,5,False,plain
N002930,OPP001390,P004,0,False,nodal_b
N002931,OPP001390,P107,1,False,terse
N002932,OPP001390,P006,2,False,nodal_b
N002933,OPP001390,P153,3,True,terse
N002934,OPP001390,P094,4,True,plain
N002935,OPP001390,P221,5,False,terse
N002936,OPP001390,P001,6,True,nodal_a
N002937,OPP001390,P017,7,False,municipal
N002938,OPP001391,P069,0,False,html_ish
N002939,OPP001392,P002,0,False,nodal_a
N002940,OPP001392,P003,1,True,nodal_b
N002941,OPP001392,P005,2,True,nodal_a
N002942,OPP001393,P007,0,False,plain
N002943,OPP001394,P001,0,False,nodal_a
N002944,OPP001395,P003,0,False,nodal_b
N002945,OPP001396,P001,0,False,nodal_a
N002946,OPP001396,P006,1,True,nodal_b
N002947,OPP001397,P002,0,False,nodal_a
N002948,OPP001397,P065,1,False,municipal
N002949,OPP001397,P112,2,False,shouty
N002950,OPP001397,P146,3,False,html_ish
N002951,OPP001397,P094,4,True,plain
N002952,OPP001397,P076,5,True,municipal
N002953,OPP001398,P029,0,False,plain
N002954,OPP001399,P141,0,False,municipal
N002955,OPP001400,P001,0,False,nodal_a
N002956,OPP001400,P136,1,False,html_ish
N002957,OPP001401,P003,0,False,nodal_b
N002958,OPP001402,P189,0,False,plain
N002959,OPP001403,P046,0,False,terse
N002960,OPP001404,P003,0,False,nodal_b
N002961,OPP001404,P234,1,False,municipal
N002962,OPP001404,P240,2,True,shouty
N002963,OPP001404,P232,3,False,plain
N002964,OPP001404,P094,4,False,plain
N002965,OPP001404,P249,5,False,plain
N002966,OPP001404,P006,6,False,nodal_b
N002967,OPP001404,P004,7,False,nodal_b
N002968,OPP001404,P013,8,True,terse
N002969,OPP001405,P183,0,False,municipal
N002970,OPP001406,P001,0,False,nodal_a
N002971,OPP001407,P004,0,False,nodal_b
N002972,OPP001408,P227,0,False,plain
N002973,OPP001408,P001,1,False,nodal_a
N002974,OPP001408,P005,2,False,nodal_a
N002975,OPP001408,P044,3,False,plain
N002976,OPP001408,P094,4,False,plain
N002977,OPP001409,P094,0,False,plain
N002978,OPP001410,P094,0,False,plain
N002979,OPP001410,P004,1,False,nodal_b
N002980,OPP001410,P028,2,True,plain
N002981,OPP001411,P001,0,False,nodal_a
N002982,OPP001412,P094,0,False,plain
N002983,OPP001413,P007,0,False,plain
N002984,OPP001414,P228,0,False,html_ish
N002985,OPP001415,P140,0,False,terse
N002986,OPP001416,P003,0,False,nodal_b
N002987,OPP001417,P002,0,False,nodal_a
N002988,OPP001418,P170,0,False,plain
N002989,OPP001418,P002,1,False,nodal_a
N002990,OPP001418,P006,2,True,nodal_b
N002991,OPP001418,P094,3,False,plain
N002992,OPP001418,P003,4,False,nodal_b
N002993,OPP001418,P018,5,False,plain
N002994,OPP001418,P005,6,False,nodal_a
N002995,OPP001419,P252,0,False,shouty
N002996,OPP001420,P023,0,False,plain
N002997,OPP001421,P005,0,False,nodal_a
N002998,OPP001421,P056,1,True,html_ish
N002999,OPP001421,P094,2,False,plain
N003000,OPP001421,P193,3,False,shouty
N003001,OPP001421,P003,4,True,nodal_b
N003002,OPP001422,P001,0,False,nodal_a
N003003,OPP001423,P006,0,False,nodal_b
N003004,OPP001424,P044,0,False,plain
N003005,OPP001425,P002,0,False,nodal_a
N003006,OPP001426,P020,0,False,plain
N003007,OPP001427,P235,0,False,municipal
N003008,OPP001428,P211,0,False,shouty
N003009,OPP001428,P189,1,False,plain
N003010,OPP001428,P020,2,False,plain
N003011,OPP001429,P020,0,False,plain
N003012,OPP001429,P094,1,False,plain
N003013,OPP001429,P002,2,True,nodal_a
N003014,OPP001429,P003,3,True,nodal_b
N003015,OPP001429,P005,4,True,nodal_a
N003016,OPP001429,P046,5,False,terse
N003017,OPP001430,P106,0,False,plain
N003018,OPP001431,P004,0,False,nodal_b
N003019,OPP001432,P005,0,False,nodal_a
N003020,OPP001433,P003,0,False,nodal_b
N003021,OPP001433,P005,1,False,nodal_a
N003022,OPP001434,P227,0,False,plain
N003023,OPP001434,P242,1,False,shouty
N003024,OPP001434,P094,2,False,plain
N003025,OPP001435,P094,0,False,plain
N003026,OPP001435,P217,1,False,plain
N003027,OPP001435,P006,2,True,nodal_b
N003028,OPP001436,P197,0,False,plain
N003029,OPP001437,P214,0,False,plain
N003030,OPP001438,P235,0,False,municipal
N003031,OPP001439,P232,0,False,plain
N003032,OPP001440,P001,0,False,nodal_a
N003033,OPP001441,P073,0,False,shouty
N003034,OPP001442,P003,0,False,nodal_b
N003035,OPP001443,P003,0,False,nodal_b
N003036,OPP001444,P005,0,False,nodal_a
N003037,OPP001445,P062,0,False,municipal
N003038,OPP001446,P013,0,False,terse
N003039,OPP001446,P020,1,True,plain
N003040,OPP001446,P006,2,True,nodal_b
N003041,OPP001447,P181,0,False,plain
N003042,OPP001447,P004,1,False,nodal_b
N003043,OPP001448,P006,0,False,nodal_b
N003044,OPP001449,P200,0,False,plain
N003045,OPP001450,P003,0,False,nodal_b
N003046,OPP001451,P167,0,False,municipal
N003047,OPP001451,P020,1,False,plain
N003048,OPP001451,P240,2,False,shouty
N003049,OPP001452,P217,0,False,plain
N003050,OPP001452,P002,1,False,nodal_a
N003051,OPP001453,P001,0,False,nodal_a
N003052,OPP001454,P103,0,False,plain
N003053,OPP001454,P214,1,False,plain
N003054,OPP001454,P197,2,False,plain
N003055,OPP001454,P035,3,True,plain
N003056,OPP001454,P088,4,False,plain
N003057,OPP001454,P183,5,False,municipal
N003058,OPP001455,P138,0,False,legacy
N003059,OPP001455,P094,1,True,plain
N003060,OPP001455,P240,2,False,shouty
N003061,OPP001455,P043,3,False,plain
N003062,OPP001455,P216,4,False,html_ish
N003063,OPP001455,P003,5,False,nodal_b
N003064,OPP001456,P094,0,False,plain
N003065,OPP001457,P240,0,False,shouty
N003066,OPP001458,P003,0,False,nodal_b
N003067,OPP001459,P005,0,False,nodal_a
N003068,OPP001460,P064,0,False,plain
N003069,OPP001461,P073,0,False,shouty
N003070,OPP001461,P200,1,False,plain
N003071,OPP001462,P001,0,False,nodal_a
N003072,OPP001463,P240,0,False,shouty
N003073,OPP001464,P002,0,False,nodal_a
N003074,OPP001465,P005,0,False,nodal_a
N003075,OPP001465,P044,1,True,plain
N003076,OPP001465,P003,2,True,nodal_b
N003077,OPP001465,P002,3,False,nodal_a
N003078,OPP001465,P129,4,False,municipal
N003079,OPP001465,P001,5,False,nodal_a
N003080,OPP001466,P005,0,False,nodal_a
N003081,OPP001466,P115,1,True,plain
N003082,OPP001466,P003,2,False,nodal_b
N003083,OPP001466,P181,3,False,plain
N003084,OPP001466,P001,4,False,nodal_a
N003085,OPP001466,P044,5,False,plain
N003086,OPP001466,P004,6,True,nodal_b
N003087,OPP001467,P004,0,False,nodal_b
N003088,OPP001467,P213,1,True,municipal
N003089,OPP001467,P203,2,False,municipal
N003090,OPP001467,P189,3,False,plain
N003091,OPP001467,P001,4,True,nodal_a
N003092,OPP001467,P237,5,False,municipal
N003093,OPP001468,P004,0,False,nodal_b
N003094,OPP001468,P003,1,True,nodal_b
N003095,OPP001469,P002,0,False,nodal_a
N003096,OPP001470,P005,0,False,nodal_a
N003097,OPP001471,P094,0,False,plain
N003098,OPP001472,P006,0,False,nodal_b
N003099,OPP001473,P065,0,False,municipal
N003100,OPP001473,P004,1,False,nodal_b
N003101,OPP001473,P127,2,False,shouty
N003102,OPP001474,P003,0,False,nodal_b
N003103,OPP001475,P184,0,False,legacy
N003104,OPP001475,P006,1,True,nodal_b
N003105,OPP001475,P094,2,True,plain
N003106,OPP001476,P094,0,False,plain
N003107,OPP001476,P006,1,False,nodal_b
N003108,OPP001476,P002,2,False,nodal_a
N003109,OPP001476,P005,3,False,nodal_a
N003110,OPP001477,P001,0,False,nodal_a
N003111,OPP001477,P026,1,True,municipal
N003112,OPP001477,P004,2,True,nodal_b
N003113,OPP001477,P063,3,True,shouty
N003114,OPP001478,P003,0,False,nodal_b
N003115,OPP001479,P136,0,False,html_ish
N003116,OPP001480,P094,0,False,plain
N003117,OPP001480,P002,1,False,nodal_a
N003118,OPP001481,P005,0,False,nodal_a
N003119,OPP001482,P146,0,False,html_ish
N003120,OPP001483,P006,0,False,nodal_b
N003121,OPP001483,P004,1,False,nodal_b
N003122,OPP001483,P001,2,False,nodal_a
N003123,OPP001483,P181,3,True,plain
N003124,OPP001484,P055,0,False,plain
N003125,OPP001484,P219,1,False,plain
N003126,OPP001484,P001,2,True,nodal_a
N003127,OPP001484,P240,3,False,shouty
N003128,OPP001484,P013,4,False,terse
N003129,OPP001485,P240,0,False,shouty
N003130,OPP001486,P002,0,False,nodal_a
N003131,OPP001486,P052,1,False,html_ish
N003132,OPP001486,P004,2,False,nodal_b
N003133,OPP001486,P094,3,False,plain
N003134,OPP001486,P170,4,True,plain
N003135,OPP001487,P128,0,False,html_ish
N003136,OPP001487,P020,1,True,plain
N003137,OPP001487,P005,2,False,nodal_a
N003138,OPP001488,P204,0,False,plain
N003139,OPP001488,P005,1,True,nodal_a
N003140,OPP001489,P094,0,False,plain
N003141,OPP001490,P003,0,False,nodal_b
N003142,OPP001491,P167,0,False,municipal
N003143,OPP001492,P094,0,False,plain
N003144,OPP001492,P001,1,False,nodal_a
N003145,OPP001492,P177,2,True,html_ish
N003146,OPP001492,P096,3,False,html_ish
N003147,OPP001493,P002,0,False,nodal_a
N003148,OPP001494,P005,0,False,nodal_a
N003149,OPP001495,P240,0,False,shouty
N003150,OPP001495,P004,1,True,nodal_b
N003151,OPP001496,P002,0,False,nodal_a
N003152,OPP001497,P197,0,False,plain
N003153,OPP001497,P215,1,False,plain
N003154,OPP001497,P002,2,False,nodal_a
N003155,OPP001498,P006,0,False,nodal_b
N003156,OPP001499,P184,0,False,legacy
N003157,OPP001500,P020,0,False,plain
N003158,OPP001501,P068,0,False,shouty
N003159,OPP001502,P006,0,False,nodal_b
N003160,OPP001502,P091,1,False,municipal
N003161,OPP001502,P002,2,False,nodal_a
N003162,OPP001502,P200,3,True,plain
N003163,OPP001503,P069,0,False,html_ish
N003164,OPP001503,P094,1,True,plain
N003165,OPP001503,P181,2,False,plain
N003166,OPP001503,P003,3,False,nodal_b
N003167,OPP001504,P235,0,False,municipal
N003168,OPP001504,P087,1,False,plain
N003169,OPP001504,P002,2,False,nodal_a
N003170,OPP001505,P157,0,False,legacy
N003171,OPP001506,P215,0,False,plain
N003172,OPP001507,P068,0,False,shouty
N003173,OPP001507,P180,1,False,legacy
N003174,OPP001508,P001,0,False,nodal_a
N003175,OPP001508,P003,1,False,nodal_b
N003176,OPP001508,P002,2,False,nodal_a
N003177,OPP001508,P228,3,True,html_ish
N003178,OPP001508,P020,4,False,plain
N003179,OPP001508,P013,5,False,terse
N003180,OPP001508,P129,6,False,municipal
N003181,OPP001508,P165,7,False,plain
N003182,OPP001509,P215,0,False,plain
N003183,OPP001510,P227,0,False,plain
N003184,OPP001510,P240,1,True,shouty
N003185,OPP001511,P215,0,False,plain
N003186,OPP001512,P215,0,False,plain
N003187,OPP001512,P211,1,False,shouty
N003188,OPP001513,P207,0,False,plain
N003189,OPP001513,P094,1,True,plain
N003190,OPP001513,P238,2,True,plain
N003191,OPP001513,P003,3,True,nodal_b
N003192,OPP001513,P001,4,True,nodal_a
N003193,OPP001514,P004,0,False,nodal_b
N003194,OPP001515,P094,0,False,plain
N003195,OPP001515,P180,1,False,legacy
N003196,OPP001516,P094,0,False,plain
N003197,OPP001517,P002,0,False,nodal_a
N003198,OPP001517,P094,1,False,plain
N003199,OPP001517,P235,2,False,municipal
N003200,OPP001518,P061,0,False,html_ish
N003201,OPP001518,P002,1,False,nodal_a
N003202,OPP001518,P094,2,False,plain
N003203,OPP001518,P001,3,False,nodal_a
N003204,OPP001518,P005,4,False,nodal_a
N003205,OPP001519,P221,0,False,terse
N003206,OPP001520,P001,0,False,nodal_a
N003207,OPP001520,P081,1,False,municipal
N003208,OPP001520,P003,2,False,nodal_b
N003209,OPP001521,P215,0,False,plain
N003210,OPP001522,P061,0,False,html_ish
N003211,OPP001522,P003,1,False,nodal_b
N003212,OPP001522,P094,2,True,plain
N003213,OPP001523,P088,0,False,plain
N003214,OPP001524,P006,0,False,nodal_b
N003215,OPP001524,P004,1,False,nodal_b
N003216,OPP001525,P234,0,False,municipal
N003217,OPP001526,P049,0,False,municipal
N003218,OPP001527,P167,0,False,municipal
N003219,OPP001528,P215,0,False,plain
N003220,OPP001529,P094,0,False,plain
N003221,OPP001530,P094,0,False,plain
N003222,OPP001531,P005,0,False,nodal_a
N003223,OPP001532,P094,0,False,plain
N003224,OPP001533,P005,0,False,nodal_a
N003225,OPP001533,P200,1,True,plain
N003226,OPP001533,P044,2,False,plain
N003227,OPP001533,P094,3,False,plain
N003228,OPP001534,P094,0,False,plain
N003229,OPP001535,P087,0,False,plain
N003230,OPP001536,P094,0,False,plain
N003231,OPP001536,P005,1,True,nodal_a
N003232,OPP001536,P004,2,False,nodal_b
N003233,OPP001536,P006,3,True,nodal_b
N003234,OPP001537,P094,0,False,plain
N003235,OPP001538,P094,0,False,plain
N003236,OPP001538,P005,1,True,nodal_a
N003237,OPP001538,P001,2,False,nodal_a
N003238,OPP001539,P006,0,False,nodal_b
N003239,OPP001540,P094,0,False,plain
N003240,OPP001541,P094,0,False,plain
N003241,OPP001541,P247,1,True,shouty
N003242,OPP001542,P044,0,False,plain
N003243,OPP001543,P104,0,False,plain
N003244,OPP001544,P002,0,False,nodal_a
N003245,OPP001544,P006,1,False,nodal_b
N003246,OPP001545,P001,0,False,nodal_a
N003247,OPP001546,P006,0,False,nodal_b
N003248,OPP001547,P001,0,False,nodal_a
N003249,OPP001548,P006,0,False,nodal_b
N003250,OPP001548,P061,1,True,html_ish
N003251,OPP001548,P094,2,False,plain
N003252,OPP001548,P057,3,False,municipal
N003253,OPP001548,P004,4,True,nodal_b
N003254,OPP001549,P094,0,False,plain
N003255,OPP001550,P069,0,False,html_ish
N003256,OPP001551,P005,0,False,nodal_a
N003257,OPP001551,P003,1,False,nodal_b
N003258,OPP001551,P006,2,True,nodal_b
N003259,OPP001552,P002,0,False,nodal_a
N003260,OPP001553,P229,0,False,html_ish
N003261,OPP001554,P228,0,False,html_ish
N003262,OPP001554,P246,1,False,plain
N003263,OPP001555,P094,0,False,plain
N003264,OPP001556,P097,0,False,html_ish
N003265,OPP001556,P117,1,True,terse
N003266,OPP001556,P094,2,False,plain
N003267,OPP001556,P160,3,True,html_ish
N003268,OPP001556,P001,4,False,nodal_a
N003269,OPP001556,P243,5,True,municipal
N003270,OPP001557,P005,0,False,nodal_a
N003271,OPP001558,P004,0,False,nodal_b
N003272,OPP001558,P109,1,False,plain
N003273,OPP001558,P020,2,True,plain
N003274,OPP001559,P006,0,False,nodal_b
N003275,OPP001560,P257,0,False,html_ish
N003276,OPP001561,P136,0,False,html_ish
N003277,OPP001562,P260,0,False,plain
N003278,OPP001563,P006,0,False,nodal_b
N003279,OPP001564,P004,0,False,nodal_b
N003280,OPP001564,P006,1,True,nodal_b
N003281,OPP001565,P112,0,False,shouty
N003282,OPP001566,P002,0,False,nodal_a
N003283,OPP001567,P073,0,False,shouty
N003284,OPP001567,P004,1,False,nodal_b
N003285,OPP001568,P005,0,False,nodal_a
N003286,OPP001568,P006,1,False,nodal_b
N003287,OPP001568,P094,2,False,plain
N003288,OPP001568,P001,3,True,nodal_a
N003289,OPP001568,P003,4,False,nodal_b
N003290,OPP001568,P004,5,False,nodal_b
N003291,OPP001568,P216,6,True,html_ish
N003292,OPP001568,P242,7,False,shouty
N003293,OPP001568,P215,8,False,plain
N003294,OPP001569,P003,0,False,nodal_b
N003295,OPP001570,P006,0,False,nodal_b
N003296,OPP001570,P229,1,True,html_ish
N003297,OPP001570,P004,2,True,nodal_b
N003298,OPP001571,P200,0,False,plain
N003299,OPP001572,P020,0,False,plain
N003300,OPP001573,P002,0,False,nodal_a
N003301,OPP001574,P246,0,False,plain
N003302,OPP001574,P002,1,False,nodal_a
N003303,OPP001575,P225,0,False,municipal
N003304,OPP001576,P006,0,False,nodal_b
N003305,OPP001577,P006,0,False,nodal_b
N003306,OPP001578,P002,0,False,nodal_a
N003307,OPP001579,P002,0,False,nodal_a
N003308,OPP001580,P006,0,False,nodal_b
N003309,OPP001580,P004,1,False,nodal_b
N003310,OPP001580,P184,2,False,legacy
N003311,OPP001581,P094,0,False,plain
N003312,OPP001582,P240,0,False,shouty
N003313,OPP001582,P005,1,True,nodal_a
N003314,OPP001583,P003,0,False,nodal_b
N003315,OPP001584,P094,0,False,plain
N003316,OPP001585,P036,0,False,html_ish
N003317,OPP001586,P036,0,False,html_ish
N003318,OPP001587,P014,0,False,html_ish
N003319,OPP001587,P006,1,False,nodal_b
N003320,OPP001588,P255,0,False,shouty
N003321,OPP001589,P088,0,False,plain
N003322,OPP001589,P036,1,True,html_ish
N003323,OPP001589,P073,2,False,shouty
N003324,OPP001589,P094,3,True,plain
N003325,OPP001590,P094,0,False,plain
N003326,OPP001591,P003,0,False,nodal_b
N003327,OPP001591,P005,1,True,nodal_a
N003328,OPP001591,P065,2,True,municipal
N003329,OPP001592,P075,0,False,plain
N003330,OPP001593,P001,0,False,nodal_a
N003331,OPP001594,P094,0,False,plain
N003332,OPP001595,P004,0,False,nodal_b
N003333,OPP001596,P005,0,False,nodal_a
N003334,OPP001597,P004,0,False,nodal_b
N003335,OPP001598,P241,0,False,plain
N003336,OPP001598,P004,1,False,nodal_b
N003337,OPP001598,P044,2,True,plain
N003338,OPP001598,P003,3,True,nodal_b
N003339,OPP001599,P020,0,False,plain
N003340,OPP001600,P086,0,False,municipal
N003341,OPP001601,P240,0,False,shouty
N003342,OPP001602,P004,0,False,nodal_b
N003343,OPP001603,P094,0,False,plain
N003344,OPP001604,P002,0,False,nodal_a
N003345,OPP001605,P143,0,False,html_ish
N003346,OPP001605,P001,1,False,nodal_a
N003347,OPP001605,P069,2,True,html_ish
N003348,OPP001605,P002,3,False,nodal_a
N003349,OPP001605,P009,4,False,shouty
N003350,OPP001606,P221,0,False,terse
N003351,OPP001607,P005,0,False,nodal_a
N003352,OPP001608,P006,0,False,nodal_b
N003353,OPP001609,P094,0,False,plain
N003354,OPP001609,P097,1,True,html_ish
N003355,OPP001609,P003,2,True,nodal_b
N003356,OPP001609,P004,3,False,nodal_b
N003357,OPP001610,P094,0,False,plain
N003358,OPP001611,P004,0,False,nodal_b
N003359,OPP001611,P003,1,True,nodal_b
N003360,OPP001611,P020,2,True,plain
N003361,OPP001611,P024,3,True,html_ish
N003362,OPP001612,P094,0,False,plain
N003363,OPP001612,P001,1,True,nodal_a
N003364,OPP001612,P232,2,False,plain
N003365,OPP001612,P167,3,False,municipal
N003366,OPP001613,P094,0,False,plain
N003367,OPP001614,P255,0,False,shouty
N003368,OPP001615,P001,0,False,nodal_a
N003369,OPP001616,P005,0,False,nodal_a
N003370,OPP001616,P020,1,False,plain
N003371,OPP001616,P126,2,False,terse
N003372,OPP001617,P148,0,False,html_ish
N003373,OPP001618,P002,0,False,nodal_a
N003374,OPP001618,P094,1,False,plain
N003375,OPP001619,P181,0,False,plain
N003376,OPP001620,P094,0,False,plain
N003377,OPP001621,P103,0,False,plain
N003378,OPP001621,P215,1,False,plain
N003379,OPP001621,P013,2,True,terse
N003380,OPP001622,P181,0,False,plain
N003381,OPP001622,P094,1,True,plain
N003382,OPP001622,P002,2,True,nodal_a
N003383,OPP001622,P004,3,True,nodal_b
N003384,OPP001622,P215,4,False,plain
N003385,OPP001622,P008,5,False,terse
N003386,OPP001622,P214,6,False,plain
N003387,OPP001622,P038,7,False,plain
N003388,OPP001622,P154,8,False,plain
N003389,OPP001623,P001,0,False,nodal_a
N003390,OPP001624,P159,0,False,plain
N003391,OPP001625,P094,0,False,plain
N003392,OPP001626,P215,0,False,plain
N003393,OPP001627,P136,0,False,html_ish
N003394,OPP001627,P255,1,True,shouty
N003395,OPP001627,P004,2,False,nodal_b
N003396,OPP001627,P173,3,False,legacy
N003397,OPP001627,P003,4,False,nodal_b
N003398,OPP001627,P001,5,False,nodal_a
N003399,OPP001628,P191,0,False,plain
N003400,OPP001628,P200,1,False,plain
N003401,OPP001628,P225,2,True,municipal
N003402,OPP001629,P236,0,False,plain
N003403,OPP001630,P002,0,False,nodal_a
N003404,OPP001631,P001,0,False,nodal_a
N003405,OPP001631,P094,1,True,plain
N003406,OPP001631,P106,2,True,plain
N003407,OPP001632,P094,0,False,plain
N003408,OPP001633,P003,0,False,nodal_b
N003409,OPP001634,P002,0,False,nodal_a
N003410,OPP001635,P212,0,False,shouty
N003411,OPP001635,P040,1,False,html_ish
N003412,OPP001635,P183,2,False,municipal
N003413,OPP001636,P240,0,False,shouty
N003414,OPP001636,P006,1,True,nodal_b
N003415,OPP001636,P005,2,False,nodal_a
N003416,OPP001637,P240,0,False,shouty
N003417,OPP001638,P211,0,False,shouty
N003418,OPP001638,P185,1,True,plain
N003419,OPP001639,P036,0,False,html_ish
N003420,OPP001639,P152,1,True,municipal
N003421,OPP001639,P094,2,True,plain
N003422,OPP001639,P001,3,False,nodal_a
N003423,OPP001639,P240,4,True,shouty
N003424,OPP001639,P002,5,False,nodal_a
N003425,OPP001640,P091,0,False,municipal
N003426,OPP001640,P006,1,False,nodal_b
N003427,OPP001640,P125,2,False,legacy
N003428,OPP001640,P002,3,True,nodal_a
N003429,OPP001640,P004,4,False,nodal_b
N003430,OPP001641,P044,0,False,plain
N003431,OPP001642,P094,0,False,plain
N003432,OPP001643,P001,0,False,nodal_a
N003433,OPP001644,P094,0,False,plain
N003434,OPP001644,P005,1,False,nodal_a
N003435,OPP001645,P249,0,False,plain
N003436,OPP001646,P094,0,False,plain
N003437,OPP001646,P005,1,False,nodal_a
N003438,OPP001646,P167,2,False,municipal
N003439,OPP001646,P238,3,True,plain
N003440,OPP001647,P141,0,False,municipal
N003441,OPP001648,P200,0,False,plain
N003442,OPP001649,P088,0,False,plain
N003443,OPP001650,P094,0,False,plain
N003444,OPP001650,P003,1,True,nodal_b
N003445,OPP001650,P072,2,False,html_ish
N003446,OPP001651,P094,0,False,plain
N003447,OPP001651,P243,1,True,municipal
N003448,OPP001651,P003,2,True,nodal_b
N003449,OPP001652,P142,0,False,terse
N003450,OPP001652,P003,1,True,nodal_b
N003451,OPP001652,P240,2,False,shouty
N003452,OPP001653,P044,0,False,plain
N003453,OPP001654,P003,0,False,nodal_b
N003454,OPP001655,P087,0,False,plain
N003455,OPP001656,P066,0,False,terse
N003456,OPP001656,P003,1,True,nodal_b
N003457,OPP001657,P177,0,False,html_ish
N003458,OPP001657,P122,1,False,shouty
N003459,OPP001657,P006,2,False,nodal_b
N003460,OPP001657,P181,3,True,plain
N003461,OPP001657,P001,4,True,nodal_a
N003462,OPP001658,P195,0,False,html_ish
N003463,OPP001658,P002,1,False,nodal_a
N003464,OPP001658,P200,2,True,plain
N003465,OPP001658,P251,3,True,html_ish
N003466,OPP001659,P094,0,False,plain
N003467,OPP001659,P071,1,True,html_ish
N003468,OPP001659,P014,2,True,html_ish
N003469,OPP001659,P001,3,False,nodal_a
N003470,OPP001660,P004,0,False,nodal_b
N003471,OPP001661,P006,0,False,nodal_b
N003472,OPP001662,P249,0,False,plain
N003473,OPP001663,P020,0,False,plain
N003474,OPP001664,P044,0,False,plain
N003475,OPP001664,P005,1,False,nodal_a
N003476,OPP001664,P108,2,True,municipal
N003477,OPP001665,P006,0,False,nodal_b
N003478,OPP001666,P240,0,False,shouty
N003479,OPP001666,P094,1,False,plain
N003480,OPP001666,P004,2,False,nodal_b
N003481,OPP001666,P255,3,True,shouty
N003482,OPP001666,P020,4,True,plain
N003483,OPP001667,P020,0,False,plain
N003484,OPP001667,P192,1,False,legacy
N003485,OPP001668,P004,0,False,nodal_b
N003486,OPP001668,P001,1,True,nodal_a
N003487,OPP001669,P004,0,False,nodal_b
N003488,OPP001670,P240,0,False,shouty
N003489,OPP001671,P042,0,False,plain
N003490,OPP001671,P046,1,False,terse
N003491,OPP001672,P094,0,False,plain
N003492,OPP001672,P088,1,True,plain
N003493,OPP001672,P174,2,True,municipal
N003494,OPP001673,P209,0,False,terse
N003495,OPP001673,P001,1,True,nodal_a
N003496,OPP001673,P236,2,True,plain
N003497,OPP001674,P094,0,False,plain
N003498,OPP001674,P026,1,True,municipal
N003499,OPP001674,P004,2,False,nodal_b
N003500,OPP001674,P207,3,False,plain
N003501,OPP001674,P003,4,False,nodal_b
N003502,OPP001675,P004,0,False,nodal_b
N003503,OPP001675,P092,1,False,plain
N003504,OPP001675,P006,2,False,nodal_b
N003505,OPP001676,P229,0,False,html_ish
N003506,OPP001677,P094,0,False,plain
N003507,OPP001677,P002,1,False,nodal_a
N003508,OPP001678,P096,0,False,html_ish
N003509,OPP001678,P094,1,False,plain
N003510,OPP001679,P094,0,False,plain
N003511,OPP001680,P094,0,False,plain
N003512,OPP001680,P146,1,True,html_ish
N003513,OPP001680,P020,2,False,plain
N003514,OPP001680,P004,3,False,nodal_b
N003515,OPP001681,P001,0,False,nodal_a
N003516,OPP001681,P235,1,True,municipal
N003517,OPP001681,P027,2,False,plain
N003518,OPP001681,P089,3,False,html_ish
N003519,OPP001681,P003,4,False,nodal_b
N003520,OPP001681,P229,5,False,html_ish
N003521,OPP001682,P247,0,False,shouty
N003522,OPP001683,P004,0,False,nodal_b
N003523,OPP001684,P001,0,False,nodal_a
N003524,OPP001684,P003,1,True,nodal_b
N003525,OPP001684,P078,2,False,municipal
N003526,OPP001684,P064,3,False,plain
N003527,OPP001684,P090,4,False,terse
N003528,OPP001684,P006,5,False,nodal_b
N003529,OPP001684,P149,6,True,shouty
N003530,OPP001684,P096,7,True,html_ish
N003531,OPP001685,P003,0,False,nodal_b
N003532,OPP001685,P053,1,True,municipal
N003533,OPP001686,P094,0,False,plain
N003534,OPP001686,P031,1,True,shouty
N003535,OPP001686,P203,2,False,municipal
N003536,OPP001687,P020,0,False,plain
N003537,OPP001687,P003,1,True,nodal_b
N003538,OPP001688,P240,0,False,shouty
N003539,OPP001688,P020,1,True,plain
N003540,OPP001689,P001,0,False,nodal_a
N003541,OPP001689,P048,1,True,html_ish
N003542,OPP001690,P005,0,False,nodal_a
N003543,OPP001691,P128,0,False,html_ish
N003544,OPP001691,P013,1,True,terse
N003545,OPP001691,P006,2,False,nodal_b
N003546,OPP001692,P094,0,False,plain
N003547,OPP001693,P002,0,False,nodal_a
N003548,OPP001694,P005,0,False,nodal_a
N003549,OPP001694,P006,1,True,nodal_b
N003550,OPP001695,P006,0,False,nodal_b
N003551,OPP001696,P189,0,False,plain
N003552,OPP001697,P001,0,False,nodal_a
N003553,OPP001698,P003,0,False,nodal_b
N003554,OPP001698,P094,1,True,plain
N003555,OPP001698,P002,2,False,nodal_a
N003556,OPP001698,P154,3,False,plain
N003557,OPP001698,P020,4,True,plain
N003558,OPP001698,P005,5,False,nodal_a
N003559,OPP001698,P006,6,False,nodal_b
N003560,OPP001699,P001,0,False,nodal_a
N003561,OPP001700,P005,0,False,nodal_a
N003562,OPP001701,P215,0,False,plain
N003563,OPP001702,P003,0,False,nodal_b
N003564,OPP001702,P160,1,False,html_ish
N003565,OPP001702,P005,2,False,nodal_a
N003566,OPP001703,P004,0,False,nodal_b
N003567,OPP001703,P006,1,True,nodal_b
N003568,OPP001703,P094,2,True,plain
N003569,OPP001703,P005,3,False,nodal_a
N003570,OPP001703,P120,4,True,legacy
N003571,OPP001703,P240,5,False,shouty
N003572,OPP001703,P020,6,True,plain
N003573,OPP001704,P002,0,False,nodal_a
N003574,OPP001704,P004,1,True,nodal_b
N003575,OPP001704,P003,2,False,nodal_b
N003576,OPP001704,P005,3,False,nodal_a
N003577,OPP001705,P094,0,False,plain
N003578,OPP001706,P002,0,False,nodal_a
N003579,OPP001707,P094,0,False,plain
N003580,OPP001707,P005,1,False,nodal_a
N003581,OPP001707,P020,2,True,plain
N003582,OPP001707,P001,3,False,nodal_a
N003583,OPP001707,P006,4,False,nodal_b
N003584,OPP001707,P003,5,True,nodal_b
N003585,OPP001707,P004,6,False,nodal_b
N003586,OPP001707,P217,7,False,plain
N003587,OPP001707,P141,8,False,municipal
N003588,OPP001708,P149,0,False,shouty
N003589,OPP001708,P129,1,False,municipal
N003590,OPP001709,P091,0,False,municipal
N003591,OPP001710,P005,0,False,nodal_a
N003592,OPP001710,P089,1,True,html_ish
N003593,OPP001710,P245,2,False,terse
N003594,OPP001711,P240,0,False,shouty
N003595,OPP001712,P005,0,False,nodal_a
N003596,OPP001712,P084,1,False,terse
N003597,OPP001713,P001,0,False,nodal_a
N003598,OPP001714,P006,0,False,nodal_b
N003599,OPP001715,P232,0,False,plain
N003600,OPP001715,P020,1,False,plain
N003601,OPP001715,P044,2,False,plain
N003602,OPP001716,P213,0,False,municipal
N003603,OPP001716,P003,1,True,nodal_b
N003604,OPP001717,P094,0,False,plain
N003605,OPP001718,P020,0,False,plain
N003606,OPP001719,P096,0,False,html_ish
N003607,OPP001720,P002,0,False,nodal_a
N003608,OPP001721,P002,0,False,nodal_a
N003609,OPP001721,P005,1,False,nodal_a
N003610,OPP001721,P004,2,False,nodal_b
N003611,OPP001722,P235,0,False,municipal
N003612,OPP001723,P094,0,False,plain
N003613,OPP001723,P181,1,True,plain
N003614,OPP001724,P227,0,False,plain
N003615,OPP001724,P002,1,True,nodal_a
N003616,OPP001724,P094,2,True,plain
N003617,OPP001724,P054,3,False,plain
N003618,OPP001725,P094,0,False,plain
N003619,OPP001726,P094,0,False,plain
N003620,OPP001726,P002,1,False,nodal_a
N003621,OPP001727,P096,0,False,html_ish
N003622,OPP001728,P004,0,False,nodal_b
N003623,OPP001729,P215,0,False,plain
N003624,OPP001730,P240,0,False,shouty
N003625,OPP001730,P211,1,False,shouty
N003626,OPP001730,P006,2,True,nodal_b
N003627,OPP001731,P002,0,False,nodal_a
N003628,OPP001732,P044,0,False,plain
N003629,OPP001732,P002,1,False,nodal_a
N003630,OPP001733,P109,0,False,plain
N003631,OPP001734,P003,0,False,nodal_b
N003632,OPP001734,P005,1,False,nodal_a
N003633,OPP001734,P200,2,False,plain
N003634,OPP001735,P005,0,False,nodal_a
N003635,OPP001736,P005,0,False,nodal_a
N003636,OPP001737,P004,0,False,nodal_b
N003637,OPP001737,P122,1,False,shouty
N003638,OPP001737,P244,2,True,terse
N003639,OPP001737,P183,3,False,municipal
N003640,OPP001737,P001,4,False,nodal_a
N003641,OPP001737,P020,5,True,plain
N003642,OPP001737,P248,6,False,legacy
N003643,OPP001737,P003,7,True,nodal_b
N003644,OPP001737,P005,8,False,nodal_a
N003645,OPP001738,P006,0,False,nodal_b
N003646,OPP001739,P068,0,False,shouty
N003647,OPP001740,P216,0,False,html_ish
N003648,OPP001741,P046,0,False,terse
N003649,OPP001742,P006,0,False,nodal_b
N003650,OPP001743,P235,0,False,municipal
N003651,OPP001744,P136,0,False,html_ish
N003652,OPP001745,P002,0,False,nodal_a
N003653,OPP001745,P006,1,False,nodal_b
N003654,OPP001746,P202,0,False,legacy
N003655,OPP001746,P240,1,True,shouty
N003656,OPP001746,P215,2,False,plain
N003657,OPP001747,P094,0,False,plain
N003658,OPP001748,P195,0,False,html_ish
N003659,OPP001748,P002,1,True,nodal_a
N003660,OPP001748,P001,2,False,nodal_a
N003661,OPP001748,P044,3,False,plain
N003662,OPP001748,P008,4,False,terse
N003663,OPP001748,P006,5,False,nodal_b
N003664,OPP001748,P042,6,False,plain
N003665,OPP001749,P172,0,False,municipal
N003666,OPP001749,P120,1,True,legacy
N003667,OPP001750,P094,0,False,plain
N003668,OPP001750,P146,1,True,html_ish
N003669,OPP001750,P069,2,False,html_ish
N003670,OPP001750,P017,3,False,municipal
N003671,OPP001750,P004,4,False,nodal_b
N003672,OPP001750,P006,5,True,nodal_b
N003673,OPP001751,P094,0,False,plain
N003674,OPP001752,P004,0,False,nodal_b
N003675,OPP001753,P005,0,False,nodal_a
N003676,OPP001754,P002,0,False,nodal_a
N003677,OPP001755,P002,0,False,nodal_a
N003678,OPP001755,P044,1,True,plain
N003679,OPP001755,P001,2,False,nodal_a
N003680,OPP001755,P192,3,True,legacy
N003681,OPP001756,P004,0,False,nodal_b
N003682,OPP001756,P020,1,False,plain
N003683,OPP001756,P240,2,False,shouty
N003684,OPP001756,P006,3,False,nodal_b
N003685,OPP001756,P137,4,False,html_ish
N003686,OPP001756,P192,5,False,legacy
N003687,OPP001756,P097,6,False,html_ish
N003688,OPP001757,P005,0,False,nodal_a
N003689,OPP001758,P001,0,False,nodal_a
N003690,OPP001759,P002,0,False,nodal_a
N003691,OPP001760,P003,0,False,nodal_b
N003692,OPP001760,P005,1,False,nodal_a
N003693,OPP001760,P112,2,False,shouty
N003694,OPP001761,P004,0,False,nodal_b
N003695,OPP001761,P094,1,False,plain
N003696,OPP001762,P005,0,False,nodal_a
N003697,OPP001762,P001,1,False,nodal_a
N003698,OPP001762,P175,2,True,plain
N003699,OPP001762,P003,3,False,nodal_b
N003700,OPP001762,P088,4,True,plain
N003701,OPP001762,P094,5,True,plain
N003702,OPP001762,P240,6,False,shouty
N003703,OPP001763,P060,0,False,plain
N003704,OPP001763,P116,1,True,shouty
N003705,OPP001763,P094,2,False,plain
N003706,OPP001763,P215,3,True,plain
N003707,OPP001763,P235,4,False,municipal
N003708,OPP001764,P094,0,False,plain
N003709,OPP001765,P258,0,False,html_ish
N003710,OPP001766,P001,0,False,nodal_a
N003711,OPP001767,P004,0,False,nodal_b
N003712,OPP001767,P094,1,False,plain
N003713,OPP001768,P003,0,False,nodal_b
N003714,OPP001769,P003,0,False,nodal_b
N003715,OPP001769,P005,1,False,nodal_a
N003716,OPP001770,P002,0,False,nodal_a
N003717,OPP001771,P181,0,False,plain
N003718,OPP001772,P072,0,False,html_ish
N003719,OPP001773,P239,0,False,plain
N003720,OPP001773,P046,1,True,terse
N003721,OPP001773,P073,2,False,shouty
N003722,OPP001774,P094,0,False,plain
N003723,OPP001775,P240,0,False,shouty
N003724,OPP001776,P094,0,False,plain
N003725,OPP001776,P002,1,False,nodal_a
N003726,OPP001776,P127,2,True,shouty
N003727,OPP001777,P240,0,False,shouty
N003728,OPP001778,P081,0,False,municipal
N003729,OPP001779,P044,0,False,plain
N003730,OPP001780,P013,0,False,terse
N003731,OPP001781,P005,0,False,nodal_a
N003732,OPP001781,P013,1,True,terse
N003733,OPP001781,P094,2,False,plain
N003734,OPP001782,P004,0,False,nodal_b
N003735,OPP001782,P001,1,False,nodal_a
N003736,OPP001782,P094,2,True,plain
N003737,OPP001783,P001,0,False,nodal_a
N003738,OPP001783,P094,1,True,plain
N003739,OPP001783,P004,2,True,nodal_b
N003740,OPP001784,P124,0,False,plain
N003741,OPP001785,P240,0,False,shouty
N003742,OPP001785,P094,1,False,plain
N003743,OPP001785,P105,2,False,municipal
N003744,OPP001785,P041,3,False,html_ish
N003745,OPP001785,P003,4,True,nodal_b
N003746,OPP001786,P232,0,False,plain
N003747,OPP001787,P003,0,False,nodal_b
N003748,OPP001788,P005,0,False,nodal_a
N003749,OPP001788,P003,1,False,nodal_b
N003750,OPP001788,P177,2,False,html_ish
N003751,OPP001788,P006,3,True,nodal_b
N003752,OPP001788,P179,4,True,html_ish
N003753,OPP001789,P006,0,False,nodal_b
N003754,OPP001790,P001,0,False,nodal_a
N003755,OPP001791,P002,0,False,nodal_a
N003756,OPP001791,P003,1,True,nodal_b
N003757,OPP001792,P218,0,False,legacy
N003758,OPP001793,P002,0,False,nodal_a
N003759,OPP001794,P085,0,False,municipal
N003760,OPP001794,P094,1,False,plain
N003761,OPP001795,P008,0,False,terse
N003762,OPP001796,P240,0,False,shouty
N003763,OPP001797,P004,0,False,nodal_b
N003764,OPP001797,P002,1,False,nodal_a
N003765,OPP001797,P003,2,False,nodal_b
N003766,OPP001797,P061,3,False,html_ish
N003767,OPP001797,P094,4,False,plain
N003768,OPP001797,P188,5,True,plain
N003769,OPP001798,P094,0,False,plain
N003770,OPP001799,P136,0,False,html_ish
N003771,OPP001800,P003,0,False,nodal_b
N003772,OPP001800,P044,1,False,plain
N003773,OPP001800,P232,2,False,plain
N003774,OPP001800,P088,3,False,plain
N003775,OPP001800,P094,4,True,plain
N003776,OPP001800,P122,5,True,shouty
N003777,OPP001800,P005,6,True,nodal_a
N003778,OPP001800,P161,7,False,municipal
N003779,OPP001801,P094,0,False,plain
N003780,OPP001802,P006,0,False,nodal_b
N003781,OPP001803,P099,0,False,html_ish
N003782,OPP001803,P094,1,False,plain
N003783,OPP001803,P020,2,True,plain
N003784,OPP001803,P240,3,False,shouty
N003785,OPP001804,P200,0,False,plain
N003786,OPP001804,P002,1,False,nodal_a
N003787,OPP001804,P094,2,True,plain
N003788,OPP001804,P071,3,False,html_ish
N003789,OPP001804,P006,4,False,nodal_b
N003790,OPP001804,P005,5,False,nodal_a
N003791,OPP001804,P073,6,False,shouty
N003792,OPP001804,P129,7,False,municipal
N003793,OPP001805,P146,0,False,html_ish
N003794,OPP001806,P094,0,False,plain
N003795,OPP001806,P002,1,False,nodal_a
N003796,OPP001806,P005,2,True,nodal_a
N003797,OPP001806,P081,3,False,municipal
N003798,OPP001807,P005,0,False,nodal_a
N003799,OPP001807,P159,1,False,plain
N003800,OPP001808,P073,0,False,shouty
N003801,OPP001808,P004,1,False,nodal_b
N003802,OPP001808,P013,2,True,terse
N003803,OPP001809,P183,0,False,municipal
N003804,OPP001810,P005,0,False,nodal_a
N003805,OPP001811,P003,0,False,nodal_b
N003806,OPP001811,P240,1,False,shouty
N003807,OPP001811,P060,2,True,plain
N003808,OPP001811,P001,3,False,nodal_a
N003809,OPP001812,P053,0,False,municipal
N003810,OPP001812,P004,1,True,nodal_b
N003811,OPP001812,P002,2,False,nodal_a
N003812,OPP001812,P020,3,False,plain
N003813,OPP001813,P219,0,False,plain
N003814,OPP001814,P002,0,False,nodal_a
N003815,OPP001815,P003,0,False,nodal_b
N003816,OPP001816,P002,0,False,nodal_a
N003817,OPP001816,P013,1,False,terse
N003818,OPP001817,P167,0,False,municipal
N003819,OPP001817,P006,1,False,nodal_b
N003820,OPP001818,P005,0,False,nodal_a
N003821,OPP001819,P002,0,False,nodal_a
N003822,OPP001820,P001,0,False,nodal_a
N003823,OPP001821,P001,0,False,nodal_a
N003824,OPP001822,P094,0,False,plain
N003825,OPP001823,P242,0,False,shouty
N003826,OPP001824,P017,0,False,municipal
N003827,OPP001824,P004,1,False,nodal_b
N003828,OPP001825,P238,0,False,plain
N003829,OPP001825,P094,1,True,plain
N003830,OPP001826,P002,0,False,nodal_a
N003831,OPP001826,P003,1,True,nodal_b
N003832,OPP001826,P200,2,False,plain
N003833,OPP001826,P094,3,False,plain
N003834,OPP001826,P001,4,False,nodal_a
N003835,OPP001826,P115,5,False,plain
N003836,OPP001826,P006,6,False,nodal_b
N003837,OPP001826,P004,7,False,nodal_b
N003838,OPP001827,P002,0,False,nodal_a
N003839,OPP001828,P003,0,False,nodal_b
N003840,OPP001829,P231,0,False,plain
N003841,OPP001829,P004,1,True,nodal_b
N003842,OPP001829,P136,2,False,html_ish
N003843,OPP001829,P094,3,False,plain
N003844,OPP001829,P239,4,False,plain
N003845,OPP001830,P111,0,False,shouty
N003846,OPP001830,P001,1,True,nodal_a
N003847,OPP001830,P002,2,False,nodal_a
N003848,OPP001831,P006,0,False,nodal_b
N003849,OPP001832,P005,0,False,nodal_a
N003850,OPP001832,P209,1,True,terse
N003851,OPP001833,P006,0,False,nodal_b
N003852,OPP001834,P094,0,False,plain
N003853,OPP001835,P172,0,False,municipal
N003854,OPP001836,P232,0,False,plain
N003855,OPP001836,P004,1,True,nodal_b
N003856,OPP001837,P094,0,False,plain
N003857,OPP001838,P159,0,False,plain
N003858,OPP001839,P094,0,False,plain
N003859,OPP001840,P002,0,False,nodal_a
N003860,OPP001841,P004,0,False,nodal_b
N003861,OPP001841,P255,1,False,shouty
N003862,OPP001841,P005,2,False,nodal_a
N003863,OPP001842,P006,0,False,nodal_b
N003864,OPP001842,P004,1,True,nodal_b
N003865,OPP001842,P002,2,True,nodal_a
N003866,OPP001842,P146,3,False,html_ish
N003867,OPP001842,P094,4,False,plain
N003868,OPP001843,P172,0,False,municipal
N003869,OPP001844,P006,0,False,nodal_b
N003870,OPP001844,P241,1,False,plain
N003871,OPP001844,P136,2,False,html_ish
N003872,OPP001844,P066,3,False,terse
N003873,OPP001844,P216,4,True,html_ish
N003874,OPP001844,P002,5,False,nodal_a
N003875,OPP001844,P240,6,False,shouty
N003876,OPP001844,P020,7,False,plain
N003877,OPP001844,P001,8,False,nodal_a
N003878,OPP001845,P241,0,False,plain
N003879,OPP001845,P232,1,False,plain
N003880,OPP001846,P005,0,False,nodal_a
N003881,OPP001847,P225,0,False,municipal
N003882,OPP001848,P004,0,False,nodal_b
N003883,OPP001849,P006,0,False,nodal_b
N003884,OPP001850,P002,0,False,nodal_a
N003885,OPP001850,P094,1,False,plain
N003886,OPP001850,P001,2,True,nodal_a
N003887,OPP001851,P242,0,False,shouty
N003888,OPP001852,P003,0,False,nodal_b
N003889,OPP001853,P094,0,False,plain
N003890,OPP001854,P013,0,False,terse
N003891,OPP001855,P005,0,False,nodal_a
N003892,OPP001856,P002,0,False,nodal_a
N003893,OPP001857,P094,0,False,plain
N003894,OPP001858,P005,0,False,nodal_a
N003895,OPP001859,P020,0,False,plain
N003896,OPP001860,P004,0,False,nodal_b
N003897,OPP001861,P059,0,False,municipal
N003898,OPP001862,P005,0,False,nodal_a
N003899,OPP001863,P094,0,False,plain
N003900,OPP001864,P003,0,False,nodal_b
N003901,OPP001865,P094,0,False,plain
N003902,OPP001866,P005,0,False,nodal_a
N003903,OPP001867,P003,0,False,nodal_b
N003904,OPP001867,P002,1,True,nodal_a
N003905,OPP001868,P004,0,False,nodal_b
N003906,OPP001868,P026,1,True,municipal
N003907,OPP001868,P002,2,True,nodal_a
N003908,OPP001868,P020,3,False,plain
N003909,OPP001868,P001,4,False,nodal_a
N003910,OPP001869,P001,0,False,nodal_a
N003911,OPP001870,P094,0,False,plain
N003912,OPP001870,P227,1,False,plain
N003913,OPP001871,P020,0,False,plain
N003914,OPP001872,P183,0,False,municipal
N003915,OPP001872,P094,1,True,plain
N003916,OPP001872,P215,2,False,plain
N003917,OPP001872,P013,3,False,terse
N003918,OPP001872,P003,4,False,nodal_b
N003919,OPP001872,P004,5,False,nodal_b
N003920,OPP001872,P202,6,True,legacy
N003921,OPP001872,P039,7,False,plain
N003922,OPP001872,P006,8,False,nodal_b
N003923,OPP001873,P006,0,False,nodal_b
N003924,OPP001874,P005,0,False,nodal_a
N003925,OPP001874,P238,1,False,plain
N003926,OPP001874,P057,2,False,municipal
N003927,OPP001875,P013,0,False,terse
N003928,OPP001875,P006,1,False,nodal_b
N003929,OPP001876,P005,0,False,nodal_a
N003930,OPP001877,P006,0,False,nodal_b
N003931,OPP001878,P001,0,False,nodal_a
N003932,OPP001879,P194,0,False,municipal
N003933,OPP001880,P152,0,False,municipal
N003934,OPP001881,P094,0,False,plain
N003935,OPP001882,P131,0,False,legacy
N003936,OPP001883,P004,0,False,nodal_b
N003937,OPP001884,P248,0,False,legacy
N003938,OPP001885,P003,0,False,nodal_b
N003939,OPP001885,P116,1,True,shouty
N003940,OPP001885,P215,2,True,plain
N003941,OPP001886,P005,0,False,nodal_a
N003942,OPP001886,P186,1,False,html_ish
N003943,OPP001886,P004,2,True,nodal_b
N003944,OPP001886,P229,3,False,html_ish
N003945,OPP001887,P247,0,False,shouty
N003946,OPP001887,P020,1,False,plain
N003947,OPP001888,P240,0,False,shouty
N003948,OPP001888,P006,1,False,nodal_b
N003949,OPP001888,P004,2,False,nodal_b
N003950,OPP001889,P003,0,False,nodal_b
N003951,OPP001889,P005,1,False,nodal_a
N003952,OPP001889,P002,2,False,nodal_a
N003953,OPP001890,P005,0,False,nodal_a
N003954,OPP001891,P005,0,False,nodal_a
N003955,OPP001892,P002,0,False,nodal_a
N003956,OPP001893,P136,0,False,html_ish
N003957,OPP001893,P030,1,True,municipal
N003958,OPP001894,P181,0,False,plain
N003959,OPP001894,P094,1,False,plain
N003960,OPP001894,P071,2,False,html_ish
N003961,OPP001895,P108,0,False,municipal
N003962,OPP001896,P094,0,False,plain
N003963,OPP001897,P005,0,False,nodal_a
N003964,OPP001898,P094,0,False,plain
N003965,OPP001899,P094,0,False,plain
N003966,OPP001899,P017,1,False,municipal
N003967,OPP001899,P181,2,True,plain
N003968,OPP001899,P002,3,False,nodal_a
N003969,OPP001899,P098,4,True,municipal
N003970,OPP001899,P179,5,True,html_ish
N003971,OPP001899,P183,6,False,municipal
N003972,OPP001899,P196,7,False,html_ish
N003973,OPP001900,P094,0,False,plain
N003974,OPP001901,P225,0,False,municipal
N003975,OPP001901,P004,1,True,nodal_b
N003976,OPP001901,P079,2,False,html_ish
N003977,OPP001901,P003,3,True,nodal_b
N003978,OPP001902,P005,0,False,nodal_a
N003979,OPP001903,P094,0,False,plain
N003980,OPP001904,P001,0,False,nodal_a
N003981,OPP001904,P187,1,True,municipal
N003982,OPP001904,P005,2,False,nodal_a
N003983,OPP001904,P020,3,False,plain
N003984,OPP001905,P004,0,False,nodal_b
N003985,OPP001906,P026,0,False,municipal
N003986,OPP001907,P228,0,False,html_ish
N003987,OPP001908,P008,0,False,terse
N003988,OPP001909,P001,0,False,nodal_a
N003989,OPP001910,P094,0,False,plain
N003990,OPP001910,P044,1,False,plain
N003991,OPP001910,P240,2,False,shouty
N003992,OPP001910,P235,3,True,municipal
N003993,OPP001911,P168,0,False,municipal
N003994,OPP001912,P006,0,False,nodal_b
N003995,OPP001912,P002,1,True,nodal_a
N003996,OPP001913,P094,0,False,plain
N003997,OPP001914,P241,0,False,plain
N003998,OPP001915,P004,0,False,nodal_b
N003999,OPP001915,P240,1,False,shouty
N004000,OPP001915,P219,2,False,plain
N004001,OPP001916,P004,0,False,nodal_b
N004002,OPP001916,P003,1,True,nodal_b
N004003,OPP001916,P232,2,False,plain
N004004,OPP001916,P162,3,True,plain
N004005,OPP001917,P005,0,False,nodal_a
N004006,OPP001918,P001,0,False,nodal_a
N004007,OPP001918,P005,1,True,nodal_a
N004008,OPP001918,P248,2,False,legacy
N004009,OPP001919,P094,0,False,plain
N004010,OPP001920,P217,0,False,plain
N004011,OPP001921,P001,0,False,nodal_a
N004012,OPP001922,P004,0,False,nodal_b
N004013,OPP001922,P002,1,False,nodal_a
N004014,OPP001923,P015,0,False,terse
N004015,OPP001924,P168,0,False,municipal
N004016,OPP001925,P002,0,False,nodal_a
N004017,OPP001925,P013,1,False,terse
N004018,OPP001926,P094,0,False,plain
N004019,OPP001927,P005,0,False,nodal_a
N004020,OPP001927,P001,1,False,nodal_a
N004021,OPP001928,P207,0,False,plain
N004022,OPP001929,P001,0,False,nodal_a
N004023,OPP001930,P234,0,False,municipal
N004024,OPP001930,P094,1,False,plain
N004025,OPP001930,P122,2,True,shouty
N004026,OPP001931,P041,0,False,html_ish
N004027,OPP001931,P240,1,True,shouty
N004028,OPP001931,P022,2,False,terse
N004029,OPP001932,P006,0,False,nodal_b
N004030,OPP001932,P064,1,True,plain
N004031,OPP001933,P240,0,False,shouty
N004032,OPP001933,P094,1,False,plain
N004033,OPP001933,P257,2,True,html_ish
N004034,OPP001934,P094,0,False,plain
N004035,OPP001934,P096,1,True,html_ish
N004036,OPP001935,P094,0,False,plain
N004037,OPP001935,P003,1,True,nodal_b
N004038,OPP001935,P189,2,True,plain
N004039,OPP001935,P112,3,False,shouty
N004040,OPP001936,P232,0,False,plain
N004041,OPP001937,P005,0,False,nodal_a
N004042,OPP001938,P094,0,False,plain
N004043,OPP001939,P006,0,False,nodal_b
N004044,OPP001940,P169,0,False,shouty
N004045,OPP001941,P005,0,False,nodal_a
N004046,OPP001942,P208,0,False,plain
N004047,OPP001942,P094,1,False,plain
N004048,OPP001942,P005,2,True,nodal_a
N004049,OPP001943,P006,0,False,nodal_b
N004050,OPP001944,P189,0,False,plain
N004051,OPP001945,P094,0,False,plain
N004052,OPP001945,P004,1,False,nodal_b
N004053,OPP001946,P001,0,False,nodal_a
N004054,OPP001947,P004,0,False,nodal_b
N004055,OPP001948,P094,0,False,plain
N004056,OPP001949,P191,0,False,plain
N004057,OPP001950,P005,0,False,nodal_a
N004058,OPP001951,P014,0,False,html_ish
N004059,OPP001951,P217,1,False,plain
N004060,OPP001951,P181,2,False,plain
N004061,OPP001951,P094,3,True,plain
N004062,OPP001951,P256,4,True,legacy
N004063,OPP001952,P002,0,False,nodal_a
N004064,OPP001952,P034,1,False,shouty
N004065,OPP001952,P004,2,False,nodal_b
N004066,OPP001952,P035,3,False,plain
N004067,OPP001952,P094,4,True,plain
N004068,OPP001952,P140,5,False,terse
N004069,OPP001953,P006,0,False,nodal_b
N004070,OPP001953,P041,1,True,html_ish
N004071,OPP001953,P181,2,False,plain
N004072,OPP001953,P150,3,False,html_ish
N004073,OPP001953,P213,4,False,municipal
N004074,OPP001954,P003,0,False,nodal_b
N004075,OPP001955,P004,0,False,nodal_b
N004076,OPP001955,P094,1,False,plain
N004077,OPP001955,P020,2,True,plain
N004078,OPP001955,P006,3,False,nodal_b
N004079,OPP001955,P142,4,False,terse
N004080,OPP001955,P002,5,False,nodal_a
N004081,OPP001955,P001,6,True,nodal_a
N004082,OPP001956,P004,0,False,nodal_b
N004083,OPP001957,P240,0,False,shouty
N004084,OPP001958,P006,0,False,nodal_b
N004085,OPP001958,P069,1,True,html_ish
N004086,OPP001958,P172,2,True,municipal
N004087,OPP001959,P246,0,False,plain
N004088,OPP001960,P181,0,False,plain
N004089,OPP001960,P227,1,True,plain
N004090,OPP001960,P003,2,True,nodal_b
N004091,OPP001960,P094,3,False,plain
N004092,OPP001961,P094,0,False,plain
N004093,OPP001962,P222,0,False,plain
N004094,OPP001963,P015,0,False,terse
N004095,OPP001963,P088,1,True,plain
N004096,OPP001963,P135,2,False,html_ish
N004097,OPP001963,P176,3,True,plain
N004098,OPP001964,P005,0,False,nodal_a
N004099,OPP001964,P194,1,False,municipal
N004100,OPP001964,P006,2,True,nodal_b
N004101,OPP001964,P002,3,True,nodal_a
N004102,OPP001964,P130,4,False,plain
N004103,OPP001964,P090,5,False,terse
N004104,OPP001965,P006,0,False,nodal_b
N004105,OPP001966,P044,0,False,plain
N004106,OPP001967,P002,0,False,nodal_a
N004107,OPP001967,P006,1,False,nodal_b
N004108,OPP001968,P020,0,False,plain
N004109,OPP001968,P088,1,True,plain
N004110,OPP001968,P031,2,False,shouty
N004111,OPP001968,P111,3,False,shouty
N004112,OPP001969,P002,0,False,nodal_a
N004113,OPP001969,P203,1,False,municipal
N004114,OPP001969,P037,2,False,terse
N004115,OPP001970,P227,0,False,plain
N004116,OPP001970,P240,1,False,shouty
N004117,OPP001970,P003,2,True,nodal_b
N004118,OPP001971,P056,0,False,html_ish
N004119,OPP001972,P228,0,False,html_ish
N004120,OPP001973,P003,0,False,nodal_b
N004121,OPP001974,P240,0,False,shouty
N004122,OPP001974,P006,1,True,nodal_b
N004123,OPP001974,P081,2,True,municipal
N004124,OPP001974,P137,3,False,html_ish
N004125,OPP001975,P003,0,False,nodal_b
N004126,OPP001975,P094,1,True,plain
N004127,OPP001975,P195,2,False,html_ish
N004128,OPP001975,P225,3,True,municipal
N004129,OPP001975,P120,4,False,legacy
N004130,OPP001975,P006,5,False,nodal_b
N004131,OPP001976,P238,0,False,plain
N004132,OPP001977,P001,0,False,nodal_a
N004133,OPP001977,P003,1,True,nodal_b
N004134,OPP001978,P232,0,False,plain
N004135,OPP001978,P003,1,True,nodal_b
N004136,OPP001979,P020,0,False,plain
N004137,OPP001980,P001,0,False,nodal_a
N004138,OPP001981,P229,0,False,html_ish
N004139,OPP001982,P095,0,False,html_ish
N004140,OPP001982,P006,1,False,nodal_b
N004141,OPP001983,P111,0,False,shouty
N004142,OPP001984,P094,0,False,plain
N004143,OPP001985,P232,0,False,plain
N004144,OPP001985,P001,1,True,nodal_a
N004145,OPP001986,P020,0,False,plain
N004146,OPP001987,P195,0,False,html_ish
N004147,OPP001988,P004,0,False,nodal_b
N004148,OPP001989,P094,0,False,plain
N004149,OPP001990,P238,0,False,plain
N004150,OPP001991,P031,0,False,shouty
N004151,OPP001992,P002,0,False,nodal_a
N004152,OPP001992,P019,1,True,municipal
N004153,OPP001992,P220,2,False,html_ish
N004154,OPP001992,P072,3,False,html_ish
N004155,OPP001993,P084,0,False,terse
N004156,OPP001994,P005,0,False,nodal_a
N004157,OPP001994,P061,1,True,html_ish
N004158,OPP001994,P104,2,True,plain
N004159,OPP001994,P094,3,False,plain
N004160,OPP001995,P094,0,False,plain
N004161,OPP001996,P094,0,False,plain
N004162,OPP001996,P221,1,True,terse
N004163,OPP001996,P005,2,False,nodal_a
N004164,OPP001996,P229,3,False,html_ish
N004165,OPP001996,P218,4,False,legacy
N004166,OPP001996,P043,5,False,plain
N004167,OPP001997,P003,0,False,nodal_b
N004168,OPP001998,P001,0,False,nodal_a
N004169,OPP001998,P027,1,False,plain
N004170,OPP001999,P001,0,False,nodal_a
N004171,OPP002000,P099,0,False,html_ish
N004172,OPP002000,P184,1,True,legacy
N004173,OPP002000,P090,2,True,terse
N004174,OPP002001,P135,0,False,html_ish
N004175,OPP002001,P094,1,False,plain
N004176,OPP002001,P004,2,True,nodal_b
N004177,OPP002001,P240,3,False,shouty
N004178,OPP002002,P006,0,False,nodal_b
N004179,OPP002002,P246,1,False,plain
N004180,OPP002002,P004,2,True,nodal_b
N004181,OPP002002,P003,3,True,nodal_b
N004182,OPP002002,P094,4,True,plain
N004183,OPP002002,P020,5,False,plain
N004184,OPP002003,P002,0,False,nodal_a
N004185,OPP002003,P257,1,True,html_ish
N004186,OPP002004,P004,0,False,nodal_b
N004187,OPP002005,P240,0,False,shouty
N004188,OPP002006,P240,0,False,shouty
N004189,OPP002006,P094,1,True,plain
N004190,OPP002006,P006,2,True,nodal_b
N004191,OPP002006,P004,3,True,nodal_b
N004192,OPP002007,P172,0,False,municipal
N004193,OPP002008,P001,0,False,nodal_a
N004194,OPP002008,P215,1,True,plain
N004195,OPP002008,P006,2,False,nodal_b
N004196,OPP002008,P005,3,True,nodal_a
N004197,OPP002008,P238,4,False,plain
N004198,OPP002009,P005,0,False,nodal_a
N004199,OPP002010,P004,0,False,nodal_b
N004200,OPP002011,P073,0,False,shouty
N004201,OPP002011,P244,1,False,terse
N004202,OPP002011,P093,2,False,municipal
N004203,OPP002011,P094,3,True,plain
N004204,OPP002011,P146,4,True,html_ish
N004205,OPP002011,P089,5,False,html_ish
N004206,OPP002012,P035,0,False,plain
N004207,OPP002013,P003,0,False,nodal_b
N004208,OPP002014,P112,0,False,shouty
N004209,OPP002015,P044,0,False,plain
N004210,OPP002016,P240,0,False,shouty
N004211,OPP002017,P039,0,False,plain
N004212,OPP002018,P003,0,False,nodal_b
N004213,OPP002019,P058,0,False,municipal
N004214,OPP002019,P231,1,True,plain
N004215,OPP002019,P005,2,True,nodal_a
N004216,OPP002020,P050,0,False,municipal
N004217,OPP002020,P001,1,False,nodal_a
N004218,OPP002021,P004,0,False,nodal_b
N004219,OPP002022,P002,0,False,nodal_a
N004220,OPP002023,P006,0,False,nodal_b
N004221,OPP002023,P002,1,False,nodal_a
N004222,OPP002024,P004,0,False,nodal_b
N004223,OPP002024,P003,1,False,nodal_b
N004224,OPP002024,P166,2,False,html_ish
N004225,OPP002024,P044,3,False,plain
N004226,OPP002024,P213,4,True,municipal
N004227,OPP002025,P200,0,False,plain
N004228,OPP002025,P094,1,False,plain
N004229,OPP002026,P002,0,False,nodal_a
N004230,OPP002026,P004,1,False,nodal_b
N004231,OPP002026,P240,2,False,shouty
N004232,OPP002026,P245,3,True,terse
N004233,OPP002026,P106,4,True,plain
N004234,OPP002027,P061,0,False,html_ish
N004235,OPP002027,P147,1,False,municipal
N004236,OPP002027,P002,2,False,nodal_a
N004237,OPP002027,P094,3,False,plain
N004238,OPP002027,P231,4,True,plain
N004239,OPP002028,P005,0,False,nodal_a
N004240,OPP002029,P147,0,False,municipal
N004241,OPP002030,P003,0,False,nodal_b
N004242,OPP002031,P094,0,False,plain
N004243,OPP002031,P090,1,False,terse
N004244,OPP002031,P005,2,True,nodal_a
N004245,OPP002031,P209,3,False,terse
N004246,OPP002031,P228,4,True,html_ish
N004247,OPP002031,P002,5,False,nodal_a
N004248,OPP002031,P169,6,False,shouty
N004249,OPP002032,P255,0,False,shouty
N004250,OPP002032,P240,1,True,shouty
N004251,OPP002032,P094,2,False,plain
N004252,OPP002032,P005,3,True,nodal_a
N004253,OPP002032,P216,4,True,html_ish
N004254,OPP002032,P003,5,False,nodal_b
N004255,OPP002032,P001,6,False,nodal_a
N004256,OPP002032,P006,7,False,nodal_b
N004257,OPP002033,P165,0,False,plain
N004258,OPP002034,P231,0,False,plain
N004259,OPP002035,P094,0,False,plain
N004260,OPP002035,P005,1,False,nodal_a
N004261,OPP002035,P003,2,False,nodal_b
N004262,OPP002035,P006,3,True,nodal_b
N004263,OPP002035,P088,4,True,plain
N004264,OPP002035,P120,5,False,legacy
N004265,OPP002035,P044,6,False,plain
N004266,OPP002035,P194,7,True,municipal
N004267,OPP002036,P001,0,False,nodal_a
N004268,OPP002037,P151,0,False,terse
N004269,OPP002038,P245,0,False,terse
N004270,OPP002038,P005,1,True,nodal_a
N004271,OPP002038,P077,2,False,plain
N004272,OPP002038,P014,3,True,html_ish
N004273,OPP002038,P094,4,True,plain
N004274,OPP002039,P001,0,False,nodal_a
N004275,OPP002039,P147,1,False,municipal
N004276,OPP002039,P240,2,True,shouty
N004277,OPP002040,P006,0,False,nodal_b
N004278,OPP002041,P004,0,False,nodal_b
N004279,OPP002042,P003,0,False,nodal_b
N004280,OPP002042,P240,1,True,shouty
N004281,OPP002043,P006,0,False,nodal_b
N004282,OPP002044,P215,0,False,plain
N004283,OPP002044,P006,1,False,nodal_b
N004284,OPP002044,P004,2,True,nodal_b
N004285,OPP002044,P240,3,False,shouty
N004286,OPP002044,P094,4,True,plain
N004287,OPP002045,P228,0,False,html_ish
N004288,OPP002045,P202,1,True,legacy
N004289,OPP002045,P094,2,False,plain
N004290,OPP002045,P004,3,True,nodal_b
N004291,OPP002045,P005,4,False,nodal_a
N004292,OPP002046,P215,0,False,plain
N004293,OPP002047,P020,0,False,plain
N004294,OPP002048,P088,0,False,plain
N004295,OPP002048,P004,1,False,nodal_b
N004296,OPP002049,P111,0,False,shouty
N004297,OPP002049,P002,1,False,nodal_a
N004298,OPP002050,P006,0,False,nodal_b
N004299,OPP002050,P003,1,False,nodal_b
N004300,OPP002051,P228,0,False,html_ish
N004301,OPP002052,P006,0,False,nodal_b
N004302,OPP002053,P094,0,False,plain
N004303,OPP002053,P006,1,False,nodal_b
N004304,OPP002054,P096,0,False,html_ish
N004305,OPP002055,P001,0,False,nodal_a
N004306,OPP002056,P044,0,False,plain
N004307,OPP002056,P094,1,False,plain
N004308,OPP002057,P094,0,False,plain
N004309,OPP002058,P004,0,False,nodal_b
N004310,OPP002059,P001,0,False,nodal_a
N004311,OPP002059,P088,1,True,plain
N004312,OPP002059,P231,2,False,plain
N004313,OPP002060,P060,0,False,plain
N004314,OPP002061,P226,0,False,plain
N004315,OPP002062,P004,0,False,nodal_b
N004316,OPP002063,P120,0,False,legacy
N004317,OPP002064,P004,0,False,nodal_b
N004318,OPP002065,P001,0,False,nodal_a
N004319,OPP002066,P044,0,False,plain
N004320,OPP002067,P001,0,False,nodal_a
N004321,OPP002068,P094,0,False,plain
N004322,OPP002069,P004,0,False,nodal_b
N004323,OPP002070,P061,0,False,html_ish
N004324,OPP002071,P094,0,False,plain
N004325,OPP002072,P141,0,False,municipal
N004326,OPP002072,P005,1,True,nodal_a
N004327,OPP002072,P225,2,True,municipal
N004328,OPP002072,P052,3,True,html_ish
N004329,OPP002072,P094,4,False,plain
N004330,OPP002072,P255,5,True,shouty
N004331,OPP002072,P020,6,True,plain
N004332,OPP002073,P005,0,False,nodal_a
N004333,OPP002074,P208,0,False,plain
N004334,OPP002075,P014,0,False,html_ish
N004335,OPP002075,P216,1,False,html_ish
N004336,OPP002076,P231,0,False,plain
N004337,OPP002077,P094,0,False,plain
N004338,OPP002077,P168,1,False,municipal
N004339,OPP002077,P252,2,True,shouty
N004340,OPP002077,P006,3,True,nodal_b
N004341,OPP002078,P046,0,False,terse
N004342,OPP002079,P094,0,False,plain
N004343,OPP002080,P003,0,False,nodal_b
N004344,OPP002081,P094,0,False,plain
N004345,OPP002081,P003,1,True,nodal_b
N004346,OPP002081,P015,2,False,terse
N004347,OPP002081,P207,3,True,plain
N004348,OPP002081,P203,4,True,municipal
N004349,OPP002081,P005,5,False,nodal_a
N004350,OPP002082,P146,0,False,html_ish
N004351,OPP002082,P003,1,False,nodal_b
N004352,OPP002082,P094,2,False,plain
N004353,OPP002082,P078,3,False,municipal
N004354,OPP002082,P044,4,False,plain
N004355,OPP002082,P002,5,True,nodal_a
N004356,OPP002082,P004,6,False,nodal_b
N004357,OPP002083,P057,0,False,municipal
N004358,OPP002083,P091,1,True,municipal
N004359,OPP002084,P258,0,False,html_ish
N004360,OPP002085,P227,0,False,plain
N004361,OPP002085,P004,1,False,nodal_b
N004362,OPP002085,P005,2,True,nodal_a
N004363,OPP002085,P020,3,True,plain
N004364,OPP002085,P180,4,False,legacy
N004365,OPP002085,P221,5,False,terse
N004366,OPP002085,P001,6,True,nodal_a
N004367,OPP002085,P146,7,False,html_ish
N004368,OPP002086,P020,0,False,plain
N004369,OPP002086,P089,1,False,html_ish
N004370,OPP002087,P088,0,False,plain
N004371,OPP002087,P203,1,True,municipal
N004372,OPP002087,P094,2,True,plain
N004373,OPP002087,P002,3,False,nodal_a
N004374,OPP002087,P207,4,False,plain
N004375,OPP002088,P094,0,False,plain
N004376,OPP002089,P005,0,False,nodal_a
N004377,OPP002089,P103,1,True,plain
N004378,OPP002089,P028,2,False,plain
N004379,OPP002090,P005,0,False,nodal_a
N004380,OPP002091,P020,0,False,plain
N004381,OPP002091,P094,1,False,plain
N004382,OPP002091,P001,2,False,nodal_a
N004383,OPP002091,P152,3,False,municipal
N004384,OPP002091,P078,4,True,municipal
N004385,OPP002092,P041,0,False,html_ish
N004386,OPP002092,P013,1,False,terse
N004387,OPP002092,P240,2,False,shouty
N004388,OPP002092,P205,3,True,plain
N004389,OPP002092,P146,4,False,html_ish
N004390,OPP002092,P004,5,True,nodal_b
N004391,OPP002092,P006,6,False,nodal_b
N004392,OPP002092,P001,7,False,nodal_a
N004393,OPP002092,P057,8,False,municipal
N004394,OPP002093,P001,0,False,nodal_a
N004395,OPP002094,P215,0,False,plain
N004396,OPP002095,P004,0,False,nodal_b
N004397,OPP002096,P150,0,False,html_ish
N004398,OPP002097,P002,0,False,nodal_a
N004399,OPP002098,P221,0,False,terse
N004400,OPP002098,P002,1,False,nodal_a
N004401,OPP002098,P001,2,True,nodal_a
N004402,OPP002098,P189,3,False,plain
N004403,OPP002098,P006,4,False,nodal_b
N004404,OPP002098,P094,5,False,plain
N004405,OPP002098,P003,6,False,nodal_b
N004406,OPP002099,P257,0,False,html_ish
N004407,OPP002100,P097,0,False,html_ish
N004408,OPP002101,P240,0,False,shouty
N004409,OPP002102,P094,0,False,plain
N004410,OPP002103,P005,0,False,nodal_a
N004411,OPP002103,P039,1,False,plain
N004412,OPP002103,P002,2,False,nodal_a
N004413,OPP002104,P002,0,False,nodal_a
N004414,OPP002104,P004,1,False,nodal_b
N004415,OPP002104,P094,2,True,plain
N004416,OPP002105,P094,0,False,plain
N004417,OPP002106,P004,0,False,nodal_b
N004418,OPP002106,P006,1,False,nodal_b
N004419,OPP002106,P005,2,False,nodal_a
N004420,OPP002106,P054,3,True,plain
N004421,OPP002106,P211,4,True,shouty
N004422,OPP002107,P088,0,False,plain
N004423,OPP002107,P235,1,False,municipal
N004424,OPP002108,P001,0,False,nodal_a
N004425,OPP002109,P002,0,False,nodal_a
N004426,OPP002109,P004,1,True,nodal_b
N004427,OPP002109,P001,2,False,nodal_a
N004428,OPP002109,P136,3,False,html_ish
N004429,OPP002110,P020,0,False,plain
N004430,OPP002111,P001,0,False,nodal_a
N004431,OPP002112,P020,0,False,plain
N004432,OPP002112,P094,1,False,plain
N004433,OPP002112,P004,2,False,nodal_b
N004434,OPP002112,P098,3,True,municipal
N004435,OPP002112,P002,4,True,nodal_a
N004436,OPP002112,P003,5,False,nodal_b
N004437,OPP002113,P001,0,False,nodal_a
N004438,OPP002114,P256,0,False,legacy
N004439,OPP002114,P020,1,False,plain
N004440,OPP002114,P081,2,False,municipal
N004441,OPP002114,P004,3,False,nodal_b
N004442,OPP002114,P094,4,False,plain
N004443,OPP002115,P005,0,False,nodal_a
N004444,OPP002115,P020,1,True,plain
N004445,OPP002116,P140,0,False,terse
N004446,OPP002117,P044,0,False,plain
N004447,OPP002118,P094,0,False,plain
N004448,OPP002118,P143,1,True,html_ish
N004449,OPP002118,P221,2,False,terse
N004450,OPP002118,P004,3,False,nodal_b
N004451,OPP002118,P002,4,True,nodal_a
N004452,OPP002119,P120,0,False,legacy
N004453,OPP002120,P005,0,False,nodal_a
N004454,OPP002120,P044,1,False,plain
N004455,OPP002120,P094,2,False,plain
N004456,OPP002120,P002,3,False,nodal_a
N004457,OPP002120,P215,4,True,plain
N004458,OPP002121,P094,0,False,plain
N004459,OPP002122,P011,0,False,terse
N004460,OPP002123,P094,0,False,plain
N004461,OPP002124,P240,0,False,shouty
N004462,OPP002124,P189,1,False,plain
N004463,OPP002124,P241,2,False,plain
N004464,OPP002125,P228,0,False,html_ish
N004465,OPP002126,P002,0,False,nodal_a
N004466,OPP002127,P001,0,False,nodal_a
N004467,OPP002128,P094,0,False,plain
N004468,OPP002128,P211,1,False,shouty
N004469,OPP002128,P122,2,False,shouty
N004470,OPP002129,P004,0,False,nodal_b
N004471,OPP002130,P094,0,False,plain
N004472,OPP002130,P203,1,False,municipal
N004473,OPP002130,P128,2,False,html_ish
N004474,OPP002131,P003,0,False,nodal_b
N004475,OPP002131,P232,1,True,plain
N004476,OPP002132,P141,0,False,municipal
N004477,OPP002132,P094,1,False,plain
N004478,OPP002132,P005,2,True,nodal_a
N004479,OPP002133,P020,0,False,plain
N004480,OPP002133,P091,1,False,municipal
N004481,OPP002133,P001,2,False,nodal_a
N004482,OPP002133,P018,3,False,plain
N004483,OPP002134,P091,0,False,municipal
N004484,OPP002134,P094,1,False,plain
N004485,OPP002135,P240,0,False,shouty
N004486,OPP002136,P189,0,False,plain
N004487,OPP002137,P094,0,False,plain
N004488,OPP002137,P003,1,False,nodal_b
N004489,OPP002138,P006,0,False,nodal_b
N004490,OPP002138,P005,1,True,nodal_a
N004491,OPP002138,P094,2,False,plain
N004492,OPP002138,P002,3,True,nodal_a
N004493,OPP002139,P064,0,False,plain
N004494,OPP002139,P003,1,False,nodal_b
N004495,OPP002139,P002,2,False,nodal_a
N004496,OPP002140,P228,0,False,html_ish
N004497,OPP002140,P094,1,False,plain
N004498,OPP002140,P011,2,True,terse
N004499,OPP002140,P006,3,True,nodal_b
N004500,OPP002140,P020,4,False,plain
N004501,OPP002141,P238,0,False,plain
N004502,OPP002142,P005,0,False,nodal_a
N004503,OPP002142,P094,1,False,plain
N004504,OPP002143,P200,0,False,plain
N004505,OPP002144,P094,0,False,plain
N004506,OPP002144,P020,1,True,plain
N004507,OPP002144,P145,2,True,terse
N004508,OPP002144,P003,3,False,nodal_b
N004509,OPP002145,P073,0,False,shouty
N004510,OPP002145,P094,1,True,plain
N004511,OPP002145,P004,2,True,nodal_b
N004512,OPP002145,P003,3,True,nodal_b
N004513,OPP002145,P005,4,False,nodal_a
N004514,OPP002146,P001,0,False,nodal_a
N004515,OPP002146,P238,1,False,plain
N004516,OPP002146,P044,2,True,plain
N004517,OPP002147,P044,0,False,plain
N004518,OPP002147,P094,1,False,plain
N004519,OPP002147,P228,2,False,html_ish
N004520,OPP002147,P098,3,True,municipal
N004521,OPP002147,P020,4,False,plain
N004522,OPP002148,P005,0,False,nodal_a
N004523,OPP002149,P168,0,False,municipal
N004524,OPP002149,P006,1,False,nodal_b
N004525,OPP002150,P002,0,False,nodal_a
N004526,OPP002151,P094,0,False,plain
N004527,OPP002152,P200,0,False,plain
N004528,OPP002153,P235,0,False,municipal
N004529,OPP002153,P131,1,True,legacy
N004530,OPP002154,P094,0,False,plain
N004531,OPP002154,P020,1,False,plain
N004532,OPP002155,P003,0,False,nodal_b
N004533,OPP002156,P094,0,False,plain
N004534,OPP002157,P001,0,False,nodal_a
N004535,OPP002157,P020,1,True,plain
N004536,OPP002157,P044,2,True,plain
N004537,OPP002157,P005,3,False,nodal_a
N004538,OPP002158,P005,0,False,nodal_a
N004539,OPP002159,P166,0,False,html_ish
N004540,OPP002159,P094,1,True,plain
N004541,OPP002159,P044,2,False,plain
N004542,OPP002159,P042,3,False,plain
N004543,OPP002159,P216,4,False,html_ish
N004544,OPP002159,P005,5,False,nodal_a
N004545,OPP002159,P049,6,False,municipal
N004546,OPP002159,P202,7,True,legacy
N004547,OPP002159,P240,8,True,shouty
N004548,OPP002160,P094,0,False,plain
N004549,OPP002161,P003,0,False,nodal_b
N004550,OPP002161,P038,1,False,plain
N004551,OPP002161,P089,2,False,html_ish
N004552,OPP002162,P184,0,False,legacy
N004553,OPP002162,P094,1,True,plain
N004554,OPP002163,P004,0,False,nodal_b
N004555,OPP002163,P001,1,False,nodal_a
N004556,OPP002163,P094,2,False,plain
N004557,OPP002164,P122,0,False,shouty
N004558,OPP002165,P013,0,False,terse
N004559,OPP002166,P001,0,False,nodal_a
N004560,OPP002167,P087,0,False,plain
N004561,OPP002168,P001,0,False,nodal_a
N004562,OPP002169,P039,0,False,plain
N004563,OPP002170,P004,0,False,nodal_b
N004564,OPP002170,P005,1,True,nodal_a
N004565,OPP002171,P002,0,False,nodal_a
N004566,OPP002171,P147,1,False,municipal
N004567,OPP002171,P195,2,False,html_ish
N004568,OPP002172,P005,0,False,nodal_a
N004569,OPP002173,P003,0,False,nodal_b
N004570,OPP002174,P232,0,False,plain
N004571,OPP002174,P004,1,True,nodal_b
N004572,OPP002174,P095,2,True,html_ish
N004573,OPP002174,P090,3,False,terse
N004574,OPP002174,P181,4,False,plain
N004575,OPP002174,P003,5,False,nodal_b
N004576,OPP002175,P013,0,False,terse
N004577,OPP002175,P020,1,False,plain
N004578,OPP002175,P006,2,True,nodal_b
N004579,OPP002175,P005,3,False,nodal_a
N004580,OPP002175,P164,4,True,plain
N004581,OPP002176,P052,0,False,html_ish
N004582,OPP002177,P005,0,False,nodal_a
N004583,OPP002177,P003,1,False,nodal_b
N004584,OPP002178,P242,0,False,shouty
N004585,OPP002179,P215,0,False,plain
N004586,OPP002179,P005,1,True,nodal_a
N004587,OPP002180,P005,0,False,nodal_a
N004588,OPP002181,P001,0,False,nodal_a
N004589,OPP002182,P094,0,False,plain
N004590,OPP002183,P228,0,False,html_ish
N004591,OPP002184,P094,0,False,plain
N004592,OPP002185,P180,0,False,legacy
N004593,OPP002186,P013,0,False,terse
N004594,OPP002187,P094,0,False,plain
N004595,OPP002188,P006,0,False,nodal_b
N004596,OPP002189,P139,0,False,plain
N004597,OPP002190,P003,0,False,nodal_b
N004598,OPP002191,P227,0,False,plain
N004599,OPP002192,P006,0,False,nodal_b
N004600,OPP002193,P004,0,False,nodal_b
N004601,OPP002193,P240,1,True,shouty
N004602,OPP002194,P190,0,False,html_ish
N004603,OPP002194,P004,1,True,nodal_b
N004604,OPP002195,P002,0,False,nodal_a
N004605,OPP002196,P108,0,False,municipal
N004606,OPP002196,P004,1,False,nodal_b
N004607,OPP002197,P142,0,False,terse
N004608,OPP002198,P004,0,False,nodal_b
N004609,OPP002199,P002,0,False,nodal_a
N004610,OPP002199,P217,1,True,plain
N004611,OPP002199,P003,2,False,nodal_b
N004612,OPP002199,P004,3,True,nodal_b
N004613,OPP002200,P221,0,False,terse
N004614,OPP002201,P207,0,False,plain
N004615,OPP002201,P101,1,True,plain
N004616,OPP002202,P084,0,False,terse
N004617,OPP002202,P002,1,False,nodal_a
N004618,OPP002203,P002,0,False,nodal_a
N004619,OPP002204,P027,0,False,plain
N004620,OPP002204,P094,1,True,plain
N004621,OPP002205,P003,0,False,nodal_b
N004622,OPP002206,P005,0,False,nodal_a
N004623,OPP002206,P006,1,True,nodal_b
N004624,OPP002207,P005,0,False,nodal_a
N004625,OPP002207,P001,1,True,nodal_a
N004626,OPP002208,P241,0,False,plain
N004627,OPP002209,P001,0,False,nodal_a
N004628,OPP002209,P002,1,True,nodal_a
N004629,OPP002210,P003,0,False,nodal_b
N004630,OPP002211,P049,0,False,municipal
N004631,OPP002212,P042,0,False,plain
N004632,OPP002213,P004,0,False,nodal_b
N004633,OPP002213,P003,1,True,nodal_b
N004634,OPP002213,P002,2,False,nodal_a
N004635,OPP002213,P001,3,True,nodal_a
N004636,OPP002213,P240,4,True,shouty
N004637,OPP002213,P097,5,True,html_ish
N004638,OPP002214,P094,0,False,plain
N004639,OPP002214,P142,1,False,terse
N004640,OPP002215,P122,0,False,shouty
N004641,OPP002215,P141,1,False,municipal
N004642,OPP002215,P005,2,False,nodal_a
N004643,OPP002216,P006,0,False,nodal_b
N004644,OPP002216,P181,1,False,plain
N004645,OPP002216,P240,2,False,shouty
N004646,OPP002216,P094,3,True,plain
N004647,OPP002216,P232,4,False,plain
N004648,OPP002216,P239,5,True,plain
N004649,OPP002217,P181,0,False,plain
N004650,OPP002218,P001,0,False,nodal_a
N004651,OPP002218,P041,1,False,html_ish
N004652,OPP002218,P020,2,False,plain
N004653,OPP002218,P240,3,True,shouty
N004654,OPP002218,P006,4,True,nodal_b
N004655,OPP002219,P002,0,False,nodal_a
N004656,OPP002220,P006,0,False,nodal_b
N004657,OPP002220,P004,1,True,nodal_b
N004658,OPP002220,P189,2,False,plain
N004659,OPP002220,P044,3,False,plain
N004660,OPP002220,P002,4,False,nodal_a
N004661,OPP002221,P094,0,False,plain
N004662,OPP002222,P002,0,False,nodal_a
N004663,OPP002222,P004,1,False,nodal_b
N004664,OPP002222,P005,2,True,nodal_a
N004665,OPP002223,P065,0,False,municipal
N004666,OPP002223,P094,1,False,plain
N004667,OPP002223,P006,2,False,nodal_b
N004668,OPP002224,P094,0,False,plain
N004669,OPP002225,P020,0,False,plain
N004670,OPP002226,P094,0,False,plain
N004671,OPP002227,P094,0,False,plain
N004672,OPP002227,P001,1,False,nodal_a
N004673,OPP002228,P191,0,False,plain
N004674,OPP002229,P006,0,False,nodal_b
N004675,OPP002230,P057,0,False,municipal
N004676,OPP002230,P179,1,False,html_ish
N004677,OPP002230,P215,2,True,plain
N004678,OPP002231,P002,0,False,nodal_a
N004679,OPP002231,P021,1,True,municipal
N004680,OPP002231,P001,2,False,nodal_a
N004681,OPP002232,P217,0,False,plain
N004682,OPP002233,P240,0,False,shouty
N004683,OPP002233,P004,1,True,nodal_b
N004684,OPP002234,P181,0,False,plain
N004685,OPP002234,P140,1,False,terse
N004686,OPP002235,P227,0,False,plain
N004687,OPP002235,P142,1,True,terse
N004688,OPP002235,P094,2,True,plain
N004689,OPP002235,P240,3,True,shouty
N004690,OPP002236,P094,0,False,plain
N004691,OPP002237,P235,0,False,municipal
N004692,OPP002238,P242,0,False,shouty
N004693,OPP002239,P006,0,False,nodal_b
N004694,OPP002240,P006,0,False,nodal_b
N004695,OPP002240,P094,1,True,plain
N004696,OPP002240,P200,2,True,plain
N004697,OPP002241,P094,0,False,plain
N004698,OPP002242,P006,0,False,nodal_b
N004699,OPP002243,P050,0,False,municipal
N004700,OPP002244,P094,0,False,plain
N004701,OPP002244,P001,1,False,nodal_a
N004702,OPP002244,P004,2,True,nodal_b
N004703,OPP002244,P097,3,True,html_ish
N004704,OPP002245,P156,0,False,html_ish
N004705,OPP002246,P088,0,False,plain
N004706,OPP002246,P006,1,True,nodal_b
N004707,OPP002246,P058,2,True,municipal
N004708,OPP002246,P005,3,False,nodal_a
N004709,OPP002246,P230,4,True,municipal
N004710,OPP002246,P045,5,False,shouty
N004711,OPP002246,P094,6,False,plain
N004712,OPP002247,P001,0,False,nodal_a
N004713,OPP002247,P255,1,False,shouty
N004714,OPP002247,P203,2,False,municipal
N004715,OPP002247,P094,3,False,plain
N004716,OPP002247,P239,4,True,plain
N004717,OPP002248,P004,0,False,nodal_b
N004718,OPP002248,P137,1,True,html_ish
N004719,OPP002248,P136,2,False,html_ish
N004720,OPP002249,P131,0,False,legacy
N004721,OPP002250,P002,0,False,nodal_a
N004722,OPP002250,P020,1,True,plain
N004723,OPP002251,P189,0,False,plain
N004724,OPP002251,P184,1,False,legacy
N004725,OPP002251,P094,2,True,plain
N004726,OPP002251,P240,3,True,shouty
N004727,OPP002251,P006,4,False,nodal_b
N004728,OPP002252,P006,0,False,nodal_b
N004729,OPP002253,P004,0,False,nodal_b
N004730,OPP002253,P020,1,True,plain
N004731,OPP002254,P006,0,False,nodal_b
N004732,OPP002255,P006,0,False,nodal_b
N004733,OPP002256,P003,0,False,nodal_b
N004734,OPP002256,P094,1,True,plain
N004735,OPP002256,P056,2,True,html_ish
N004736,OPP002257,P001,0,False,nodal_a
N004737,OPP002258,P003,0,False,nodal_b
N004738,OPP002258,P213,1,False,municipal
N004739,OPP002258,P136,2,False,html_ish
N004740,OPP002259,P091,0,False,municipal
N004741,OPP002260,P227,0,False,plain
N004742,OPP002260,P068,1,True,shouty
N004743,OPP002261,P181,0,False,plain
N004744,OPP002262,P094,0,False,plain
N004745,OPP002262,P049,1,True,municipal
N004746,OPP002263,P232,0,False,plain
N004747,OPP002264,P006,0,False,nodal_b
N004748,OPP002265,P214,0,False,plain
N004749,OPP002265,P181,1,False,plain
N004750,OPP002265,P021,2,False,municipal
N004751,OPP002266,P227,0,False,plain
N004752,OPP002267,P004,0,False,nodal_b
N004753,OPP002268,P246,0,False,plain
N004754,OPP002269,P005,0,False,nodal_a
N004755,OPP002270,P001,0,False,nodal_a
N004756,OPP002271,P061,0,False,html_ish
N004757,OPP002272,P054,0,False,plain
N004758,OPP002273,P001,0,False,nodal_a
N004759,OPP002273,P004,1,True,nodal_b
N004760,OPP002273,P232,2,True,plain
N004761,OPP002274,P189,0,False,plain
N004762,OPP002274,P005,1,False,nodal_a
N004763,OPP002274,P004,2,True,nodal_b
N004764,OPP002275,P001,0,False,nodal_a
N004765,OPP002276,P094,0,False,plain
N004766,OPP002277,P136,0,False,html_ish
N004767,OPP002278,P094,0,False,plain
N004768,OPP002278,P161,1,True,municipal
N004769,OPP002278,P006,2,True,nodal_b
N004770,OPP002278,P004,3,True,nodal_b
N004771,OPP002278,P240,4,False,shouty
N004772,OPP002278,P134,5,False,plain
N004773,OPP002278,P077,6,False,plain
N004774,OPP002278,P001,7,True,nodal_a
N004775,OPP002278,P209,8,True,terse
N004776,OPP002279,P006,0,False,nodal_b
N004777,OPP002279,P005,1,True,nodal_a
N004778,OPP002279,P227,2,True,plain
N004779,OPP002279,P002,3,True,nodal_a
N004780,OPP002279,P122,4,True,shouty
N004781,OPP002280,P011,0,False,terse
N004782,OPP002280,P217,1,False,plain
N004783,OPP002280,P094,2,False,plain
N004784,OPP002280,P227,3,True,plain
N004785,OPP002281,P005,0,False,nodal_a
N004786,OPP002282,P073,0,False,shouty
N004787,OPP002282,P146,1,False,html_ish
N004788,OPP002282,P175,2,False,plain
N004789,OPP002282,P057,3,False,municipal
N004790,OPP002283,P003,0,False,nodal_b
N004791,OPP002283,P001,1,False,nodal_a
N004792,OPP002283,P228,2,True,html_ish
N004793,OPP002284,P005,0,False,nodal_a
N004794,OPP002284,P123,1,True,terse
N004795,OPP002285,P001,0,False,nodal_a
N004796,OPP002285,P175,1,False,plain
N004797,OPP002286,P044,0,False,plain
N004798,OPP002287,P094,0,False,plain
N004799,OPP002288,P006,0,False,nodal_b
N004800,OPP002289,P094,0,False,plain
N004801,OPP002290,P002,0,False,nodal_a
N004802,OPP002290,P028,1,True,plain
N004803,OPP002291,P100,0,False,plain
N004804,OPP002291,P136,1,True,html_ish
N004805,OPP002292,P005,0,False,nodal_a
N004806,OPP002293,P002,0,False,nodal_a
N004807,OPP002294,P166,0,False,html_ish
N004808,OPP002294,P094,1,False,plain
N004809,OPP002295,P001,0,False,nodal_a
N004810,OPP002296,P004,0,False,nodal_b
N004811,OPP002297,P004,0,False,nodal_b
N004812,OPP002298,P005,0,False,nodal_a
N004813,OPP002298,P094,1,False,plain
N004814,OPP002299,P240,0,False,shouty
N004815,OPP002299,P227,1,True,plain
N004816,OPP002299,P229,2,False,html_ish
N004817,OPP002300,P004,0,False,nodal_b
N004818,OPP002301,P020,0,False,plain
N004819,OPP002302,P001,0,False,nodal_a
N004820,OPP002302,P003,1,False,nodal_b
N004821,OPP002303,P094,0,False,plain
N004822,OPP002304,P002,0,False,nodal_a
N004823,OPP002304,P094,1,False,plain
N004824,OPP002304,P181,2,False,plain
N004825,OPP002304,P246,3,True,plain
N004826,OPP002305,P255,0,False,shouty
N004827,OPP002306,P200,0,False,plain
N004828,OPP002307,P091,0,False,municipal
N004829,OPP002308,P094,0,False,plain
N004830,OPP002309,P241,0,False,plain
N004831,OPP002310,P006,0,False,nodal_b
N004832,OPP002311,P215,0,False,plain
N004833,OPP002312,P006,0,False,nodal_b
N004834,OPP002312,P001,1,False,nodal_a
N004835,OPP002312,P003,2,False,nodal_b
N004836,OPP002312,P005,3,False,nodal_a
N004837,OPP002312,P141,4,False,municipal
N004838,OPP002313,P236,0,False,plain
N004839,OPP002313,P003,1,False,nodal_b
N004840,OPP002314,P143,0,False,html_ish
N004841,OPP002315,P003,0,False,nodal_b
N004842,OPP002316,P002,0,False,nodal_a
N004843,OPP002316,P094,1,False,plain
N004844,OPP002316,P004,2,False,nodal_b
N004845,OPP002316,P001,3,False,nodal_a
N004846,OPP002316,P020,4,False,plain
N004847,OPP002316,P232,5,False,plain
N004848,OPP002317,P002,0,False,nodal_a
N004849,OPP002318,P199,0,False,plain
N004850,OPP002319,P217,0,False,plain
N004851,OPP002319,P003,1,False,nodal_b
N004852,OPP002320,P213,0,False,municipal
N004853,OPP002321,P094,0,False,plain
N004854,OPP002322,P069,0,False,html_ish
N004855,OPP002322,P143,1,True,html_ish
N004856,OPP002322,P001,2,True,nodal_a
N004857,OPP002322,P094,3,True,plain
N004858,OPP002322,P241,4,True,plain
N004859,OPP002323,P020,0,False,plain
N004860,OPP002324,P170,0,False,plain
N004861,OPP002324,P002,1,False,nodal_a
N004862,OPP002324,P006,2,True,nodal_b
N004863,OPP002324,P094,3,False,plain
N004864,OPP002324,P189,4,False,plain
N004865,OPP002325,P146,0,False,html_ish
N004866,OPP002325,P001,1,False,nodal_a
N004867,OPP002326,P240,0,False,shouty
N004868,OPP002326,P175,1,False,plain
N004869,OPP002326,P112,2,False,shouty
N004870,OPP002327,P101,0,False,plain
N004871,OPP002328,P094,0,False,plain
N004872,OPP002329,P255,0,False,shouty
N004873,OPP002330,P065,0,False,municipal
N004874,OPP002331,P183,0,False,municipal
N004875,OPP002331,P003,1,False,nodal_b
N004876,OPP002331,P005,2,False,nodal_a
N004877,OPP002332,P143,0,False,html_ish
N004878,OPP002332,P255,1,False,shouty
N004879,OPP002332,P005,2,False,nodal_a
N004880,OPP002333,P094,0,False,plain
N004881,OPP002333,P166,1,True,html_ish
N004882,OPP002334,P057,0,False,municipal
N004883,OPP002335,P227,0,False,plain
N004884,OPP002336,P073,0,False,shouty
N004885,OPP002336,P240,1,True,shouty
N004886,OPP002336,P050,2,True,municipal
N004887,OPP002337,P094,0,False,plain
N004888,OPP002338,P002,0,False,nodal_a
N004889,OPP002339,P005,0,False,nodal_a
N004890,OPP002340,P005,0,False,nodal_a
N004891,OPP002340,P238,1,False,plain
N004892,OPP002341,P227,0,False,plain
N004893,OPP002342,P227,0,False,plain
N004894,OPP002342,P094,1,False,plain
N004895,OPP002343,P001,0,False,nodal_a
N004896,OPP002343,P044,1,True,plain
N004897,OPP002343,P094,2,False,plain
N004898,OPP002344,P005,0,False,nodal_a
N004899,OPP002345,P094,0,False,plain
N004900,OPP002345,P020,1,False,plain
N004901,OPP002345,P240,2,True,shouty
N004902,OPP002346,P001,0,False,nodal_a
N004903,OPP002346,P094,1,True,plain
N004904,OPP002346,P044,2,True,plain
N004905,OPP002346,P218,3,False,legacy
N004906,OPP002346,P182,4,False,plain
N004907,OPP002346,P042,5,False,plain
N004908,OPP002347,P094,0,False,plain
N004909,OPP002348,P005,0,False,nodal_a
N004910,OPP002349,P087,0,False,plain
N004911,OPP002350,P006,0,False,nodal_b
N004912,OPP002350,P233,1,False,terse
N004913,OPP002351,P021,0,False,municipal
N004914,OPP002351,P044,1,False,plain
N004915,OPP002352,P094,0,False,plain
N004916,OPP002353,P044,0,False,plain
N004917,OPP002353,P094,1,False,plain
N004918,OPP002354,P006,0,False,nodal_b
N004919,OPP002354,P094,1,True,plain
N004920,OPP002354,P001,2,False,nodal_a
N004921,OPP002354,P045,3,False,shouty
N004922,OPP002354,P005,4,False,nodal_a
N004923,OPP002354,P097,5,False,html_ish
N004924,OPP002355,P120,0,False,legacy
N004925,OPP002355,P073,1,True,shouty
N004926,OPP002356,P168,0,False,municipal
N004927,OPP002357,P137,0,False,html_ish
N004928,OPP002358,P020,0,False,plain
N004929,OPP002358,P094,1,True,plain
N004930,OPP002359,P004,0,False,nodal_b
N004931,OPP002359,P142,1,False,terse
N004932,OPP002359,P094,2,False,plain
N004933,OPP002360,P005,0,False,nodal_a
N004934,OPP002360,P170,1,True,plain
N004935,OPP002360,P097,2,True,html_ish
N004936,OPP002361,P096,0,False,html_ish
N004937,OPP002362,P004,0,False,nodal_b
N004938,OPP002362,P255,1,True,shouty
N004939,OPP002362,P005,2,False,nodal_a
N004940,OPP002363,P094,0,False,plain
N004941,OPP002364,P020,0,False,plain
N004942,OPP002365,P107,0,False,terse
N004943,OPP002366,P001,0,False,nodal_a
N004944,OPP002366,P002,1,False,nodal_a
N004945,OPP002366,P005,2,False,nodal_a
N004946,OPP002367,P006,0,False,nodal_b
N004947,OPP002368,P235,0,False,municipal
N004948,OPP002369,P094,0,False,plain
N004949,OPP002370,P203,0,False,municipal
N004950,OPP002371,P006,0,False,nodal_b
N004951,OPP002372,P003,0,False,nodal_b
N004952,OPP002372,P001,1,False,nodal_a
N004953,OPP002372,P094,2,True,plain
N004954,OPP002372,P061,3,False,html_ish
N004955,OPP002372,P006,4,True,nodal_b
N004956,OPP002373,P129,0,False,municipal
N004957,OPP002374,P094,0,False,plain
N004958,OPP002375,P120,0,False,legacy
N004959,OPP002376,P006,0,False,nodal_b
N004960,OPP002377,P094,0,False,plain
N004961,OPP002378,P003,0,False,nodal_b
N004962,OPP002379,P004,0,False,nodal_b
N004963,OPP002379,P005,1,False,nodal_a
N004964,OPP002380,P181,0,False,plain
N004965,OPP002380,P094,1,False,plain
N004966,OPP002380,P004,2,False,nodal_b
N004967,OPP002380,P006,3,False,nodal_b
N004968,OPP002381,P189,0,False,plain
N004969,OPP002381,P001,1,False,nodal_a
N004970,OPP002381,P240,2,True,shouty
N004971,OPP002381,P006,3,True,nodal_b
N004972,OPP002381,P003,4,False,nodal_b
N004973,OPP002381,P257,5,False,html_ish
N004974,OPP002381,P091,6,False,municipal
N004975,OPP002381,P094,7,True,plain
N004976,OPP002381,P215,8,False,plain
N004977,OPP002382,P077,0,False,plain
N004978,OPP002383,P006,0,False,nodal_b
N004979,OPP002383,P224,1,True,municipal
N004980,OPP002383,P221,2,True,terse
N004981,OPP002383,P013,3,False,terse
N004982,OPP002383,P005,4,True,nodal_a
N004983,OPP002383,P147,5,True,municipal
N004984,OPP002384,P004,0,False,nodal_b
N004985,OPP002384,P238,1,True,plain
N004986,OPP002385,P004,0,False,nodal_b
N004987,OPP002386,P094,0,False,plain
N004988,OPP002387,P002,0,False,nodal_a
N004989,OPP002387,P088,1,True,plain
N004990,OPP002387,P116,2,False,shouty
N004991,OPP002387,P068,3,True,shouty
N004992,OPP002387,P003,4,True,nodal_b
N004993,OPP002388,P005,0,False,nodal_a
N004994,OPP002388,P029,1,True,plain
N004995,OPP002389,P002,0,False,nodal_a
N004996,OPP002389,P240,1,False,shouty
N004997,OPP002389,P005,2,True,nodal_a
N004998,OPP002390,P216,0,False,html_ish
N004999,OPP002391,P070,0,False,municipal
N005000,OPP002392,P058,0,False,municipal
N005001,OPP002393,P018,0,False,plain
N005002,OPP002394,P036,0,False,html_ish
N005003,OPP002394,P112,1,False,shouty
N005004,OPP002394,P094,2,False,plain
N005005,OPP002394,P002,3,True,nodal_a
N005006,OPP002395,P094,0,False,plain
N005007,OPP002396,P001,0,False,nodal_a
N005008,OPP002397,P005,0,False,nodal_a
N005009,OPP002398,P004,0,False,nodal_b
N005010,OPP002399,P124,0,False,plain
N005011,OPP002399,P002,1,True,nodal_a
N005012,OPP002399,P094,2,True,plain
N005013,OPP002400,P001,0,False,nodal_a
N005014,OPP002401,P094,0,False,plain
N005015,OPP002402,P094,0,False,plain
N005016,OPP002402,P004,1,True,nodal_b
N005017,OPP002403,P120,0,False,legacy
N005018,OPP002404,P094,0,False,plain
N005019,OPP002405,P003,0,False,nodal_b
N005020,OPP002405,P240,1,False,shouty
N005021,OPP002406,P004,0,False,nodal_b
N005022,OPP002406,P232,1,False,plain
N005023,OPP002406,P094,2,True,plain
N005024,OPP002406,P171,3,False,shouty
N005025,OPP002407,P240,0,False,shouty
N005026,OPP002408,P240,0,False,shouty
N005027,OPP002409,P088,0,False,plain
N005028,OPP002409,P196,1,False,html_ish
N005029,OPP002410,P077,0,False,plain
N005030,OPP002411,P216,0,False,html_ish
N005031,OPP002412,P006,0,False,nodal_b
N005032,OPP002413,P006,0,False,nodal_b
N005033,OPP002414,P050,0,False,municipal
N005034,OPP002415,P027,0,False,plain
N005035,OPP002415,P215,1,True,plain
N005036,OPP002415,P189,2,True,plain
N005037,OPP002415,P087,3,True,plain
N005038,OPP002415,P004,4,True,nodal_b
N005039,OPP002415,P094,5,False,plain
N005040,OPP002416,P235,0,False,municipal
N005041,OPP002416,P146,1,True,html_ish
N005042,OPP002416,P065,2,False,municipal
N005043,OPP002417,P001,0,False,nodal_a
N005044,OPP002418,P240,0,False,shouty
N005045,OPP002418,P242,1,True,shouty
N005046,OPP002419,P071,0,False,html_ish
N005047,OPP002420,P005,0,False,nodal_a
N005048,OPP002421,P227,0,False,plain
N005049,OPP002422,P094,0,False,plain
N005050,OPP002422,P065,1,True,municipal
N005051,OPP002423,P145,0,False,terse
N005052,OPP002423,P129,1,False,municipal
N005053,OPP002424,P003,0,False,nodal_b
N005054,OPP002424,P146,1,False,html_ish
N005055,OPP002425,P214,0,False,plain
N005056,OPP002425,P253,1,False,html_ish
N005057,OPP002425,P200,2,False,plain
N005058,OPP002426,P003,0,False,nodal_b
N005059,OPP002426,P041,1,False,html_ish
N005060,OPP002427,P200,0,False,plain
N005061,OPP002428,P060,0,False,plain
N005062,OPP002429,P006,0,False,nodal_b
N005063,OPP002430,P116,0,False,shouty
N005064,OPP002430,P006,1,False,nodal_b
N005065,OPP002430,P060,2,False,plain
N005066,OPP002430,P113,3,False,plain
N005067,OPP002430,P106,4,True,plain
N005068,OPP002430,P131,5,False,legacy
N005069,OPP002431,P094,0,False,plain
N005070,OPP002432,P167,0,False,municipal
N005071,OPP002432,P088,1,False,plain
N005072,OPP002433,P005,0,False,nodal_a
N005073,OPP002433,P061,1,False,html_ish
N005074,OPP002433,P001,2,True,nodal_a
N005075,OPP002434,P002,0,False,nodal_a
N005076,OPP002434,P006,1,True,nodal_b
N005077,OPP002434,P004,2,False,nodal_b
N005078,OPP002434,P003,3,False,nodal_b
N005079,OPP002435,P002,0,False,nodal_a
N005080,OPP002435,P003,1,True,nodal_b
N005081,OPP002436,P213,0,False,municipal
N005082,OPP002437,P017,0,False,municipal
N005083,OPP002438,P003,0,False,nodal_b
N005084,OPP002439,P041,0,False,html_ish
N005085,OPP002440,P020,0,False,plain
N005086,OPP002441,P014,0,False,html_ish
N005087,OPP002442,P004,0,False,nodal_b
N005088,OPP002443,P225,0,False,municipal
N005089,OPP002444,P020,0,False,plain
N005090,OPP002445,P240,0,False,shouty
N005091,OPP002446,P001,0,False,nodal_a
N005092,OPP002446,P006,1,False,nodal_b
N005093,OPP002446,P162,2,False,plain
N005094,OPP002446,P005,3,True,nodal_a
N005095,OPP002447,P150,0,False,html_ish
N005096,OPP002448,P144,0,False,municipal
N005097,OPP002449,P215,0,False,plain
N005098,OPP002450,P061,0,False,html_ish
N005099,OPP002451,P004,0,False,nodal_b
N005100,OPP002451,P002,1,True,nodal_a
N005101,OPP002451,P086,2,True,municipal
N005102,OPP002452,P160,0,False,html_ish
N005103,OPP002453,P146,0,False,html_ish
N005104,OPP002453,P064,1,True,plain
N005105,OPP002453,P250,2,False,html_ish
N005106,OPP002453,P005,3,False,nodal_a
N005107,OPP002453,P041,4,False,html_ish
N005108,OPP002454,P003,0,False,nodal_b
N005109,OPP002454,P105,1,False,municipal
N005110,OPP002455,P006,0,False,nodal_b
N005111,OPP002456,P058,0,False,municipal
N005112,OPP002457,P020,0,False,plain
N005113,OPP002458,P091,0,False,municipal
N005114,OPP002459,P075,0,False,plain
N005115,OPP002459,P006,1,False,nodal_b
N005116,OPP002459,P004,2,False,nodal_b
N005117,OPP002459,P111,3,False,shouty
N005118,OPP002459,P146,4,False,html_ish
N005119,OPP002460,P006,0,False,nodal_b
N005120,OPP002460,P189,1,True,plain
N005121,OPP002460,P232,2,True,plain
N005122,OPP002461,P094,0,False,plain
N005123,OPP002461,P003,1,False,nodal_b
N005124,OPP002461,P195,2,True,html_ish
N005125,OPP002461,P020,3,False,plain
N005126,OPP002462,P006,0,False,nodal_b
N005127,OPP002462,P005,1,False,nodal_a
N005128,OPP002462,P004,2,False,nodal_b
N005129,OPP002463,P094,0,False,plain
N005130,OPP002463,P001,1,False,nodal_a
N005131,OPP002463,P003,2,False,nodal_b
N005132,OPP002463,P044,3,True,plain
N005133,OPP002464,P225,0,False,municipal
N005134,OPP002465,P005,0,False,nodal_a
N005135,OPP002465,P068,1,True,shouty
N005136,OPP002466,P094,0,False,plain
N005137,OPP002467,P154,0,False,plain
N005138,OPP002467,P094,1,False,plain
N005139,OPP002468,P006,0,False,nodal_b
N005140,OPP002469,P003,0,False,nodal_b
N005141,OPP002470,P137,0,False,html_ish
N005142,OPP002471,P013,0,False,terse
N005143,OPP002472,P089,0,False,html_ish
N005144,OPP002473,P094,0,False,plain
N005145,OPP002474,P094,0,False,plain
N005146,OPP002474,P001,1,False,nodal_a
N005147,OPP002474,P079,2,True,html_ish
N005148,OPP002475,P005,0,False,nodal_a
N005149,OPP002476,P094,0,False,plain
N005150,OPP002476,P003,1,False,nodal_b
N005151,OPP002476,P088,2,True,plain
N005152,OPP002476,P006,3,False,nodal_b
N005153,OPP002476,P116,4,False,shouty
N005154,OPP002477,P071,0,False,html_ish
N005155,OPP002477,P014,1,True,html_ish
N005156,OPP002477,P026,2,True,municipal
N005157,OPP002477,P124,3,True,plain
N005158,OPP002477,P069,4,False,html_ish
N005159,OPP002477,P005,5,False,nodal_a
N005160,OPP002477,P041,6,True,html_ish
N005161,OPP002477,P143,7,False,html_ish
N005162,OPP002478,P002,0,False,nodal_a
N005163,OPP002479,P003,0,False,nodal_b
N005164,OPP002479,P084,1,False,terse
N005165,OPP002480,P094,0,False,plain
N005166,OPP002481,P094,0,False,plain
N005167,OPP002481,P005,1,False,nodal_a
N005168,OPP002481,P003,2,False,nodal_b
N005169,OPP002482,P003,0,False,nodal_b
N005170,OPP002482,P005,1,False,nodal_a
N005171,OPP002482,P002,2,True,nodal_a
N005172,OPP002483,P002,0,False,nodal_a
N005173,OPP002483,P014,1,False,html_ish
N005174,OPP002483,P044,2,False,plain
N005175,OPP002484,P094,0,False,plain
N005176,OPP002485,P094,0,False,plain
N005177,OPP002485,P004,1,True,nodal_b
N005178,OPP002485,P053,2,False,municipal
N005179,OPP002485,P228,3,True,html_ish
N005180,OPP002486,P094,0,False,plain
N005181,OPP002486,P005,1,True,nodal_a
N005182,OPP002486,P003,2,False,nodal_b
N005183,OPP002487,P207,0,False,plain
N005184,OPP002488,P215,0,False,plain
N005185,OPP002489,P131,0,False,legacy
N005186,OPP002490,P094,0,False,plain
N005187,OPP002490,P005,1,True,nodal_a
N005188,OPP002491,P215,0,False,plain
N005189,OPP002491,P094,1,False,plain
N005190,OPP002492,P001,0,False,nodal_a
N005191,OPP002493,P003,0,False,nodal_b
N005192,OPP002494,P003,0,False,nodal_b
N005193,OPP002495,P240,0,False,shouty
N005194,OPP002495,P061,1,False,html_ish
N005195,OPP002496,P006,0,False,nodal_b
N005196,OPP002496,P064,1,False,plain
N005197,OPP002497,P044,0,False,plain
N005198,OPP002497,P002,1,True,nodal_a
N005199,OPP002497,P240,2,False,shouty
N005200,OPP002497,P094,3,False,plain
N005201,OPP002497,P004,4,False,nodal_b
N005202,OPP002497,P006,5,True,nodal_b
N005203,OPP002497,P020,6,True,plain
N005204,OPP002497,P005,7,False,nodal_a
N005205,OPP002497,P229,8,False,html_ish
N005206,OPP002498,P094,0,False,plain
N005207,OPP002499,P094,0,False,plain
N005208,OPP002499,P003,1,False,nodal_b
N005209,OPP002500,P069,0,False,html_ish
N005210,OPP002501,P191,0,False,plain
N005211,OPP002501,P240,1,False,shouty
N005212,OPP002501,P094,2,True,plain
N005213,OPP002502,P111,0,False,shouty
N005214,OPP002503,P094,0,False,plain
N005215,OPP002503,P089,1,True,html_ish
N005216,OPP002504,P061,0,False,html_ish
N005217,OPP002505,P005,0,False,nodal_a
N005218,OPP002505,P204,1,True,plain
N005219,OPP002505,P011,2,True,terse
N005220,OPP002506,P042,0,False,plain
N005221,OPP002506,P004,1,False,nodal_b
N005222,OPP002507,P002,0,False,nodal_a
N005223,OPP002507,P221,1,False,terse
N005224,OPP002507,P143,2,False,html_ish
N005225,OPP002507,P004,3,False,nodal_b
N005226,OPP002508,P005,0,False,nodal_a
N005227,OPP002509,P181,0,False,plain
N005228,OPP002509,P002,1,False,nodal_a
N005229,OPP002509,P020,2,False,plain
N005230,OPP002509,P211,3,False,shouty
N005231,OPP002510,P136,0,False,html_ish
N005232,OPP002510,P094,1,False,plain
N005233,OPP002511,P003,0,False,nodal_b
N005234,OPP002512,P094,0,False,plain
N005235,OPP002513,P246,0,False,plain
N005236,OPP002513,P002,1,False,nodal_a
N005237,OPP002513,P094,2,False,plain
N005238,OPP002513,P006,3,False,nodal_b
N005239,OPP002513,P046,4,True,terse
N005240,OPP002513,P003,5,True,nodal_b
N005241,OPP002513,P227,6,True,plain
N005242,OPP002513,P040,7,False,html_ish
N005243,OPP002514,P004,0,False,nodal_b
N005244,OPP002515,P228,0,False,html_ish
N005245,OPP002515,P005,1,False,nodal_a
N005246,OPP002515,P004,2,False,nodal_b
N005247,OPP002516,P181,0,False,plain
N005248,OPP002517,P002,0,False,nodal_a
N005249,OPP002517,P001,1,True,nodal_a
N005250,OPP002517,P094,2,False,plain
N005251,OPP002517,P163,3,False,municipal
N005252,OPP002517,P004,4,True,nodal_b
N005253,OPP002517,P020,5,True,plain
N005254,OPP002518,P044,0,False,plain
N005255,OPP002519,P001,0,False,nodal_a
N005256,OPP002520,P181,0,False,plain
N005257,OPP002520,P002,1,False,nodal_a
N005258,OPP002520,P003,2,False,nodal_b
N005259,OPP002520,P094,3,True,plain
N005260,OPP002520,P001,4,False,nodal_a
N005261,OPP002520,P044,5,False,plain
N005262,OPP002520,P065,6,False,municipal
N005263,OPP002520,P005,7,False,nodal_a
N005264,OPP002520,P160,8,False,html_ish
N005265,OPP002521,P004,0,False,nodal_b
N005266,OPP002522,P004,0,False,nodal_b
N005267,OPP002522,P003,1,True,nodal_b
N005268,OPP002523,P166,0,False,html_ish
N005269,OPP002523,P006,1,True,nodal_b
N005270,OPP002524,P213,0,False,municipal
N005271,OPP002525,P003,0,False,nodal_b
N005272,OPP002526,P006,0,False,nodal_b
N005273,OPP002527,P002,0,False,nodal_a
N005274,OPP002528,P005,0,False,nodal_a
N005275,OPP002528,P094,1,False,plain
N005276,OPP002528,P003,2,False,nodal_b
N005277,OPP002528,P246,3,False,plain
N005278,OPP002528,P020,4,True,plain
N005279,OPP002529,P003,0,False,nodal_b
N005280,OPP002529,P091,1,False,municipal
N005281,OPP002529,P118,2,False,plain
N005282,OPP002529,P175,3,False,plain
N005283,OPP002529,P001,4,False,nodal_a
N005284,OPP002529,P200,5,True,plain
N005285,OPP002529,P094,6,False,plain
N005286,OPP002530,P044,0,False,plain
N005287,OPP002530,P131,1,False,legacy
N005288,OPP002530,P005,2,True,nodal_a
N005289,OPP002531,P005,0,False,nodal_a
N005290,OPP002532,P221,0,False,terse
N005291,OPP002532,P005,1,False,nodal_a
N005292,OPP002532,P246,2,False,plain
N005293,OPP002533,P013,0,False,terse
N005294,OPP002534,P004,0,False,nodal_b
N005295,OPP002534,P120,1,False,legacy
N005296,OPP002534,P094,2,True,plain
N005297,OPP002534,P006,3,True,nodal_b
N005298,OPP002534,P020,4,True,plain
N005299,OPP002534,P180,5,False,legacy
N005300,OPP002535,P005,0,False,nodal_a
N005301,OPP002535,P001,1,True,nodal_a
N005302,OPP002536,P094,0,False,plain
N005303,OPP002537,P005,0,False,nodal_a
N005304,OPP002537,P122,1,True,shouty
N005305,OPP002537,P094,2,False,plain
N005306,OPP002537,P003,3,True,nodal_b
N005307,OPP002537,P189,4,False,plain
N005308,OPP002538,P003,0,False,nodal_b
N005309,OPP002539,P002,0,False,nodal_a
N005310,OPP002540,P006,0,False,nodal_b
N005311,OPP002541,P078,0,False,municipal
N005312,OPP002542,P006,0,False,nodal_b
N005313,OPP002543,P094,0,False,plain
N005314,OPP002544,P005,0,False,nodal_a
N005315,OPP002545,P141,0,False,municipal
N005316,OPP002546,P001,0,False,nodal_a
N005317,OPP002547,P031,0,False,shouty
N005318,OPP002548,P232,0,False,plain
N005319,OPP002548,P088,1,True,plain
N005320,OPP002548,P004,2,True,nodal_b
N005321,OPP002548,P044,3,False,plain
N005322,OPP002548,P215,4,True,plain
N005323,OPP002548,P089,5,True,html_ish
N005324,OPP002549,P147,0,False,municipal
N005325,OPP002550,P004,0,False,nodal_b
N005326,OPP002551,P064,0,False,plain
N005327,OPP002552,P106,0,False,plain
N005328,OPP002553,P114,0,False,terse
N005329,OPP002554,P131,0,False,legacy
N005330,OPP002555,P004,0,False,nodal_b
N005331,OPP002556,P184,0,False,legacy
N005332,OPP002557,P020,0,False,plain
N005333,OPP002557,P195,1,True,html_ish
N005334,OPP002558,P122,0,False,shouty
N005335,OPP002559,P001,0,False,nodal_a
N005336,OPP002560,P001,0,False,nodal_a
N005337,OPP002561,P003,0,False,nodal_b
N005338,OPP002562,P001,0,False,nodal_a
N005339,OPP002563,P003,0,False,nodal_b
N005340,OPP002563,P005,1,False,nodal_a
N005341,OPP002563,P106,2,False,plain
N005342,OPP002563,P020,3,True,plain
N005343,OPP002563,P006,4,True,nodal_b
N005344,OPP002564,P094,0,False,plain
N005345,OPP002564,P001,1,True,nodal_a
N005346,OPP002564,P039,2,False,plain
N005347,OPP002564,P016,3,False,terse
N005348,OPP002564,P014,4,False,html_ish
N005349,OPP002565,P250,0,False,html_ish
N005350,OPP002566,P215,0,False,plain
N005351,OPP002566,P094,1,False,plain
N005352,OPP002566,P003,2,True,nodal_b
N005353,OPP002566,P005,3,False,nodal_a
N005354,OPP002566,P002,4,False,nodal_a
N005355,OPP002567,P003,0,False,nodal_b
N005356,OPP002568,P184,0,False,legacy
N005357,OPP002568,P094,1,False,plain
N005358,OPP002569,P094,0,False,plain
N005359,OPP002570,P005,0,False,nodal_a
N005360,OPP002570,P057,1,False,municipal
N005361,OPP002570,P183,2,True,municipal
N005362,OPP002571,P002,0,False,nodal_a
N005363,OPP002572,P003,0,False,nodal_b
N005364,OPP002573,P004,0,False,nodal_b
N005365,OPP002574,P106,0,False,plain
N005366,OPP002575,P040,0,False,html_ish
N005367,OPP002575,P020,1,False,plain
N005368,OPP002576,P094,0,False,plain
N005369,OPP002577,P005,0,False,nodal_a
N005370,OPP002578,P083,0,False,html_ish
N005371,OPP002579,P003,0,False,nodal_b
N005372,OPP002580,P094,0,False,plain
N005373,OPP002581,P240,0,False,shouty
N005374,OPP002581,P193,1,True,shouty
N005375,OPP002581,P002,2,True,nodal_a
N005376,OPP002582,P240,0,False,shouty
N005377,OPP002583,P094,0,False,plain
N005378,OPP002584,P094,0,False,plain
N005379,OPP002584,P230,1,True,municipal
N005380,OPP002584,P109,2,False,plain
N005381,OPP002585,P005,0,False,nodal_a
N005382,OPP002585,P161,1,True,municipal
N005383,OPP002586,P002,0,False,nodal_a
N005384,OPP002587,P094,0,False,plain
N005385,OPP002588,P002,0,False,nodal_a
N005386,OPP002589,P020,0,False,plain
N005387,OPP002590,P005,0,False,nodal_a
N005388,OPP002591,P183,0,False,municipal
N005389,OPP002592,P041,0,False,html_ish
N005390,OPP002592,P100,1,False,plain
N005391,OPP002593,P013,0,False,terse
N005392,OPP002594,P001,0,False,nodal_a
N005393,OPP002594,P211,1,False,shouty
N005394,OPP002594,P241,2,True,plain
N005395,OPP002595,P020,0,False,plain
N005396,OPP002596,P003,0,False,nodal_b
N005397,OPP002596,P001,1,False,nodal_a
N005398,OPP002596,P004,2,True,nodal_b
N005399,OPP002597,P094,0,False,plain
N005400,OPP002598,P221,0,False,terse
N005401,OPP002599,P106,0,False,plain
N005402,OPP002599,P028,1,False,plain
N005403,OPP002599,P003,2,False,nodal_b
N005404,OPP002599,P094,3,True,plain
N005405,OPP002600,P120,0,False,legacy
N005406,OPP002601,P003,0,False,nodal_b
N005407,OPP002601,P010,1,False,plain
N005408,OPP002601,P004,2,True,nodal_b
N005409,OPP002602,P094,0,False,plain
N005410,OPP002603,P006,0,False,nodal_b
N005411,OPP002604,P004,0,False,nodal_b
N005412,OPP002604,P240,1,False,shouty
N005413,OPP002604,P001,2,False,nodal_a
N005414,OPP002604,P003,3,False,nodal_b
N005415,OPP002605,P221,0,False,terse
N005416,OPP002606,P004,0,False,nodal_b
N005417,OPP002607,P044,0,False,plain
N005418,OPP002607,P094,1,True,plain
N005419,OPP002607,P175,2,True,plain
N005420,OPP002607,P222,3,True,plain
N005421,OPP002608,P109,0,False,plain
N005422,OPP002609,P005,0,False,nodal_a
N005423,OPP002610,P246,0,False,plain
N005424,OPP002611,P004,0,False,nodal_b
N005425,OPP002611,P146,1,True,html_ish
N005426,OPP002612,P200,0,False,plain
N005427,OPP002612,P094,1,True,plain
N005428,OPP002613,P002,0,False,nodal_a
N005429,OPP002614,P006,0,False,nodal_b
N005430,OPP002615,P133,0,False,plain
N005431,OPP002616,P002,0,False,nodal_a
N005432,OPP002616,P166,1,True,html_ish
N005433,OPP002617,P094,0,False,plain
N005434,OPP002617,P016,1,True,terse
N005435,OPP002617,P227,2,True,plain
N005436,OPP002618,P003,0,False,nodal_b
N005437,OPP002618,P073,1,True,shouty
N005438,OPP002618,P068,2,False,shouty
N005439,OPP002619,P020,0,False,plain
N005440,OPP002620,P193,0,False,shouty
N005441,OPP002621,P146,0,False,html_ish
N005442,OPP002621,P005,1,True,nodal_a
N005443,OPP002621,P208,2,True,plain
N005444,OPP002621,P240,3,False,shouty
N005445,OPP002621,P003,4,True,nodal_b
N005446,OPP002621,P004,5,True,nodal_b
N005447,OPP002621,P006,6,True,nodal_b
N005448,OPP002622,P094,0,False,plain
N005449,OPP002623,P094,0,False,plain
N005450,OPP002623,P175,1,False,plain
N005451,OPP002623,P013,2,False,terse
N005452,OPP002623,P167,3,False,municipal
N005453,OPP002623,P207,4,False,plain
N005454,OPP002624,P221,0,False,terse
N005455,OPP002625,P136,0,False,html_ish
N005456,OPP002625,P120,1,True,legacy
N005457,OPP002626,P186,0,False,html_ish
N005458,OPP002627,P215,0,False,plain
N005459,OPP002628,P192,0,False,legacy
N005460,OPP002629,P235,0,False,municipal
N005461,OPP002630,P245,0,False,terse
N005462,OPP002630,P005,1,False,nodal_a
N005463,OPP002630,P240,2,True,shouty
N005464,OPP002631,P004,0,False,nodal_b
N005465,OPP002631,P020,1,False,plain
N005466,OPP002631,P005,2,False,nodal_a
N005467,OPP002632,P133,0,False,plain
N005468,OPP002632,P020,1,True,plain
N005469,OPP002633,P094,0,False,plain
N005470,OPP002634,P238,0,False,plain
N005471,OPP002634,P200,1,True,plain
N005472,OPP002635,P005,0,False,nodal_a
N005473,OPP002636,P001,0,False,nodal_a
N005474,OPP002637,P003,0,False,nodal_b
N005475,OPP002638,P004,0,False,nodal_b
N005476,OPP002639,P005,0,False,nodal_a
N005477,OPP002640,P155,0,False,municipal
N005478,OPP002641,P003,0,False,nodal_b
N005479,OPP002642,P094,0,False,plain
N005480,OPP002642,P001,1,False,nodal_a
N005481,OPP002643,P142,0,False,terse
N005482,OPP002644,P005,0,False,nodal_a
N005483,OPP002645,P252,0,False,shouty
N005484,OPP002646,P004,0,False,nodal_b
N005485,OPP002647,P001,0,False,nodal_a
N005486,OPP002647,P003,1,True,nodal_b
N005487,OPP002648,P089,0,False,html_ish
N005488,OPP002649,P081,0,False,municipal
N005489,OPP002649,P003,1,True,nodal_b
N005490,OPP002650,P006,0,False,nodal_b
N005491,OPP002651,P006,0,False,nodal_b
N005492,OPP002651,P069,1,True,html_ish
N005493,OPP002652,P004,0,False,nodal_b
N005494,OPP002652,P007,1,False,plain
N005495,OPP002653,P216,0,False,html_ish
N005496,OPP002653,P044,1,True,plain
N005497,OPP002653,P003,2,True,nodal_b
N005498,OPP002653,P029,3,True,plain
N005499,OPP002654,P097,0,False,html_ish
N005500,OPP002655,P006,0,False,nodal_b
N005501,OPP002656,P093,0,False,municipal
N005502,OPP002657,P006,0,False,nodal_b
N005503,OPP002657,P141,1,True,municipal
N005504,OPP002657,P195,2,False,html_ish
N005505,OPP002657,P073,3,False,shouty
N005506,OPP002657,P094,4,False,plain
N005507,OPP002657,P004,5,True,nodal_b
N005508,OPP002658,P004,0,False,nodal_b
N005509,OPP002658,P094,1,True,plain
N005510,OPP002658,P200,2,False,plain
N005511,OPP002658,P020,3,False,plain
N005512,OPP002658,P232,4,False,plain
N005513,OPP002659,P001,0,False,nodal_a
N005514,OPP002660,P094,0,False,plain
N005515,OPP002661,P002,0,False,nodal_a
N005516,OPP002662,P094,0,False,plain
N005517,OPP002663,P004,0,False,nodal_b
N005518,OPP002663,P094,1,False,plain
N005519,OPP002664,P094,0,False,plain
N005520,OPP002664,P006,1,True,nodal_b
N005521,OPP002664,P181,2,False,plain
N005522,OPP002664,P001,3,True,nodal_a
N005523,OPP002664,P020,4,False,plain
N005524,OPP002665,P240,0,False,shouty
N005525,OPP002665,P002,1,False,nodal_a
N005526,OPP002665,P004,2,True,nodal_b
N005527,OPP002665,P062,3,False,municipal
N005528,OPP002665,P001,4,True,nodal_a
N005529,OPP002666,P075,0,False,plain
N005530,OPP002667,P096,0,False,html_ish
N005531,OPP002668,P192,0,False,legacy
N005532,OPP002668,P215,1,False,plain
N005533,OPP002668,P003,2,True,nodal_b
N005534,OPP002669,P004,0,False,nodal_b
N005535,OPP002670,P002,0,False,nodal_a
N005536,OPP002671,P094,0,False,plain
N005537,OPP002672,P088,0,False,plain
N005538,OPP002673,P002,0,False,nodal_a
N005539,OPP002673,P136,1,False,html_ish
N005540,OPP002673,P255,2,True,shouty
N005541,OPP002674,P140,0,False,terse
N005542,OPP002674,P012,1,False,plain
N005543,OPP002674,P094,2,False,plain
N005544,OPP002675,P001,0,False,nodal_a
N005545,OPP002676,P059,0,False,municipal
N005546,OPP002676,P006,1,True,nodal_b
N005547,OPP002676,P121,2,False,plain
N005548,OPP002676,P003,3,False,nodal_b
N005549,OPP002677,P001,0,False,nodal_a
N005550,OPP002678,P002,0,False,nodal_a
N005551,OPP002679,P150,0,False,html_ish
N005552,OPP002679,P094,1,True,plain
N005553,OPP002679,P106,2,True,plain
N005554,OPP002679,P044,3,False,plain
N005555,OPP002679,P002,4,True,nodal_a
N005556,OPP002680,P002,0,False,nodal_a
N005557,OPP002680,P044,1,False,plain
N005558,OPP002681,P241,0,False,plain
N005559,OPP002682,P004,0,False,nodal_b
N005560,OPP002683,P143,0,False,html_ish
N005561,OPP002684,P094,0,False,plain
N005562,OPP002685,P189,0,False,plain
N005563,OPP002686,P166,0,False,html_ish
N005564,OPP002687,P005,0,False,nodal_a
N005565,OPP002687,P094,1,True,plain
N005566,OPP002687,P054,2,True,plain
N005567,OPP002688,P069,0,False,html_ish
N005568,OPP002689,P240,0,False,shouty
N005569,OPP002689,P094,1,False,plain
N005570,OPP002689,P005,2,True,nodal_a
N005571,OPP002689,P064,3,True,plain
N005572,OPP002689,P130,4,False,plain
N005573,OPP002689,P208,5,False,plain
N005574,OPP002690,P181,0,False,plain
N005575,OPP002691,P004,0,False,nodal_b
N005576,OPP002692,P073,0,False,shouty
N005577,OPP002692,P048,1,False,html_ish
N005578,OPP002693,P002,0,False,nodal_a
N005579,OPP002694,P094,0,False,plain
N005580,OPP002695,P094,0,False,plain
N005581,OPP002695,P001,1,True,nodal_a
N005582,OPP002696,P094,0,False,plain
N005583,OPP002696,P020,1,False,plain
N005584,OPP002697,P094,0,False,plain
N005585,OPP002697,P020,1,False,plain
N005586,OPP002698,P094,0,False,plain
N005587,OPP002699,P002,0,False,nodal_a
N005588,OPP002699,P018,1,True,plain
N005589,OPP002699,P005,2,False,nodal_a
N005590,OPP002700,P094,0,False,plain
N005591,OPP002701,P001,0,False,nodal_a
N005592,OPP002701,P181,1,True,plain
N005593,OPP002701,P004,2,False,nodal_b
N005594,OPP002701,P027,3,True,plain
N005595,OPP002702,P106,0,False,plain
N005596,OPP002703,P129,0,False,municipal
N005597,OPP002704,P001,0,False,nodal_a
N005598,OPP002704,P020,1,False,plain
N005599,OPP002705,P046,0,False,terse
N005600,OPP002705,P006,1,False,nodal_b
N005601,OPP002706,P094,0,False,plain
N005602,OPP002707,P004,0,False,nodal_b
N005603,OPP002708,P136,0,False,html_ish
N005604,OPP002708,P094,1,False,plain
N005605,OPP002708,P044,2,False,plain
N005606,OPP002708,P001,3,False,nodal_a
N005607,OPP002708,P069,4,True,html_ish
N005608,OPP002708,P004,5,True,nodal_b
N005609,OPP002708,P240,6,False,shouty
N005610,OPP002708,P117,7,False,terse
N005611,OPP002709,P003,0,False,nodal_b
N005612,OPP002710,P002,0,False,nodal_a
N005613,OPP002710,P006,1,True,nodal_b
N005614,OPP002710,P094,2,False,plain
N005615,OPP002710,P020,3,False,plain
N005616,OPP002711,P094,0,False,plain
N005617,OPP002711,P002,1,False,nodal_a
N005618,OPP002711,P001,2,False,nodal_a
N005619,OPP002711,P215,3,False,plain
N005620,OPP002711,P016,4,True,terse
N005621,OPP002711,P228,5,True,html_ish
N005622,OPP002712,P094,0,False,plain
N005623,OPP002713,P044,0,False,plain
N005624,OPP002713,P077,1,False,plain
N005625,OPP002713,P041,2,False,html_ish
N005626,OPP002714,P094,0,False,plain
N005627,OPP002715,P141,0,False,municipal
N005628,OPP002715,P001,1,True,nodal_a
N005629,OPP002715,P005,2,False,nodal_a
N005630,OPP002715,P094,3,False,plain
N005631,OPP002716,P177,0,False,html_ish
N005632,OPP002717,P214,0,False,plain
N005633,OPP002718,P006,0,False,nodal_b
N005634,OPP002719,P238,0,False,plain
N005635,OPP002720,P006,0,False,nodal_b
N005636,OPP002721,P122,0,False,shouty
N005637,OPP002722,P073,0,False,shouty
N005638,OPP002722,P189,1,True,plain
N005639,OPP002722,P227,2,True,plain
N005640,OPP002722,P240,3,False,shouty
N005641,OPP002723,P253,0,False,html_ish
N005642,OPP002724,P006,0,False,nodal_b
N005643,OPP002725,P005,0,False,nodal_a
N005644,OPP002725,P006,1,False,nodal_b
N005645,OPP002726,P240,0,False,shouty
N005646,OPP002727,P005,0,False,nodal_a
N005647,OPP002727,P227,1,True,plain
N005648,OPP002727,P006,2,False,nodal_b
N005649,OPP002728,P020,0,False,plain
N005650,OPP002728,P153,1,False,terse
N005651,OPP002729,P063,0,False,shouty
N005652,OPP002729,P020,1,False,plain
N005653,OPP002730,P094,0,False,plain
N005654,OPP002730,P006,1,True,nodal_b
N005655,OPP002731,P109,0,False,plain
N005656,OPP002731,P006,1,True,nodal_b
N005657,OPP002731,P202,2,False,legacy
N005658,OPP002732,P172,0,False,municipal
N005659,OPP002733,P003,0,False,nodal_b
N005660,OPP002734,P156,0,False,html_ish
N005661,OPP002735,P180,0,False,legacy
N005662,OPP002735,P240,1,False,shouty
N005663,OPP002735,P006,2,True,nodal_b
N005664,OPP002736,P120,0,False,legacy
N005665,OPP002736,P001,1,True,nodal_a
N005666,OPP002736,P094,2,False,plain
N005667,OPP002737,P167,0,False,municipal
N005668,OPP002738,P004,0,False,nodal_b
N005669,OPP002739,P003,0,False,nodal_b
N005670,OPP002739,P004,1,False,nodal_b
N005671,OPP002739,P094,2,True,plain
N005672,OPP002739,P195,3,True,html_ish
N005673,OPP002740,P014,0,False,html_ish
N005674,OPP002740,P003,1,True,nodal_b
N005675,OPP002740,P044,2,True,plain
N005676,OPP002741,P032,0,False,municipal
N005677,OPP002741,P195,1,False,html_ish
N005678,OPP002741,P056,2,True,html_ish
N005679,OPP002742,P098,0,False,municipal
N005680,OPP002742,P152,1,True,municipal
N005681,OPP002742,P005,2,True,nodal_a
N005682,OPP002742,P044,3,False,plain
N005683,OPP002743,P075,0,False,plain
N005684,OPP002744,P044,0,False,plain
N005685,OPP002745,P123,0,False,terse
N005686,OPP002745,P044,1,False,plain
N005687,OPP002746,P094,0,False,plain
N005688,OPP002746,P227,1,False,plain
N005689,OPP002747,P005,0,False,nodal_a
N005690,OPP002748,P158,0,False,shouty
N005691,OPP002748,P181,1,True,plain
N005692,OPP002749,P004,0,False,nodal_b
N005693,OPP002750,P001,0,False,nodal_a
N005694,OPP002750,P244,1,True,terse
N005695,OPP002750,P005,2,True,nodal_a
N005696,OPP002751,P006,0,False,nodal_b
N005697,OPP002752,P166,0,False,html_ish
N005698,OPP002753,P227,0,False,plain
N005699,OPP002754,P012,0,False,plain
N005700,OPP002754,P094,1,False,plain
N005701,OPP002755,P183,0,False,municipal
N005702,OPP002755,P181,1,False,plain
N005703,OPP002756,P094,0,False,plain
N005704,OPP002757,P094,0,False,plain
N005705,OPP002758,P143,0,False,html_ish
N005706,OPP002759,P006,0,False,nodal_b
N005707,OPP002760,P122,0,False,shouty
N005708,OPP002761,P003,0,False,nodal_b
N005709,OPP002761,P002,1,True,nodal_a
N005710,OPP002761,P001,2,False,nodal_a
N005711,OPP002761,P027,3,True,plain
N005712,OPP002762,P003,0,False,nodal_b
N005713,OPP002762,P077,1,True,plain
N005714,OPP002763,P073,0,False,shouty
N005715,OPP002763,P001,1,False,nodal_a
N005716,OPP002763,P004,2,False,nodal_b
N005717,OPP002764,P004,0,False,nodal_b
N005718,OPP002764,P020,1,False,plain
N005719,OPP002764,P003,2,True,nodal_b
N005720,OPP002764,P044,3,True,plain
N005721,OPP002764,P023,4,True,plain
N005722,OPP002764,P031,5,False,shouty
N005723,OPP002765,P094,0,False,plain
N005724,OPP002766,P002,0,False,nodal_a
N005725,OPP002767,P005,0,False,nodal_a
N005726,OPP002767,P102,1,False,plain
N005727,OPP002768,P002,0,False,nodal_a
N005728,OPP002769,P088,0,False,plain
N005729,OPP002769,P001,1,False,nodal_a
N005730,OPP002769,P091,2,False,municipal
N005731,OPP002770,P094,0,False,plain
N005732,OPP002771,P235,0,False,municipal
N005733,OPP002772,P002,0,False,nodal_a
N005734,OPP002772,P181,1,False,plain
N005735,OPP002772,P145,2,False,terse
N005736,OPP002772,P001,3,True,nodal_a
N005737,OPP002773,P005,0,False,nodal_a
N005738,OPP002774,P003,0,False,nodal_b
N005739,OPP002774,P006,1,False,nodal_b
N005740,OPP002775,P225,0,False,municipal
N005741,OPP002776,P094,0,False,plain
N005742,OPP002776,P073,1,True,shouty
N005743,OPP002777,P001,0,False,nodal_a
N005744,OPP002777,P004,1,True,nodal_b
N005745,OPP002777,P240,2,True,shouty
N005746,OPP002777,P006,3,False,nodal_b
N005747,OPP002778,P004,0,False,nodal_b
N005748,OPP002778,P094,1,False,plain
N005749,OPP002779,P006,0,False,nodal_b
N005750,OPP002780,P004,0,False,nodal_b
N005751,OPP002781,P005,0,False,nodal_a
N005752,OPP002782,P244,0,False,terse
N005753,OPP002783,P069,0,False,html_ish
N005754,OPP002784,P004,0,False,nodal_b
N005755,OPP002785,P020,0,False,plain
N005756,OPP002785,P094,1,False,plain
N005757,OPP002785,P207,2,True,plain
N005758,OPP002785,P158,3,True,shouty
N005759,OPP002785,P001,4,False,nodal_a
N005760,OPP002785,P240,5,True,shouty
N005761,OPP002785,P006,6,True,nodal_b
N005762,OPP002785,P002,7,True,nodal_a
N005763,OPP002786,P021,0,False,municipal
N005764,OPP002786,P207,1,False,plain
N005765,OPP002787,P189,0,False,plain
N005766,OPP002787,P233,1,False,terse
N005767,OPP002788,P210,0,False,plain
N005768,OPP002788,P120,1,False,legacy
N005769,OPP002789,P094,0,False,plain
N005770,OPP002790,P042,0,False,plain
N005771,OPP002790,P003,1,True,nodal_b
N005772,OPP002790,P094,2,False,plain
N005773,OPP002790,P198,3,True,html_ish
N005774,OPP002790,P020,4,True,plain
N005775,OPP002790,P172,5,False,municipal
N005776,OPP002790,P142,6,True,terse
N005777,OPP002791,P094,0,False,plain
N005778,OPP002791,P005,1,False,nodal_a
N005779,OPP002791,P240,2,False,shouty
N005780,OPP002791,P160,3,True,html_ish
N005781,OPP002791,P139,4,False,plain
N005782,OPP002792,P048,0,False,html_ish
N005783,OPP002793,P146,0,False,html_ish
N005784,OPP002794,P001,0,False,nodal_a
N005785,OPP002794,P197,1,False,plain
N005786,OPP002794,P150,2,False,html_ish
N005787,OPP002794,P020,3,False,plain
N005788,OPP002794,P173,4,False,legacy
N005789,OPP002794,P002,5,False,nodal_a
N005790,OPP002794,P013,6,False,terse
N005791,OPP002794,P175,7,False,plain
N005792,OPP002795,P003,0,False,nodal_b
N005793,OPP002795,P002,1,False,nodal_a
N005794,OPP002795,P228,2,False,html_ish
N005795,OPP002795,P005,3,True,nodal_a
N005796,OPP002795,P120,4,False,legacy
N005797,OPP002795,P020,5,False,plain
N005798,OPP002795,P240,6,False,shouty
N005799,OPP002796,P006,0,False,nodal_b
N005800,OPP002796,P020,1,False,plain
N005801,OPP002797,P005,0,False,nodal_a
N005802,OPP002798,P063,0,False,shouty
N005803,OPP002799,P088,0,False,plain
N005804,OPP002800,P060,0,False,plain
N005805,OPP002801,P001,0,False,nodal_a
N005806,OPP002802,P006,0,False,nodal_b
N005807,OPP002803,P094,0,False,plain
N005808,OPP002804,P124,0,False,plain
N005809,OPP002805,P004,0,False,nodal_b
N005810,OPP002806,P157,0,False,legacy
N005811,OPP002806,P094,1,False,plain
N005812,OPP002806,P181,2,True,plain
N005813,OPP002807,P115,0,False,plain
N005814,OPP002807,P003,1,False,nodal_b
N005815,OPP002807,P143,2,False,html_ish
N005816,OPP002808,P094,0,False,plain
N005817,OPP002809,P039,0,False,plain
N005818,OPP002809,P003,1,False,nodal_b
N005819,OPP002810,P094,0,False,plain
N005820,OPP002811,P073,0,False,shouty
N005821,OPP002812,P004,0,False,nodal_b
N005822,OPP002813,P001,0,False,nodal_a
N005823,OPP002814,P013,0,False,terse
N005824,OPP002815,P003,0,False,nodal_b
N005825,OPP002815,P215,1,False,plain
N005826,OPP002815,P094,2,True,plain
N005827,OPP002816,P094,0,False,plain
N005828,OPP002816,P004,1,False,nodal_b
N005829,OPP002816,P034,2,True,shouty
N005830,OPP002817,P096,0,False,html_ish
N005831,OPP002817,P094,1,True,plain
N005832,OPP002818,P020,0,False,plain
N005833,OPP002819,P240,0,False,shouty
N005834,OPP002819,P001,1,False,nodal_a
N005835,OPP002820,P002,0,False,nodal_a
N005836,OPP002821,P115,0,False,plain
N005837,OPP002822,P003,0,False,nodal_b
N005838,OPP002823,P241,0,False,plain
N005839,OPP002823,P239,1,False,plain
N005840,OPP002823,P003,2,True,nodal_b
N005841,OPP002824,P002,0,False,nodal_a
N005842,OPP002824,P044,1,False,plain
N005843,OPP002825,P121,0,False,plain
N005844,OPP002826,P004,0,False,nodal_b
N005845,OPP002827,P202,0,False,legacy
N005846,OPP002828,P006,0,False,nodal_b
N005847,OPP002829,P003,0,False,nodal_b
N005848,OPP002830,P058,0,False,municipal
N005849,OPP002831,P003,0,False,nodal_b
N005850,OPP002832,P044,0,False,plain
N005851,OPP002833,P004,0,False,nodal_b
N005852,OPP002834,P003,0,False,nodal_b
N005853,OPP002835,P244,0,False,terse
N005854,OPP002836,P240,0,False,shouty
N005855,OPP002837,P214,0,False,plain
N005856,OPP002837,P221,1,False,terse
N005857,OPP002838,P094,0,False,plain
N005858,OPP002838,P054,1,False,plain
N005859,OPP002839,P005,0,False,nodal_a
N005860,OPP002840,P006,0,False,nodal_b
N005861,OPP002841,P003,0,False,nodal_b
N005862,OPP002842,P002,0,False,nodal_a
N005863,OPP002842,P003,1,False,nodal_b
N005864,OPP002842,P005,2,False,nodal_a
N005865,OPP002843,P240,0,False,shouty
N005866,OPP002844,P005,0,False,nodal_a
N005867,OPP002845,P227,0,False,plain
N005868,OPP002846,P044,0,False,plain
N005869,OPP002847,P006,0,False,nodal_b
N005870,OPP002848,P230,0,False,municipal
N005871,OPP002848,P142,1,True,terse
N005872,OPP002848,P033,2,False,municipal
N005873,OPP002848,P002,3,True,nodal_a
N005874,OPP002849,P200,0,False,plain
N005875,OPP002850,P001,0,False,nodal_a
N005876,OPP002850,P003,1,False,nodal_b
N005877,OPP002851,P005,0,False,nodal_a
N005878,OPP002852,P013,0,False,terse
N005879,OPP002853,P044,0,False,plain
N005880,OPP002854,P189,0,False,plain
N005881,OPP002855,P120,0,False,legacy
N005882,OPP002855,P006,1,False,nodal_b
N005883,OPP002856,P181,0,False,plain
N005884,OPP002857,P185,0,False,plain
N005885,OPP002857,P238,1,True,plain
N005886,OPP002858,P003,0,False,nodal_b
N005887,OPP002858,P200,1,False,plain
N005888,OPP002858,P240,2,True,shouty
N005889,OPP002858,P006,3,True,nodal_b
N005890,OPP002858,P094,4,False,plain
N005891,OPP002859,P001,0,False,nodal_a
N005892,OPP002859,P003,1,False,nodal_b
N005893,OPP002859,P002,2,False,nodal_a
N005894,OPP002859,P014,3,False,html_ish
N005895,OPP002859,P094,4,False,plain
N005896,OPP002860,P002,0,False,nodal_a
N005897,OPP002861,P003,0,False,nodal_b
N005898,OPP002861,P014,1,True,html_ish
N005899,OPP002862,P003,0,False,nodal_b
N005900,OPP002862,P020,1,True,plain
N005901,OPP002862,P154,2,False,plain
N005902,OPP002862,P227,3,False,plain
N005903,OPP002863,P189,0,False,plain
N005904,OPP002863,P006,1,True,nodal_b
N005905,OPP002864,P020,0,False,plain
N005906,OPP002864,P203,1,False,municipal
N005907,OPP002865,P004,0,False,nodal_b
N005908,OPP002865,P094,1,True,plain
N005909,OPP002865,P002,2,False,nodal_a
N005910,OPP002865,P110,3,True,shouty
N005911,OPP002866,P088,0,False,plain
N005912,OPP002867,P003,0,False,nodal_b
N005913,OPP002868,P096,0,False,html_ish
N005914,OPP002869,P062,0,False,municipal
N005915,OPP002870,P232,0,False,plain
N005916,OPP002870,P240,1,False,shouty
N005917,OPP002870,P057,2,False,municipal
N005918,OPP002871,P033,0,False,municipal
N005919,OPP002872,P003,0,False,nodal_b
N005920,OPP002873,P001,0,False,nodal_a
N005921,OPP002874,P075,0,False,plain
N005922,OPP002875,P091,0,False,municipal
N005923,OPP002875,P001,1,False,nodal_a
N005924,OPP002875,P020,2,False,plain
N005925,OPP002875,P044,3,True,plain
N005926,OPP002875,P089,4,False,html_ish
N005927,OPP002876,P001,0,False,nodal_a
N005928,OPP002877,P006,0,False,nodal_b
N005929,OPP002877,P213,1,False,municipal
N005930,OPP002877,P177,2,True,html_ish
N005931,OPP002877,P094,3,True,plain
N005932,OPP002878,P044,0,False,plain
N005933,OPP002879,P238,0,False,plain
N005934,OPP002880,P094,0,False,plain
N005935,OPP002881,P106,0,False,plain
N005936,OPP002881,P136,1,False,html_ish
N005937,OPP002882,P094,0,False,plain
N005938,OPP002882,P203,1,False,municipal
N005939,OPP002882,P005,2,True,nodal_a
N005940,OPP002882,P004,3,True,nodal_b
N005941,OPP002882,P002,4,True,nodal_a
N005942,OPP002882,P020,5,False,plain
N005943,OPP002883,P071,0,False,html_ish
N005944,OPP002884,P260,0,False,plain
N005945,OPP002885,P147,0,False,municipal
N005946,OPP002886,P004,0,False,nodal_b
N005947,OPP002887,P020,0,False,plain
N005948,OPP002888,P240,0,False,shouty
N005949,OPP002888,P094,1,False,plain
N005950,OPP002888,P207,2,True,plain
N005951,OPP002889,P215,0,False,plain
N005952,OPP002889,P013,1,False,terse
N005953,OPP002890,P040,0,False,html_ish
N005954,OPP002890,P122,1,True,shouty
N005955,OPP002890,P183,2,False,municipal
N005956,OPP002891,P044,0,False,plain
N005957,OPP002892,P004,0,False,nodal_b
N005958,OPP002892,P003,1,True,nodal_b
N005959,OPP002892,P094,2,False,plain
N005960,OPP002892,P005,3,True,nodal_a
N005961,OPP002892,P200,4,True,plain
N005962,OPP002893,P020,0,False,plain
N005963,OPP002894,P005,0,False,nodal_a
N005964,OPP002894,P189,1,False,plain
N005965,OPP002894,P006,2,True,nodal_b
N005966,OPP002894,P065,3,False,municipal
N005967,OPP002894,P094,4,False,plain
N005968,OPP002894,P004,5,True,nodal_b
N005969,OPP002895,P094,0,False,plain
N005970,OPP002896,P094,0,False,plain
N005971,OPP002897,P006,0,False,nodal_b
N005972,OPP002898,P020,0,False,plain
N005973,OPP002899,P003,0,False,nodal_b
N005974,OPP002899,P211,1,True,shouty
N005975,OPP002899,P005,2,False,nodal_a
N005976,OPP002900,P003,0,False,nodal_b
N005977,OPP002901,P136,0,False,html_ish
N005978,OPP002902,P184,0,False,legacy
N005979,OPP002903,P002,0,False,nodal_a
N005980,OPP002904,P094,0,False,plain
N005981,OPP002904,P069,1,True,html_ish
N005982,OPP002905,P031,0,False,shouty
N005983,OPP002905,P005,1,False,nodal_a
N005984,OPP002905,P196,2,True,html_ish
N005985,OPP002905,P004,3,False,nodal_b
N005986,OPP002906,P002,0,False,nodal_a
N005987,OPP002906,P222,1,False,plain
N005988,OPP002906,P189,2,False,plain
N005989,OPP002906,P005,3,True,nodal_a
N005990,OPP002906,P147,4,True,municipal
N005991,OPP002906,P141,5,True,municipal
N005992,OPP002907,P044,0,False,plain
N005993,OPP002908,P056,0,False,html_ish
N005994,OPP002909,P006,0,False,nodal_b
N005995,OPP002910,P005,0,False,nodal_a
N005996,OPP002911,P020,0,False,plain
N005997,OPP002911,P003,1,False,nodal_b
N005998,OPP002911,P002,2,True,nodal_a
N005999,OPP002912,P094,0,False,plain
N006000,OPP002913,P001,0,False,nodal_a
N006001,OPP002914,P235,0,False,municipal
N006002,OPP002915,P005,0,False,nodal_a
N006003,OPP002915,P006,1,True,nodal_b
N006004,OPP002916,P005,0,False,nodal_a
N006005,OPP002917,P020,0,False,plain
N006006,OPP002917,P003,1,False,nodal_b
N006007,OPP002917,P089,2,False,html_ish
N006008,OPP002918,P215,0,False,plain
N006009,OPP002919,P006,0,False,nodal_b
N006010,OPP002920,P135,0,False,html_ish
N006011,OPP002920,P002,1,True,nodal_a
N006012,OPP002920,P006,2,False,nodal_b
N006013,OPP002920,P179,3,False,html_ish
N006014,OPP002920,P001,4,True,nodal_a
N006015,OPP002920,P058,5,True,municipal
N006016,OPP002920,P168,6,False,municipal
N006017,OPP002920,P141,7,False,municipal
N006018,OPP002920,P020,8,False,plain
N006019,OPP002921,P189,0,False,plain
N006020,OPP002921,P001,1,True,nodal_a
N006021,OPP002921,P094,2,True,plain
N006022,OPP002922,P081,0,False,municipal
N006023,OPP002923,P077,0,False,plain
N006024,OPP002923,P215,1,True,plain
N006025,OPP002923,P074,2,True,plain
N006026,OPP002924,P013,0,False,terse
N006027,OPP002925,P094,0,False,plain
N006028,OPP002926,P240,0,False,shouty
N006029,OPP002926,P232,1,False,plain
N006030,OPP002927,P094,0,False,plain
N006031,OPP002928,P136,0,False,html_ish
N006032,OPP002929,P020,0,False,plain
N006033,OPP002929,P094,1,False,plain
N006034,OPP002930,P240,0,False,shouty
N006035,OPP002931,P020,0,False,plain
N006036,OPP002932,P002,0,False,nodal_a
N006037,OPP002932,P001,1,True,nodal_a
N006038,OPP002932,P006,2,False,nodal_b
N006039,OPP002933,P001,0,False,nodal_a
N006040,OPP002934,P077,0,False,plain
N006041,OPP002934,P003,1,False,nodal_b
N006042,OPP002935,P191,0,False,plain
N006043,OPP002936,P215,0,False,plain
N006044,OPP002937,P044,0,False,plain
N006045,OPP002937,P002,1,False,nodal_a
N006046,OPP002937,P004,2,True,nodal_b
N006047,OPP002937,P001,3,False,nodal_a
N006048,OPP002937,P165,4,True,plain
N006049,OPP002938,P002,0,False,nodal_a
N006050,OPP002939,P003,0,False,nodal_b
N006051,OPP002940,P006,0,False,nodal_b
N006052,OPP002941,P127,0,False,shouty
N006053,OPP002941,P004,1,False,nodal_b
N006054,OPP002941,P094,2,False,plain
N006055,OPP002942,P094,0,False,plain
N006056,OPP002943,P002,0,False,nodal_a
N006057,OPP002943,P004,1,False,nodal_b
N006058,OPP002943,P223,2,False,plain
N006059,OPP002943,P099,3,False,html_ish
N006060,OPP002943,P063,4,False,shouty
N006061,OPP002943,P237,5,False,municipal
N006062,OPP002944,P231,0,False,plain
N006063,OPP002944,P006,1,False,nodal_b
N006064,OPP002945,P003,0,False,nodal_b
N006065,OPP002945,P004,1,False,nodal_b
N006066,OPP002945,P060,2,False,plain
N006067,OPP002946,P136,0,False,html_ish
N006068,OPP002946,P001,1,True,nodal_a
N006069,OPP002946,P094,2,False,plain
N006070,OPP002947,P166,0,False,html_ish
N006071,OPP002947,P094,1,False,plain
N006072,OPP002948,P116,0,False,shouty
N006073,OPP002949,P028,0,False,plain
N006074,OPP002950,P003,0,False,nodal_b
N006075,OPP002951,P003,0,False,nodal_b
N006076,OPP002951,P005,1,True,nodal_a
N006077,OPP002951,P002,2,False,nodal_a
N006078,OPP002951,P001,3,False,nodal_a
N006079,OPP002951,P021,4,False,municipal
N006080,OPP002952,P003,0,False,nodal_b
N006081,OPP002953,P004,0,False,nodal_b
N006082,OPP002953,P044,1,False,plain
N006083,OPP002953,P214,2,False,plain
N006084,OPP002954,P035,0,False,plain
N006085,OPP002954,P189,1,False,plain
N006086,OPP002955,P137,0,False,html_ish
N006087,OPP002955,P044,1,True,plain
N006088,OPP002955,P053,2,False,municipal
N006089,OPP002956,P204,0,False,plain
N006090,OPP002956,P215,1,False,plain
N006091,OPP002957,P094,0,False,plain
N006092,OPP002958,P005,0,False,nodal_a
N006093,OPP002958,P010,1,True,plain
N006094,OPP002958,P002,2,True,nodal_a
N006095,OPP002958,P006,3,False,nodal_b
N006096,OPP002958,P003,4,False,nodal_b
N006097,OPP002958,P094,5,False,plain
N006098,OPP002959,P005,0,False,nodal_a
N006099,OPP002960,P001,0,False,nodal_a
N006100,OPP002960,P191,1,True,plain
N006101,OPP002961,P229,0,False,html_ish
N006102,OPP002961,P098,1,False,municipal
N006103,OPP002961,P228,2,False,html_ish
N006104,OPP002961,P001,3,False,nodal_a
N006105,OPP002961,P094,4,True,plain
N006106,OPP002961,P063,5,True,shouty
N006107,OPP002961,P012,6,False,plain
N006108,OPP002961,P005,7,False,nodal_a
N006109,OPP002961,P030,8,False,municipal
N006110,OPP002962,P094,0,False,plain
N006111,OPP002963,P004,0,False,nodal_b
N006112,OPP002964,P002,0,False,nodal_a
N006113,OPP002964,P003,1,False,nodal_b
N006114,OPP002965,P216,0,False,html_ish
N006115,OPP002965,P002,1,True,nodal_a
N006116,OPP002965,P005,2,False,nodal_a
N006117,OPP002965,P094,3,False,plain
N006118,OPP002965,P240,4,True,shouty
N006119,OPP002965,P014,5,True,html_ish
N006120,OPP002965,P020,6,False,plain
N006121,OPP002965,P004,7,False,nodal_b
N006122,OPP002966,P094,0,False,plain
N006123,OPP002967,P133,0,False,plain
N006124,OPP002967,P096,1,False,html_ish
N006125,OPP002967,P180,2,False,legacy
N006126,OPP002967,P246,3,False,plain
N006127,OPP002967,P004,4,False,nodal_b
N006128,OPP002968,P041,0,False,html_ish
N006129,OPP002969,P001,0,False,nodal_a
N006130,OPP002969,P093,1,True,municipal
N006131,OPP002969,P141,2,True,municipal
N006132,OPP002970,P003,0,False,nodal_b
N006133,OPP002971,P001,0,False,nodal_a
N006134,OPP002972,P050,0,False,municipal
N006135,OPP002972,P006,1,False,nodal_b
N006136,OPP002973,P002,0,False,nodal_a
N006137,OPP002973,P006,1,False,nodal_b
N006138,OPP002974,P003,0,False,nodal_b
N006139,OPP002975,P094,0,False,plain
N006140,OPP002976,P094,0,False,plain
N006141,OPP002976,P148,1,False,html_ish
N006142,OPP002976,P216,2,False,html_ish
N006143,OPP002976,P005,3,True,nodal_a
N006144,OPP002976,P006,4,True,nodal_b
N006145,OPP002977,P064,0,False,plain
N006146,OPP002977,P005,1,False,nodal_a
N006147,OPP002978,P006,0,False,nodal_b
N006148,OPP002978,P004,1,True,nodal_b
N006149,OPP002978,P094,2,True,plain
N006150,OPP002979,P003,0,False,nodal_b
N006151,OPP002979,P006,1,False,nodal_b
N006152,OPP002979,P094,2,False,plain
N006153,OPP002979,P004,3,False,nodal_b
N006154,OPP002979,P013,4,False,terse
N006155,OPP002979,P005,5,True,nodal_a
N006156,OPP002979,P229,6,True,html_ish
N006157,OPP002979,P046,7,True,terse
N006158,OPP002979,P232,8,False,plain
N006159,OPP002980,P024,0,False,html_ish
N006160,OPP002981,P003,0,False,nodal_b
N006161,OPP002982,P003,0,False,nodal_b
N006162,OPP002982,P007,1,False,plain
N006163,OPP002983,P002,0,False,nodal_a
N006164,OPP002983,P099,1,True,html_ish
N006165,OPP002984,P003,0,False,nodal_b
N006166,OPP002985,P195,0,False,html_ish
N006167,OPP002986,P072,0,False,html_ish
N006168,OPP002987,P001,0,False,nodal_a
N006169,OPP002988,P029,0,False,plain
N006170,OPP002988,P004,1,False,nodal_b
N006171,OPP002988,P044,2,False,plain
N006172,OPP002988,P001,3,True,nodal_a
N006173,OPP002988,P056,4,False,html_ish
N006174,OPP002989,P006,0,False,nodal_b
N006175,OPP002989,P189,1,False,plain
N006176,OPP002989,P002,2,False,nodal_a
N006177,OPP002990,P215,0,False,plain
N006178,OPP002990,P002,1,True,nodal_a
N006179,OPP002990,P001,2,False,nodal_a
N006180,OPP002990,P094,3,True,plain
N006181,OPP002990,P004,4,True,nodal_b
N006182,OPP002990,P096,5,True,html_ish
N006183,OPP002991,P006,0,False,nodal_b
N006184,OPP002991,P215,1,False,plain
N006185,OPP002991,P228,2,False,html_ish
N006186,OPP002991,P004,3,False,nodal_b
N006187,OPP002991,P003,4,False,nodal_b
N006188,OPP002992,P094,0,False,plain
N006189,OPP002992,P003,1,False,nodal_b
N006190,OPP002993,P094,0,False,plain
N006191,OPP002993,P004,1,False,nodal_b
N006192,OPP002994,P001,0,False,nodal_a
N006193,OPP002995,P020,0,False,plain
N006194,OPP002996,P002,0,False,nodal_a
N006195,OPP002997,P004,0,False,nodal_b
N006196,OPP002998,P094,0,False,plain
N006197,OPP002998,P020,1,True,plain
N006198,OPP002999,P006,0,False,nodal_b
N006199,OPP003000,P005,0,False,nodal_a
N006200,OPP003001,P003,0,False,nodal_b
N006201,OPP003001,P122,1,False,shouty
N006202,OPP003002,P235,0,False,municipal
N006203,OPP003003,P094,0,False,plain
N006204,OPP003004,P129,0,False,municipal
N006205,OPP003005,P020,0,False,plain
N006206,OPP003006,P001,0,False,nodal_a
N006207,OPP003007,P094,0,False,plain
N006208,OPP003008,P003,0,False,nodal_b
N006209,OPP003009,P001,0,False,nodal_a
N006210,OPP003010,P094,0,False,plain
N006211,OPP003011,P002,0,False,nodal_a
N006212,OPP003012,P211,0,False,shouty
N006213,OPP003013,P005,0,False,nodal_a
N006214,OPP003013,P001,1,False,nodal_a
N006215,OPP003014,P045,0,False,shouty
N006216,OPP003014,P002,1,True,nodal_a
N006217,OPP003014,P204,2,False,plain
N006218,OPP003014,P004,3,True,nodal_b
N006219,OPP003014,P006,4,True,nodal_b
N006220,OPP003015,P006,0,False,nodal_b
N006221,OPP003016,P156,0,False,html_ish
N006222,OPP003017,P004,0,False,nodal_b
N006223,OPP003017,P094,1,False,plain
N006224,OPP003018,P004,0,False,nodal_b
N006225,OPP003018,P001,1,False,nodal_a
N006226,OPP003018,P203,2,False,municipal
N006227,OPP003018,P221,3,False,terse
N006228,OPP003018,P094,4,True,plain
N006229,OPP003019,P094,0,False,plain
N006230,OPP003020,P208,0,False,plain
N006231,OPP003021,P023,0,False,plain
N006232,OPP003022,P211,0,False,shouty
N006233,OPP003023,P181,0,False,plain
N006234,OPP003024,P181,0,False,plain
N006235,OPP003024,P089,1,True,html_ish
N006236,OPP003024,P044,2,True,plain
N006237,OPP003024,P003,3,True,nodal_b
N006238,OPP003025,P194,0,False,municipal
N006239,OPP003026,P106,0,False,plain
N006240,OPP003027,P005,0,False,nodal_a
N006241,OPP003027,P004,1,True,nodal_b
N006242,OPP003028,P004,0,False,nodal_b
N006243,OPP003029,P006,0,False,nodal_b
N006244,OPP003030,P147,0,False,municipal
N006245,OPP003031,P094,0,False,plain
N006246,OPP003031,P004,1,False,nodal_b
N006247,OPP003031,P003,2,False,nodal_b
N006248,OPP003032,P020,0,False,plain
N006249,OPP003033,P094,0,False,plain
N006250,OPP003033,P004,1,True,nodal_b
N006251,OPP003034,P228,0,False,html_ish
N006252,OPP003035,P094,0,False,plain
N006253,OPP003035,P200,1,False,plain
N006254,OPP003036,P001,0,False,nodal_a
N006255,OPP003037,P005,0,False,nodal_a
N006256,OPP003038,P001,0,False,nodal_a
N006257,OPP003038,P004,1,True,nodal_b
N006258,OPP003038,P181,2,True,plain
N006259,OPP003038,P190,3,True,html_ish
N006260,OPP003038,P094,4,False,plain
N006261,OPP003039,P094,0,False,plain
N006262,OPP003040,P240,0,False,shouty
N006263,OPP003041,P059,0,False,municipal
N006264,OPP003042,P004,0,False,nodal_b
N006265,OPP003043,P213,0,False,municipal
N006266,OPP003043,P004,1,False,nodal_b
N006267,OPP003044,P094,0,False,plain
N006268,OPP003044,P069,1,False,html_ish
N006269,OPP003045,P006,0,False,nodal_b
N006270,OPP003046,P005,0,False,nodal_a
N006271,OPP003046,P203,1,False,municipal
N006272,OPP003047,P181,0,False,plain
N006273,OPP003047,P229,1,False,html_ish
N006274,OPP003048,P002,0,False,nodal_a
N006275,OPP003049,P143,0,False,html_ish
N006276,OPP003049,P002,1,True,nodal_a
N006277,OPP003049,P229,2,False,html_ish
N006278,OPP003049,P003,3,True,nodal_b
N006279,OPP003049,P094,4,True,plain
N006280,OPP003050,P035,0,False,plain
N006281,OPP003050,P003,1,False,nodal_b
N006282,OPP003051,P240,0,False,shouty
N006283,OPP003051,P042,1,True,plain
N006284,OPP003051,P004,2,False,nodal_b
N006285,OPP003051,P056,3,False,html_ish
N006286,OPP003051,P227,4,False,plain
N006287,OPP003051,P094,5,False,plain
N006288,OPP003052,P002,0,False,nodal_a
N006289,OPP003052,P020,1,False,plain
N006290,OPP003052,P006,2,False,nodal_b
N006291,OPP003052,P004,3,True,nodal_b
N006292,OPP003052,P001,4,False,nodal_a
N006293,OPP003053,P002,0,False,nodal_a
N006294,OPP003054,P148,0,False,html_ish
N006295,OPP003054,P229,1,False,html_ish
N006296,OPP003054,P044,2,False,plain
N006297,OPP003055,P006,0,False,nodal_b
N006298,OPP003056,P003,0,False,nodal_b
N006299,OPP003056,P006,1,True,nodal_b
N006300,OPP003056,P181,2,True,plain
N006301,OPP003057,P003,0,False,nodal_b
N006302,OPP003058,P150,0,False,html_ish
N006303,OPP003059,P235,0,False,municipal
N006304,OPP003059,P025,1,True,terse
N006305,OPP003059,P094,2,True,plain
N006306,OPP003059,P004,3,False,nodal_b
N006307,OPP003059,P041,4,True,html_ish
N006308,OPP003059,P168,5,True,municipal
N006309,OPP003059,P002,6,True,nodal_a
N006310,OPP003059,P136,7,False,html_ish
N006311,OPP003059,P088,8,True,plain
N006312,OPP003060,P094,0,False,plain
N006313,OPP003061,P101,0,False,plain
N006314,OPP003062,P246,0,False,plain
N006315,OPP003062,P077,1,True,plain
N006316,OPP003063,P001,0,False,nodal_a
N006317,OPP003064,P235,0,False,municipal
N006318,OPP003064,P215,1,True,plain
N006319,OPP003064,P004,2,False,nodal_b
N006320,OPP003064,P001,3,False,nodal_a
N006321,OPP003064,P053,4,False,municipal
N006322,OPP003065,P002,0,False,nodal_a
N006323,OPP003066,P146,0,False,html_ish
N006324,OPP003067,P001,0,False,nodal_a
N006325,OPP003067,P073,1,True,shouty
N006326,OPP003067,P094,2,False,plain
N006327,OPP003068,P240,0,False,shouty
N006328,OPP003069,P002,0,False,nodal_a
N006329,OPP003069,P041,1,True,html_ish
N006330,OPP003069,P094,2,True,plain
N006331,OPP003070,P044,0,False,plain
N006332,OPP003071,P089,0,False,html_ish
N006333,OPP003071,P006,1,False,nodal_b
N006334,OPP003071,P003,2,False,nodal_b
N006335,OPP003071,P094,3,True,plain
N006336,OPP003071,P199,4,True,plain
N006337,OPP003071,P181,5,False,plain
N006338,OPP003072,P166,0,False,html_ish
N006339,OPP003072,P094,1,False,plain
N006340,OPP003072,P181,2,False,plain
N006341,OPP003073,P200,0,False,plain
N006342,OPP003074,P002,0,False,nodal_a
N006343,OPP003074,P120,1,True,legacy
N006344,OPP003075,P181,0,False,plain
N006345,OPP003076,P238,0,False,plain
N006346,OPP003077,P003,0,False,nodal_b
N006347,OPP003078,P122,0,False,shouty
N006348,OPP003078,P005,1,False,nodal_a
N006349,OPP003078,P001,2,True,nodal_a
N006350,OPP003079,P005,0,False,nodal_a
N006351,OPP003079,P120,1,False,legacy
N006352,OPP003080,P020,0,False,plain
N006353,OPP003081,P003,0,False,nodal_b
N006354,OPP003082,P001,0,False,nodal_a
N006355,OPP003082,P002,1,True,nodal_a
N006356,OPP003082,P094,2,True,plain
N006357,OPP003082,P005,3,True,nodal_a
N006358,OPP003082,P006,4,False,nodal_b
N006359,OPP003083,P005,0,False,nodal_a
N006360,OPP003084,P005,0,False,nodal_a
N006361,OPP003085,P167,0,False,municipal
N006362,OPP003086,P094,0,False,plain
N006363,OPP003087,P240,0,False,shouty
N006364,OPP003088,P013,0,False,terse
N006365,OPP003088,P167,1,False,municipal
N006366,OPP003088,P006,2,False,nodal_b
N006367,OPP003088,P146,3,False,html_ish
N006368,OPP003089,P094,0,False,plain
N006369,OPP003090,P005,0,False,nodal_a
N006370,OPP003090,P096,1,False,html_ish
N006371,OPP003090,P020,2,False,plain
N006372,OPP003090,P120,3,True,legacy
N006373,OPP003090,P204,4,False,plain
N006374,OPP003091,P069,0,False,html_ish
N006375,OPP003091,P006,1,False,nodal_b
N006376,OPP003092,P215,0,False,plain
N006377,OPP003093,P130,0,False,plain
N006378,OPP003093,P004,1,False,nodal_b
N006379,OPP003093,P094,2,True,plain
N006380,OPP003093,P185,3,True,plain
N006381,OPP003093,P038,4,False,plain
N006382,OPP003094,P181,0,False,plain
N006383,OPP003094,P004,1,False,nodal_b
N006384,OPP003095,P003,0,False,nodal_b
N006385,OPP003096,P004,0,False,nodal_b
N006386,OPP003097,P136,0,False,html_ish
N006387,OPP003098,P094,0,False,plain
N006388,OPP003098,P039,1,False,plain
N006389,OPP003098,P020,2,False,plain
N006390,OPP003098,P006,3,True,nodal_b
N006391,OPP003098,P003,4,False,nodal_b
N006392,OPP003098,P002,5,False,nodal_a
N006393,OPP003098,P001,6,False,nodal_a
N006394,OPP003099,P005,0,False,nodal_a
N006395,OPP003100,P001,0,False,nodal_a
N006396,OPP003100,P125,1,True,legacy
N006397,OPP003100,P003,2,True,nodal_b
N006398,OPP003101,P094,0,False,plain
N006399,OPP003101,P002,1,True,nodal_a
N006400,OPP003101,P001,2,False,nodal_a
N006401,OPP003102,P003,0,False,nodal_b
N006402,OPP003103,P020,0,False,plain
N006403,OPP003104,P004,0,False,nodal_b
N006404,OPP003104,P221,1,False,terse
N006405,OPP003105,P006,0,False,nodal_b
N006406,OPP003106,P228,0,False,html_ish
N006407,OPP003107,P002,0,False,nodal_a
N006408,OPP003108,P094,0,False,plain
N006409,OPP003109,P094,0,False,plain
N006410,OPP003109,P006,1,True,nodal_b
N006411,OPP003109,P137,2,True,html_ish
N006412,OPP003109,P216,3,False,html_ish
N006413,OPP003109,P215,4,False,plain
N006414,OPP003109,P020,5,False,plain
N006415,OPP003109,P097,6,False,html_ish
N006416,OPP003109,P004,7,False,nodal_b
N006417,OPP003110,P094,0,False,plain
N006418,OPP003111,P006,0,False,nodal_b
N006419,OPP003111,P001,1,True,nodal_a
N006420,OPP003112,P004,0,False,nodal_b
N006421,OPP003113,P002,0,False,nodal_a
N006422,OPP003114,P006,0,False,nodal_b
N006423,OPP003115,P079,0,False,html_ish
N006424,OPP003115,P215,1,True,plain
N006425,OPP003115,P094,2,False,plain
N006426,OPP003116,P005,0,False,nodal_a
N006427,OPP003117,P124,0,False,plain
N006428,OPP003118,P213,0,False,municipal
N006429,OPP003118,P081,1,False,municipal
N006430,OPP003118,P004,2,True,nodal_b
N006431,OPP003119,P044,0,False,plain
N006432,OPP003120,P044,0,False,plain
N006433,OPP003121,P005,0,False,nodal_a
N006434,OPP003121,P002,1,True,nodal_a
N006435,OPP003121,P094,2,False,plain
N006436,OPP003121,P087,3,False,plain
N006437,OPP003121,P004,4,True,nodal_b
N006438,OPP003121,P167,5,False,municipal
N006439,OPP003122,P240,0,False,shouty
N006440,OPP003123,P004,0,False,nodal_b
N006441,OPP003123,P003,1,True,nodal_b
N006442,OPP003123,P005,2,False,nodal_a
N006443,OPP003123,P020,3,False,plain
N006444,OPP003123,P240,4,True,shouty
N006445,OPP003123,P094,5,False,plain
N006446,OPP003123,P054,6,False,plain
N006447,OPP003123,P141,7,True,municipal
N006448,OPP003123,P081,8,False,municipal
N006449,OPP003124,P003,0,False,nodal_b
N006450,OPP003124,P002,1,True,nodal_a
N006451,OPP003124,P112,2,False,shouty
N006452,OPP003125,P240,0,False,shouty
N006453,OPP003125,P136,1,True,html_ish
N006454,OPP003125,P214,2,False,plain
N006455,OPP003125,P013,3,False,terse
N006456,OPP003125,P189,4,False,plain
N006457,OPP003126,P003,0,False,nodal_b
N006458,OPP003127,P006,0,False,nodal_b
N006459,OPP003128,P094,0,False,plain
N006460,OPP003129,P001,0,False,nodal_a
N006461,OPP003130,P003,0,False,nodal_b
N006462,OPP003131,P200,0,False,plain
N006463,OPP003131,P094,1,True,plain
N006464,OPP003132,P200,0,False,plain
N006465,OPP003133,P094,0,False,plain
N006466,OPP003133,P031,1,False,shouty
N006467,OPP003133,P117,2,False,terse
N006468,OPP003134,P002,0,False,nodal_a
N006469,OPP003135,P005,0,False,nodal_a
N006470,OPP003136,P001,0,False,nodal_a
N006471,OPP003137,P151,0,False,terse
N006472,OPP003137,P127,1,False,shouty
N006473,OPP003137,P003,2,False,nodal_b
N006474,OPP003137,P081,3,False,municipal
N006475,OPP003137,P041,4,True,html_ish
N006476,OPP003138,P232,0,False,plain
N006477,OPP003138,P005,1,False,nodal_a
N006478,OPP003138,P002,2,True,nodal_a
N006479,OPP003139,P094,0,False,plain
N006480,OPP003139,P005,1,True,nodal_a
N006481,OPP003139,P006,2,False,nodal_b
N006482,OPP003139,P191,3,True,plain
N006483,OPP003139,P004,4,True,nodal_b
N006484,OPP003140,P094,0,False,plain
N006485,OPP003141,P073,0,False,shouty
N006486,OPP003141,P006,1,False,nodal_b
N006487,OPP003142,P248,0,False,legacy
N006488,OPP003143,P004,0,False,nodal_b
N006489,OPP003144,P073,0,False,shouty
N006490,OPP003144,P094,1,True,plain
N006491,OPP003144,P005,2,False,nodal_a
N006492,OPP003144,P001,3,False,nodal_a
N006493,OPP003144,P240,4,True,shouty
N006494,OPP003144,P020,5,True,plain
N006495,OPP003145,P240,0,False,shouty
N006496,OPP003145,P044,1,True,plain
N006497,OPP003145,P215,2,False,plain
N006498,OPP003145,P004,3,True,nodal_b
N006499,OPP003146,P004,0,False,nodal_b
N006500,OPP003146,P182,1,False,plain
N006501,OPP003146,P001,2,False,nodal_a
N006502,OPP003146,P013,3,False,terse
N006503,OPP003146,P180,4,False,legacy
N006504,OPP003146,P005,5,False,nodal_a
N006505,OPP003146,P020,6,False,plain
N006506,OPP003147,P006,0,False,nodal_b
N006507,OPP003148,P071,0,False,html_ish
N006508,OPP003149,P005,0,False,nodal_a
N006509,OPP003150,P121,0,False,plain
N006510,OPP003151,P170,0,False,plain
N006511,OPP003152,P115,0,False,plain
N006512,OPP003152,P001,1,False,nodal_a
N006513,OPP003153,P142,0,False,terse
N006514,OPP003153,P003,1,False,nodal_b
N006515,OPP003153,P006,2,False,nodal_b
N006516,OPP003153,P221,3,False,terse
N006517,OPP003153,P257,4,False,html_ish
N006518,OPP003153,P253,5,True,html_ish
N006519,OPP003153,P005,6,True,nodal_a
N006520,OPP003154,P087,0,False,plain
N006521,OPP003154,P006,1,False,nodal_b
N006522,OPP003154,P004,2,False,nodal_b
N006523,OPP003155,P003,0,False,nodal_b
N006524,OPP003155,P002,1,False,nodal_a
N006525,OPP003156,P025,0,False,terse
N006526,OPP003157,P003,0,False,nodal_b
N006527,OPP003158,P245,0,False,terse
N006528,OPP003159,P003,0,False,nodal_b
N006529,OPP003159,P195,1,False,html_ish
N006530,OPP003159,P094,2,False,plain
N006531,OPP003159,P013,3,False,terse
N006532,OPP003160,P001,0,False,nodal_a
N006533,OPP003161,P240,0,False,shouty
N006534,OPP003162,P005,0,False,nodal_a
N006535,OPP003162,P003,1,True,nodal_b
N006536,OPP003162,P044,2,False,plain
N006537,OPP003163,P004,0,False,nodal_b
N006538,OPP003163,P005,1,False,nodal_a
N006539,OPP003164,P003,0,False,nodal_b
N006540,OPP003165,P094,0,False,plain
N006541,OPP003165,P003,1,True,nodal_b
N006542,OPP003165,P004,2,True,nodal_b
N006543,OPP003166,P241,0,False,plain
N006544,OPP003167,P001,0,False,nodal_a
N006545,OPP003168,P156,0,False,html_ish
N006546,OPP003168,P004,1,False,nodal_b
N006547,OPP003169,P066,0,False,terse
N006548,OPP003170,P094,0,False,plain
N006549,OPP003171,P002,0,False,nodal_a
N006550,OPP003171,P136,1,True,html_ish
N006551,OPP003171,P086,2,True,municipal
N006552,OPP003171,P040,3,False,html_ish
N006553,OPP003172,P094,0,False,plain
N006554,OPP003172,P002,1,False,nodal_a
N006555,OPP003172,P246,2,False,plain
N006556,OPP003172,P252,3,False,shouty
N006557,OPP003173,P003,0,False,nodal_b
N006558,OPP003174,P020,0,False,plain
N006559,OPP003175,P001,0,False,nodal_a
N006560,OPP003176,P006,0,False,nodal_b
N006561,OPP003176,P094,1,True,plain
N006562,OPP003177,P005,0,False,nodal_a
N006563,OPP003177,P004,1,True,nodal_b
N006564,OPP003177,P244,2,False,terse
N006565,OPP003178,P227,0,False,plain
N006566,OPP003178,P006,1,False,nodal_b
N006567,OPP003178,P094,2,True,plain
N006568,OPP003178,P003,3,True,nodal_b
N006569,OPP003178,P005,4,True,nodal_a
N006570,OPP003178,P004,5,True,nodal_b
N006571,OPP003179,P094,0,False,plain
N006572,OPP003180,P004,0,False,nodal_b
N006573,OPP003181,P047,0,False,municipal
N006574,OPP003181,P244,1,False,terse
N006575,OPP003181,P146,2,True,html_ish
N006576,OPP003181,P002,3,False,nodal_a
N006577,OPP003181,P006,4,False,nodal_b
N006578,OPP003182,P002,0,False,nodal_a
N006579,OPP003182,P004,1,False,nodal_b
N006580,OPP003182,P136,2,False,html_ish
N006581,OPP003183,P207,0,False,plain
N006582,OPP003184,P094,0,False,plain
N006583,OPP003184,P228,1,False,html_ish
N006584,OPP003184,P224,2,False,municipal
N006585,OPP003184,P073,3,False,shouty
N006586,OPP003184,P003,4,True,nodal_b
N006587,OPP003184,P227,5,False,plain
N006588,OPP003184,P015,6,True,terse
N006589,OPP003185,P146,0,False,html_ish
N006590,OPP003186,P067,0,False,plain
N006591,OPP003187,P019,0,False,municipal
N006592,OPP003188,P120,0,False,legacy
N006593,OPP003189,P006,0,False,nodal_b
N006594,OPP003189,P111,1,False,shouty
N006595,OPP003189,P094,2,False,plain
N006596,OPP003190,P004,0,False,nodal_b
N006597,OPP003191,P044,0,False,plain
N006598,OPP003192,P005,0,False,nodal_a
N006599,OPP003192,P001,1,False,nodal_a
N006600,OPP003192,P229,2,False,html_ish
N006601,OPP003193,P001,0,False,nodal_a
N006602,OPP003193,P049,1,False,municipal
N006603,OPP003193,P003,2,False,nodal_b
N006604,OPP003193,P020,3,False,plain
N006605,OPP003193,P139,4,False,plain
N006606,OPP003193,P002,5,True,nodal_a
N006607,OPP003193,P088,6,False,plain
N006608,OPP003193,P005,7,False,nodal_a
N006609,OPP003193,P038,8,False,plain
N006610,OPP003194,P088,0,False,plain
N006611,OPP003194,P020,1,True,plain
N006612,OPP003195,P006,0,False,nodal_b
N006613,OPP003196,P006,0,False,nodal_b
N006614,OPP003197,P006,0,False,nodal_b
N006615,OPP003198,P061,0,False,html_ish
N006616,OPP003198,P094,1,True,plain
N006617,OPP003198,P240,2,False,shouty
N006618,OPP003198,P006,3,False,nodal_b
N006619,OPP003198,P004,4,True,nodal_b
N006620,OPP003198,P003,5,True,nodal_b
N006621,OPP003199,P189,0,False,plain
N006622,OPP003199,P001,1,False,nodal_a
N006623,OPP003199,P002,2,True,nodal_a
N006624,OPP003199,P094,3,False,plain
N006625,OPP003199,P006,4,True,nodal_b
N006626,OPP003199,P089,5,False,html_ish
N006627,OPP003199,P040,6,True,html_ish
N006628,OPP003200,P052,0,False,html_ish
N006629,OPP003201,P094,0,False,plain
N006630,OPP003202,P094,0,False,plain
N006631,OPP003203,P142,0,False,terse
N006632,OPP003204,P003,0,False,nodal_b
N006633,OPP003205,P005,0,False,nodal_a
N006634,OPP003206,P006,0,False,nodal_b
N006635,OPP003207,P006,0,False,nodal_b
N006636,OPP003207,P005,1,True,nodal_a
N006637,OPP003208,P003,0,False,nodal_b
N006638,OPP003209,P006,0,False,nodal_b
N006639,OPP003210,P120,0,False,legacy
N006640,OPP003211,P003,0,False,nodal_b
N006641,OPP003211,P189,1,True,plain
N006642,OPP003211,P094,2,False,plain
N006643,OPP003212,P005,0,False,nodal_a
N006644,OPP003212,P094,1,True,plain
N006645,OPP003212,P002,2,True,nodal_a
N006646,OPP003213,P006,0,False,nodal_b
N006647,OPP003214,P004,0,False,nodal_b
N006648,OPP003215,P240,0,False,shouty
N006649,OPP003216,P020,0,False,plain
N006650,OPP003216,P091,1,True,municipal
N006651,OPP003217,P006,0,False,nodal_b
N006652,OPP003218,P244,0,False,terse
N006653,OPP003218,P002,1,False,nodal_a
N006654,OPP003218,P106,2,False,plain
N006655,OPP003218,P001,3,True,nodal_a
N006656,OPP003218,P094,4,True,plain
N006657,OPP003219,P094,0,False,plain
N006658,OPP003219,P214,1,True,plain
N006659,OPP003219,P255,2,False,shouty
N006660,OPP003220,P057,0,False,municipal
N006661,OPP003220,P240,1,True,shouty
N006662,OPP003221,P005,0,False,nodal_a
N006663,OPP003221,P001,1,False,nodal_a
N006664,OPP003221,P240,2,False,shouty
N006665,OPP003222,P005,0,False,nodal_a
N006666,OPP003222,P094,1,True,plain
N006667,OPP003222,P006,2,False,nodal_b
N006668,OPP003223,P020,0,False,plain
N006669,OPP003224,P222,0,False,plain
N006670,OPP003225,P002,0,False,nodal_a
N006671,OPP003226,P002,0,False,nodal_a
N006672,OPP003227,P246,0,False,plain
N006673,OPP003227,P094,1,False,plain
N006674,OPP003227,P020,2,False,plain
N006675,OPP003227,P013,3,False,terse
N006676,OPP003227,P215,4,True,plain
N006677,OPP003227,P006,5,True,nodal_b
N006678,OPP003228,P003,0,False,nodal_b
N006679,OPP003228,P232,1,True,plain
N006680,OPP003228,P094,2,False,plain
N006681,OPP003228,P167,3,True,municipal
N006682,OPP003228,P001,4,False,nodal_a
N006683,OPP003228,P210,5,False,plain
N006684,OPP003228,P002,6,False,nodal_a
N006685,OPP003229,P002,0,False,nodal_a
N006686,OPP003230,P200,0,False,plain
N006687,OPP003231,P005,0,False,nodal_a
N006688,OPP003232,P005,0,False,nodal_a
N006689,OPP003233,P094,0,False,plain
N006690,OPP003234,P155,0,False,municipal
N006691,OPP003235,P002,0,False,nodal_a
N006692,OPP003235,P006,1,False,nodal_b
N006693,OPP003235,P240,2,False,shouty
N006694,OPP003236,P094,0,False,plain
N006695,OPP003236,P001,1,False,nodal_a
N006696,OPP003237,P240,0,False,shouty
N006697,OPP003237,P003,1,True,nodal_b
N006698,OPP003238,P001,0,False,nodal_a
N006699,OPP003239,P031,0,False,shouty
N006700,OPP003239,P002,1,False,nodal_a
N006701,OPP003239,P086,2,True,municipal
N006702,OPP003240,P240,0,False,shouty
N006703,OPP003240,P219,1,True,plain
N006704,OPP003241,P175,0,False,plain
N006705,OPP003241,P004,1,True,nodal_b
N006706,OPP003241,P252,2,False,shouty
N006707,OPP003241,P141,3,True,municipal
N006708,OPP003241,P069,4,False,html_ish
N006709,OPP003242,P094,0,False,plain
N006710,OPP003242,P005,1,False,nodal_a
N006711,OPP003242,P240,2,False,shouty
N006712,OPP003242,P108,3,True,municipal
N006713,OPP003243,P189,0,False,plain
N006714,OPP003243,P246,1,False,plain
N006715,OPP003243,P044,2,True,plain
N006716,OPP003243,P180,3,True,legacy
N006717,OPP003243,P094,4,False,plain
N006718,OPP003243,P003,5,True,nodal_b
N006719,OPP003243,P005,6,False,nodal_a
N006720,OPP003243,P041,7,False,html_ish
N006721,OPP003243,P120,8,False,legacy
N006722,OPP003244,P005,0,False,nodal_a
N006723,OPP003244,P189,1,False,plain
N006724,OPP003244,P094,2,False,plain
N006725,OPP003244,P076,3,False,municipal
N006726,OPP003244,P020,4,True,plain
N006727,OPP003244,P254,5,False,terse
N006728,OPP003244,P004,6,False,nodal_b
N006729,OPP003245,P020,0,False,plain
N006730,OPP003246,P006,0,False,nodal_b
N006731,OPP003246,P167,1,True,municipal
N006732,OPP003246,P085,2,False,municipal
N006733,OPP003247,P020,0,False,plain
N006734,OPP003247,P067,1,False,plain
N006735,OPP003247,P002,2,False,nodal_a
N006736,OPP003248,P004,0,False,nodal_b
N006737,OPP003249,P215,0,False,plain
N006738,OPP003250,P106,0,False,plain
N006739,OPP003250,P003,1,True,nodal_b
N006740,OPP003250,P088,2,False,plain
N006741,OPP003250,P077,3,True,plain
N006742,OPP003250,P001,4,True,nodal_a
N006743,OPP003250,P020,5,False,plain
N006744,OPP003250,P094,6,True,plain
N006745,OPP003251,P003,0,False,nodal_b
N006746,OPP003252,P005,0,False,nodal_a
N006747,OPP003253,P240,0,False,shouty
N006748,OPP003253,P146,1,False,html_ish
N006749,OPP003253,P181,2,False,plain
N006750,OPP003253,P046,3,True,terse
N006751,OPP003253,P002,4,False,nodal_a
N006752,OPP003253,P095,5,False,html_ish
N006753,OPP003254,P002,0,False,nodal_a
N006754,OPP003255,P006,0,False,nodal_b
N006755,OPP003256,P005,0,False,nodal_a
N006756,OPP003257,P002,0,False,nodal_a
N006757,OPP003258,P094,0,False,plain
N006758,OPP003259,P003,0,False,nodal_b
N006759,OPP003259,P013,1,True,terse
N006760,OPP003259,P002,2,True,nodal_a
N006761,OPP003260,P094,0,False,plain
N006762,OPP003260,P240,1,False,shouty
N006763,OPP003260,P002,2,True,nodal_a
N006764,OPP003260,P004,3,False,nodal_b
N006765,OPP003261,P240,0,False,shouty
N006766,OPP003262,P175,0,False,plain
N006767,OPP003263,P005,0,False,nodal_a
N006768,OPP003264,P006,0,False,nodal_b
N006769,OPP003265,P071,0,False,html_ish
N006770,OPP003266,P003,0,False,nodal_b
N006771,OPP003266,P091,1,False,municipal
N006772,OPP003267,P001,0,False,nodal_a
N006773,OPP003268,P002,0,False,nodal_a
N006774,OPP003268,P006,1,True,nodal_b
N006775,OPP003268,P046,2,False,terse
N006776,OPP003269,P094,0,False,plain
N006777,OPP003270,P004,0,False,nodal_b
N006778,OPP003270,P041,1,True,html_ish
N006779,OPP003270,P094,2,False,plain
N006780,OPP003270,P006,3,True,nodal_b
N006781,OPP003270,P003,4,False,nodal_b
N006782,OPP003270,P215,5,False,plain
N006783,OPP003270,P020,6,False,plain
N006784,OPP003271,P141,0,False,municipal
N006785,OPP003271,P094,1,True,plain
N006786,OPP003271,P005,2,False,nodal_a
N006787,OPP003271,P240,3,True,shouty
N006788,OPP003272,P220,0,False,html_ish
N006789,OPP003273,P024,0,False,html_ish
N006790,OPP003273,P005,1,False,nodal_a
N006791,OPP003273,P062,2,False,municipal
N006792,OPP003273,P240,3,True,shouty
N006793,OPP003274,P215,0,False,plain
N006794,OPP003274,P006,1,False,nodal_b
N006795,OPP003274,P004,2,False,nodal_b
N006796,OPP003275,P121,0,False,plain
N006797,OPP003276,P100,0,False,plain
N006798,OPP003277,P001,0,False,nodal_a
N006799,OPP003277,P088,1,False,plain
N006800,OPP003278,P073,0,False,shouty
N006801,OPP003279,P003,0,False,nodal_b
N006802,OPP003280,P005,0,False,nodal_a
N006803,OPP003280,P181,1,True,plain
N006804,OPP003280,P094,2,False,plain
N006805,OPP003281,P003,0,False,nodal_b
N006806,OPP003281,P207,1,False,plain
N006807,OPP003281,P093,2,True,municipal
N006808,OPP003281,P240,3,False,shouty
N006809,OPP003281,P094,4,False,plain
N006810,OPP003281,P004,5,False,nodal_b
N006811,OPP003281,P001,6,False,nodal_a
N006812,OPP003281,P211,7,False,shouty
N006813,OPP003281,P129,8,False,municipal
N006814,OPP003282,P001,0,False,nodal_a
N006815,OPP003282,P094,1,False,plain
N006816,OPP003282,P003,2,False,nodal_b
N006817,OPP003282,P051,3,False,html_ish
N006818,OPP003282,P004,4,True,nodal_b
N006819,OPP003283,P046,0,False,terse
N006820,OPP003284,P135,0,False,html_ish
N006821,OPP003285,P094,0,False,plain
N006822,OPP003285,P195,1,True,html_ish
N006823,OPP003286,P001,0,False,nodal_a
N006824,OPP003287,P094,0,False,plain
N006825,OPP003287,P098,1,False,municipal
N006826,OPP003287,P001,2,True,nodal_a
N006827,OPP003287,P006,3,False,nodal_b
N006828,OPP003287,P226,4,True,plain
N006829,OPP003288,P006,0,False,nodal_b
N006830,OPP003289,P004,0,False,nodal_b
N006831,OPP003290,P094,0,False,plain
N006832,OPP003291,P001,0,False,nodal_a
N006833,OPP003292,P094,0,False,plain
N006834,OPP003293,P005,0,False,nodal_a
N006835,OPP003293,P013,1,False,terse
N006836,OPP003293,P006,2,True,nodal_b
N006837,OPP003293,P141,3,False,municipal
N006838,OPP003294,P027,0,False,plain
N006839,OPP003295,P004,0,False,nodal_b
N006840,OPP003295,P020,1,False,plain
N006841,OPP003295,P006,2,False,nodal_b
N006842,OPP003295,P227,3,False,plain
N006843,OPP003295,P037,4,False,terse
N006844,OPP003295,P001,5,False,nodal_a
N006845,OPP003295,P215,6,True,plain
N006846,OPP003295,P002,7,False,nodal_a
N006847,OPP003295,P258,8,False,html_ish
N006848,OPP003296,P069,0,False,html_ish
N006849,OPP003296,P129,1,False,municipal
N006850,OPP003296,P238,2,False,plain
N006851,OPP003297,P006,0,False,nodal_b
N006852,OPP003298,P238,0,False,plain
N006853,OPP003298,P088,1,False,plain
N006854,OPP003298,P073,2,False,shouty
N006855,OPP003299,P240,0,False,shouty
N006856,OPP003299,P004,1,True,nodal_b
N006857,OPP003299,P094,2,False,plain
N006858,OPP003300,P014,0,False,html_ish
N006859,OPP003300,P059,1,False,municipal
N006860,OPP003300,P106,2,False,plain
N006861,OPP003300,P003,3,True,nodal_b
N006862,OPP003300,P006,4,True,nodal_b
N006863,OPP003301,P005,0,False,nodal_a
N006864,OPP003301,P111,1,False,shouty
N006865,OPP003301,P141,2,False,municipal
N006866,OPP003302,P094,0,False,plain
N006867,OPP003302,P004,1,True,nodal_b
N006868,OPP003302,P227,2,False,plain
N006869,OPP003302,P002,3,True,nodal_a
N006870,OPP003303,P006,0,False,nodal_b
N006871,OPP003303,P207,1,True,plain
N006872,OPP003304,P044,0,False,plain
N006873,OPP003305,P007,0,False,plain
N006874,OPP003306,P004,0,False,nodal_b
N006875,OPP003306,P116,1,False,shouty
N006876,OPP003307,P002,0,False,nodal_a
N006877,OPP003308,P004,0,False,nodal_b
N006878,OPP003309,P191,0,False,plain
N006879,OPP003309,P167,1,False,municipal
N006880,OPP003310,P064,0,False,plain
N006881,OPP003311,P221,0,False,terse
N006882,OPP003312,P094,0,False,plain
N006883,OPP003313,P044,0,False,plain
N006884,OPP003314,P094,0,False,plain
N006885,OPP003315,P001,0,False,nodal_a
N006886,OPP003315,P153,1,True,terse
N006887,OPP003315,P002,2,False,nodal_a
N006888,OPP003315,P004,3,False,nodal_b
N006889,OPP003315,P094,4,False,plain
N006890,OPP003315,P028,5,True,plain
N006891,OPP003316,P228,0,False,html_ish
N006892,OPP003317,P209,0,False,terse
N006893,OPP003317,P003,1,False,nodal_b
N006894,OPP003317,P001,2,True,nodal_a
N006895,OPP003317,P146,3,False,html_ish
N006896,OPP003317,P044,4,True,plain
N006897,OPP003317,P002,5,False,nodal_a
N006898,OPP003317,P005,6,True,nodal_a
N006899,OPP003317,P006,7,False,nodal_b
N006900,OPP003317,P034,8,False,shouty
N006901,OPP003318,P217,0,False,plain
N006902,OPP003318,P005,1,False,nodal_a
N006903,OPP003319,P006,0,False,nodal_b
N006904,OPP003319,P001,1,True,nodal_a
N006905,OPP003319,P189,2,False,plain
N006906,OPP003319,P129,3,False,municipal
N006907,OPP003320,P001,0,False,nodal_a
N006908,OPP003321,P014,0,False,html_ish
N006909,OPP003322,P094,0,False,plain
N006910,OPP003323,P094,0,False,plain
N006911,OPP003324,P002,0,False,nodal_a
N006912,OPP003324,P094,1,True,plain
N006913,OPP003324,P007,2,False,plain
N006914,OPP003324,P027,3,False,plain
N006915,OPP003325,P196,0,False,html_ish
N006916,OPP003326,P031,0,False,shouty
N006917,OPP003326,P020,1,False,plain
N006918,OPP003326,P240,2,False,shouty
N006919,OPP003327,P003,0,False,nodal_b
N006920,OPP003328,P065,0,False,municipal
N006921,OPP003328,P260,1,True,plain
N006922,OPP003328,P044,2,True,plain
N006923,OPP003328,P094,3,False,plain
N006924,OPP003328,P200,4,False,plain
N006925,OPP003329,P005,0,False,nodal_a
N006926,OPP003330,P096,0,False,html_ish
N006927,OPP003331,P094,0,False,plain
N006928,OPP003332,P129,0,False,municipal
N006929,OPP003332,P114,1,False,terse
N006930,OPP003333,P006,0,False,nodal_b
N006931,OPP003334,P020,0,False,plain
N006932,OPP003335,P005,0,False,nodal_a
N006933,OPP003336,P187,0,False,municipal
N006934,OPP003337,P094,0,False,plain
N006935,OPP003337,P020,1,True,plain
N006936,OPP003337,P003,2,False,nodal_b
N006937,OPP003337,P005,3,False,nodal_a
N006938,OPP003337,P063,4,True,shouty
N006939,OPP003338,P190,0,False,html_ish
N006940,OPP003339,P006,0,False,nodal_b
N006941,OPP003340,P020,0,False,plain
N006942,OPP003341,P005,0,False,nodal_a
N006943,OPP003342,P177,0,False,html_ish
N006944,OPP003342,P006,1,False,nodal_b
N006945,OPP003342,P094,2,False,plain
N006946,OPP003343,P229,0,False,html_ish
N006947,OPP003344,P005,0,False,nodal_a
N006948,OPP003344,P004,1,False,nodal_b
N006949,OPP003344,P190,2,False,html_ish
N006950,OPP003344,P002,3,False,nodal_a
N006951,OPP003345,P221,0,False,terse
N006952,OPP003346,P191,0,False,plain
N006953,OPP003346,P094,1,True,plain
N006954,OPP003347,P005,0,False,nodal_a
N006955,OPP003348,P006,0,False,nodal_b
N006956,OPP003348,P094,1,False,plain
N006957,OPP003348,P105,2,False,municipal
N006958,OPP003349,P004,0,False,nodal_b
N006959,OPP003349,P120,1,False,legacy
N006960,OPP003350,P001,0,False,nodal_a
N006961,OPP003351,P044,0,False,plain
N006962,OPP003351,P001,1,False,nodal_a
N006963,OPP003352,P254,0,False,terse
N006964,OPP003352,P006,1,False,nodal_b
N006965,OPP003352,P094,2,True,plain
N006966,OPP003352,P091,3,True,municipal
N006967,OPP003353,P094,0,False,plain
N006968,OPP003354,P240,0,False,shouty
N006969,OPP003355,P108,0,False,municipal
N006970,OPP003356,P094,0,False,plain
N006971,OPP003357,P129,0,False,municipal
N006972,OPP003358,P094,0,False,plain
N006973,OPP003359,P004,0,False,nodal_b
N006974,OPP003359,P057,1,True,municipal
N006975,OPP003359,P005,2,False,nodal_a
N006976,OPP003360,P001,0,False,nodal_a
N006977,OPP003360,P215,1,False,plain
N006978,OPP003360,P094,2,True,plain
N006979,OPP003360,P006,3,False,nodal_b
N006980,OPP003360,P002,4,False,nodal_a
N006981,OPP003361,P068,0,False,shouty
N006982,OPP003362,P191,0,False,plain
N006983,OPP003363,P094,0,False,plain
N006984,OPP003364,P003,0,False,nodal_b
N006985,OPP003365,P094,0,False,plain
N006986,OPP003366,P094,0,False,plain
N006987,OPP003367,P089,0,False,html_ish
N006988,OPP003367,P012,1,True,plain
N006989,OPP003367,P002,2,False,nodal_a
N006990,OPP003368,P227,0,False,plain
N006991,OPP003368,P141,1,True,municipal
N006992,OPP003368,P013,2,False,terse
N006993,OPP003368,P165,3,False,plain
N006994,OPP003368,P069,4,False,html_ish
N006995,OPP003369,P094,0,False,plain
N006996,OPP003369,P166,1,False,html_ish
N006997,OPP003369,P214,2,True,plain
N006998,OPP003370,P005,0,False,nodal_a
N006999,OPP003371,P003,0,False,nodal_b
N007000,OPP003371,P202,1,False,legacy
N007001,OPP003371,P020,2,False,plain
N007002,OPP003371,P005,3,True,nodal_a
N007003,OPP003371,P002,4,False,nodal_a
N007004,OPP003371,P193,5,False,shouty
N007005,OPP003371,P004,6,True,nodal_b
N007006,OPP003371,P063,7,True,shouty
N007007,OPP003372,P001,0,False,nodal_a
N007008,OPP003372,P255,1,False,shouty
N007009,OPP003372,P151,2,True,terse
N007010,OPP003372,P094,3,True,plain
N007011,OPP003373,P217,0,False,plain
N007012,OPP003373,P094,1,False,plain
N007013,OPP003373,P004,2,True,nodal_b
N007014,OPP003374,P006,0,False,nodal_b
N007015,OPP003375,P094,0,False,plain
N007016,OPP003375,P001,1,False,nodal_a
N007017,OPP003375,P067,2,True,plain
N007018,OPP003375,P044,3,True,plain
N007019,OPP003376,P241,0,False,plain
N007020,OPP003376,P002,1,True,nodal_a
N007021,OPP003376,P003,2,True,nodal_b
N007022,OPP003377,P240,0,False,shouty
N007023,OPP003377,P006,1,False,nodal_b
N007024,OPP003377,P098,2,False,municipal
N007025,OPP003377,P260,3,False,plain
N007026,OPP003377,P141,4,True,municipal
N007027,OPP003377,P004,5,True,nodal_b
N007028,OPP003377,P094,6,True,plain
N007029,OPP003377,P114,7,False,terse
N007030,OPP003378,P013,0,False,terse
N007031,OPP003379,P004,0,False,nodal_b
N007032,OPP003380,P039,0,False,plain
N007033,OPP003380,P003,1,True,nodal_b
N007034,OPP003381,P094,0,False,plain
N007035,OPP003382,P112,0,False,shouty
N007036,OPP003383,P061,0,False,html_ish
N007037,OPP003383,P094,1,True,plain
N007038,OPP003383,P013,2,False,terse
N007039,OPP003383,P115,3,True,plain
N007040,OPP003383,P002,4,False,nodal_a
N007041,OPP003384,P059,0,False,municipal
N007042,OPP003385,P004,0,False,nodal_b
N007043,OPP003385,P006,1,False,nodal_b
N007044,OPP003386,P099,0,False,html_ish
N007045,OPP003387,P227,0,False,plain
N007046,OPP003388,P020,0,False,plain
N007047,OPP003388,P221,1,True,terse
N007048,OPP003388,P073,2,True,shouty
N007049,OPP003389,P094,0,False,plain
N007050,OPP003390,P146,0,False,html_ish
N007051,OPP003391,P254,0,False,terse
N007052,OPP003392,P221,0,False,terse
N007053,OPP003392,P006,1,True,nodal_b
N007054,OPP003392,P016,2,False,terse
N007055,OPP003392,P094,3,False,plain
N007056,OPP003392,P207,4,False,plain
N007057,OPP003392,P002,5,True,nodal_a
N007058,OPP003392,P001,6,False,nodal_a
N007059,OPP003393,P199,0,False,plain
N007060,OPP003394,P135,0,False,html_ish
N007061,OPP003395,P003,0,False,nodal_b
N007062,OPP003396,P001,0,False,nodal_a
N007063,OPP003397,P003,0,False,nodal_b
N007064,OPP003397,P215,1,False,plain
N007065,OPP003398,P004,0,False,nodal_b
N007066,OPP003399,P094,0,False,plain
N007067,OPP003400,P228,0,False,html_ish
N007068,OPP003401,P257,0,False,html_ish
N007069,OPP003402,P020,0,False,plain
N007070,OPP003402,P034,1,True,shouty
N007071,OPP003402,P002,2,False,nodal_a
N007072,OPP003403,P200,0,False,plain
N007073,OPP003403,P004,1,True,nodal_b
N007074,OPP003404,P168,0,False,municipal
N007075,OPP003404,P044,1,False,plain
N007076,OPP003404,P156,2,True,html_ish
N007077,OPP003404,P207,3,True,plain
N007078,OPP003404,P020,4,False,plain
N007079,OPP003405,P001,0,False,nodal_a
N007080,OPP003405,P146,1,False,html_ish
N007081,OPP003406,P197,0,False,plain
N007082,OPP003407,P094,0,False,plain
N007083,OPP003408,P003,0,False,nodal_b
N007084,OPP003409,P037,0,False,terse
N007085,OPP003410,P003,0,False,nodal_b
N007086,OPP003410,P181,1,False,plain
N007087,OPP003410,P172,2,False,municipal
N007088,OPP003410,P004,3,False,nodal_b
N007089,OPP003410,P167,4,False,municipal
N007090,OPP003410,P019,5,True,municipal
N007091,OPP003410,P005,6,False,nodal_a
N007092,OPP003411,P235,0,False,municipal
N007093,OPP003412,P119,0,False,municipal
N007094,OPP003412,P240,1,False,shouty
N007095,OPP003413,P094,0,False,plain
N007096,OPP003414,P001,0,False,nodal_a
N007097,OPP003415,P005,0,False,nodal_a
N007098,OPP003415,P034,1,True,shouty
N007099,OPP003415,P002,2,True,nodal_a
N007100,OPP003415,P146,3,False,html_ish
N007101,OPP003415,P006,4,False,nodal_b
N007102,OPP003416,P215,0,False,plain
N007103,OPP003417,P005,0,False,nodal_a
N007104,OPP003418,P175,0,False,plain
N007105,OPP003418,P105,1,False,municipal
N007106,OPP003419,P240,0,False,shouty
N007107,OPP003420,P059,0,False,municipal
N007108,OPP003421,P094,0,False,plain
N007109,OPP003421,P002,1,False,nodal_a
N007110,OPP003421,P146,2,True,html_ish
N007111,OPP003422,P189,0,False,plain
N007112,OPP003422,P005,1,True,nodal_a
N007113,OPP003422,P061,2,False,html_ish
N007114,OPP003423,P002,0,False,nodal_a
N007115,OPP003424,P073,0,False,shouty
N007116,OPP003425,P003,0,False,nodal_b
N007117,OPP003425,P002,1,False,nodal_a
N007118,OPP003426,P001,0,False,nodal_a
N007119,OPP003427,P218,0,False,legacy
N007120,OPP003427,P003,1,False,nodal_b
N007121,OPP003428,P094,0,False,plain
N007122,OPP003429,P005,0,False,nodal_a
N007123,OPP003429,P071,1,False,html_ish
N007124,OPP003429,P181,2,True,plain
N007125,OPP003429,P004,3,False,nodal_b
N007126,OPP003430,P235,0,False,municipal
N007127,OPP003430,P002,1,False,nodal_a
N007128,OPP003430,P162,2,False,plain
N007129,OPP003430,P143,3,True,html_ish
N007130,OPP003430,P215,4,False,plain
N007131,OPP003430,P184,5,False,legacy
N007132,OPP003430,P195,6,False,html_ish
N007133,OPP003430,P181,7,True,plain
N007134,OPP003430,P006,8,True,nodal_b
N007135,OPP003431,P094,0,False,plain
N007136,OPP003432,P229,0,False,html_ish
N007137,OPP003433,P240,0,False,shouty
N007138,OPP003434,P005,0,False,nodal_a
N007139,OPP003435,P003,0,False,nodal_b
N007140,OPP003435,P094,1,True,plain
N007141,OPP003435,P091,2,True,municipal
N007142,OPP003435,P001,3,False,nodal_a
N007143,OPP003435,P227,4,True,plain
N007144,OPP003436,P004,0,False,nodal_b
N007145,OPP003437,P003,0,False,nodal_b
N007146,OPP003437,P136,1,True,html_ish
N007147,OPP003437,P094,2,False,plain
N007148,OPP003438,P002,0,False,nodal_a
N007149,OPP003439,P005,0,False,nodal_a
N007150,OPP003440,P005,0,False,nodal_a
N007151,OPP003440,P099,1,False,html_ish
N007152,OPP003440,P002,2,True,nodal_a
N007153,OPP003440,P001,3,True,nodal_a
N007154,OPP003441,P006,0,False,nodal_b
N007155,OPP003441,P181,1,False,plain
N007156,OPP003442,P094,0,False,plain
N007157,OPP003443,P170,0,False,plain
N007158,OPP003444,P006,0,False,nodal_b
N007159,OPP003445,P185,0,False,plain
N007160,OPP003446,P240,0,False,shouty
N007161,OPP003446,P227,1,False,plain
N007162,OPP003447,P194,0,False,municipal
N007163,OPP003447,P006,1,True,nodal_b
N007164,OPP003447,P098,2,True,municipal
N007165,OPP003447,P002,3,True,nodal_a
N007166,OPP003448,P222,0,False,plain
N007167,OPP003449,P004,0,False,nodal_b
N007168,OPP003449,P002,1,False,nodal_a
N007169,OPP003450,P215,0,False,plain
N007170,OPP003450,P223,1,False,plain
N007171,OPP003450,P006,2,False,nodal_b
N007172,OPP003450,P129,3,True,municipal
N007173,OPP003451,P046,0,False,terse
N007174,OPP003451,P004,1,False,nodal_b
N007175,OPP003451,P176,2,True,plain
N007176,OPP003452,P229,0,False,html_ish
N007177,OPP003453,P005,0,False,nodal_a
N007178,OPP003453,P044,1,True,plain
N007179,OPP003453,P004,2,True,nodal_b
N007180,OPP003453,P094,3,False,plain
N007181,OPP003453,P089,4,False,html_ish
N007182,OPP003453,P240,5,False,shouty
N007183,OPP003453,P006,6,False,nodal_b
N007184,OPP003453,P002,7,False,nodal_a
N007185,OPP003454,P002,0,False,nodal_a
N007186,OPP003454,P213,1,False,municipal
N007187,OPP003454,P180,2,False,legacy
N007188,OPP003455,P094,0,False,plain
N007189,OPP003455,P014,1,True,html_ish
N007190,OPP003456,P228,0,False,html_ish
N007191,OPP003457,P004,0,False,nodal_b
N007192,OPP003458,P005,0,False,nodal_a
N007193,OPP003458,P002,1,True,nodal_a
N007194,OPP003459,P094,0,False,plain
N007195,OPP003460,P005,0,False,nodal_a
N007196,OPP003461,P221,0,False,terse
N007197,OPP003461,P001,1,False,nodal_a
N007198,OPP003461,P020,2,False,plain
N007199,OPP003461,P094,3,True,plain
N007200,OPP003461,P004,4,True,nodal_b
N007201,OPP003461,P010,5,False,plain
N007202,OPP003462,P004,0,False,nodal_b
N007203,OPP003462,P094,1,True,plain
N007204,OPP003463,P003,0,False,nodal_b
N007205,OPP003463,P061,1,False,html_ish
N007206,OPP003463,P215,2,True,plain
N007207,OPP003463,P136,3,False,html_ish
N007208,OPP003463,P240,4,False,shouty
N007209,OPP003464,P081,0,False,municipal
N007210,OPP003465,P202,0,False,legacy
N007211,OPP003466,P240,0,False,shouty
N007212,OPP003466,P003,1,True,nodal_b
N007213,OPP003467,P003,0,False,nodal_b
N007214,OPP003468,P001,0,False,nodal_a
N007215,OPP003469,P227,0,False,plain
N007216,OPP003470,P028,0,False,plain
N007217,OPP003470,P002,1,True,nodal_a
N007218,OPP003470,P114,2,True,terse
N007219,OPP003470,P021,3,False,municipal
N007220,OPP003470,P088,4,True,plain
N007221,OPP003470,P253,5,True,html_ish
N007222,OPP003470,P005,6,True,nodal_a
N007223,OPP003470,P179,7,True,html_ish
N007224,OPP003470,P094,8,True,plain
N007225,OPP003471,P229,0,False,html_ish
N007226,OPP003472,P002,0,False,nodal_a
N007227,OPP003473,P180,0,False,legacy
N007228,OPP003474,P186,0,False,html_ish
N007229,OPP003474,P001,1,True,nodal_a
N007230,OPP003475,P140,0,False,terse
N007231,OPP003476,P004,0,False,nodal_b
N007232,OPP003477,P002,0,False,nodal_a
N007233,OPP003477,P005,1,False,nodal_a
N007234,OPP003477,P003,2,False,nodal_b
N007235,OPP003477,P094,3,True,plain
N007236,OPP003477,P044,4,False,plain
N007237,OPP003477,P227,5,True,plain
N007238,OPP003477,P004,6,False,nodal_b
N007239,OPP003477,P241,7,False,plain
N007240,OPP003477,P013,8,False,terse
N007241,OPP003478,P146,0,False,html_ish
N007242,OPP003478,P181,1,False,plain
N007243,OPP003478,P091,2,True,municipal
N007244,OPP003479,P215,0,False,plain
N007245,OPP003480,P006,0,False,nodal_b
N007246,OPP003480,P004,1,False,nodal_b
N007247,OPP003481,P003,0,False,nodal_b
N007248,OPP003481,P094,1,False,plain
N007249,OPP003482,P005,0,False,nodal_a
N007250,OPP003483,P006,0,False,nodal_b
N007251,OPP003484,P020,0,False,plain
N007252,OPP003485,P094,0,False,plain
N007253,OPP003486,P215,0,False,plain
N007254,OPP003487,P003,0,False,nodal_b
N007255,OPP003488,P020,0,False,plain
N007256,OPP003488,P088,1,False,plain
N007257,OPP003489,P006,0,False,nodal_b
N007258,OPP003490,P216,0,False,html_ish
N007259,OPP003491,P032,0,False,municipal
N007260,OPP003492,P127,0,False,shouty
N007261,OPP003493,P232,0,False,plain
N007262,OPP003494,P004,0,False,nodal_b
N007263,OPP003495,P094,0,False,plain
N007264,OPP003495,P071,1,False,html_ish
N007265,OPP003496,P001,0,False,nodal_a
N007266,OPP003497,P005,0,False,nodal_a
N007267,OPP003498,P005,0,False,nodal_a
N007268,OPP003499,P001,0,False,nodal_a
N007269,OPP003500,P094,0,False,plain
N007270,OPP003501,P006,0,False,nodal_b
N007271,OPP003502,P002,0,False,nodal_a
N007272,OPP003502,P001,1,False,nodal_a
N007273,OPP003502,P003,2,False,nodal_b
N007274,OPP003502,P031,3,True,shouty
N007275,OPP003502,P215,4,False,plain
N007276,OPP003503,P006,0,False,nodal_b
N007277,OPP003504,P002,0,False,nodal_a
N007278,OPP003505,P215,0,False,plain
N007279,OPP003506,P257,0,False,html_ish
N007280,OPP003506,P006,1,False,nodal_b
N007281,OPP003507,P004,0,False,nodal_b
N007282,OPP003508,P001,0,False,nodal_a
N007283,OPP003509,P094,0,False,plain
N007284,OPP003509,P020,1,True,plain
N007285,OPP003509,P110,2,True,shouty
N007286,OPP003509,P003,3,False,nodal_b
N007287,OPP003509,P005,4,False,nodal_a
N007288,OPP003510,P006,0,False,nodal_b
N007289,OPP003510,P001,1,True,nodal_a
N007290,OPP003511,P003,0,False,nodal_b
N007291,OPP003511,P001,1,True,nodal_a
N007292,OPP003512,P049,0,False,municipal
N007293,OPP003513,P075,0,False,plain
N007294,OPP003513,P094,1,True,plain
N007295,OPP003513,P002,2,True,nodal_a
N007296,OPP003513,P005,3,True,nodal_a
N007297,OPP003513,P053,4,False,municipal
N007298,OPP003514,P240,0,False,shouty
N007299,OPP003514,P094,1,True,plain
N007300,OPP003515,P001,0,False,nodal_a
N007301,OPP003516,P051,0,False,html_ish
N007302,OPP003517,P063,0,False,shouty
N007303,OPP003518,P002,0,False,nodal_a
N007304,OPP003518,P094,1,False,plain
N007305,OPP003518,P020,2,False,plain
N007306,OPP003519,P004,0,False,nodal_b
N007307,OPP003520,P020,0,False,plain
N007308,OPP003521,P047,0,False,municipal
N007309,OPP003521,P003,1,False,nodal_b
N007310,OPP003522,P001,0,False,nodal_a
N007311,OPP003522,P020,1,False,plain
N007312,OPP003523,P214,0,False,plain
N007313,OPP003523,P205,1,False,plain
N007314,OPP003523,P003,2,False,nodal_b
N007315,OPP003524,P006,0,False,nodal_b
N007316,OPP003525,P232,0,False,plain
N007317,OPP003525,P094,1,True,plain
N007318,OPP003525,P152,2,False,municipal
N007319,OPP003526,P006,0,False,nodal_b
N007320,OPP003526,P132,1,False,plain
N007321,OPP003526,P094,2,False,plain
N007322,OPP003526,P221,3,False,terse
N007323,OPP003526,P143,4,True,html_ish
N007324,OPP003526,P240,5,False,shouty
N007325,OPP003526,P153,6,True,terse
N007326,OPP003527,P089,0,False,html_ish
N007327,OPP003527,P232,1,False,plain
N007328,OPP003528,P001,0,False,nodal_a
N007329,OPP003529,P094,0,False,plain
N007330,OPP003530,P003,0,False,nodal_b
N007331,OPP003530,P005,1,True,nodal_a
N007332,OPP003530,P088,2,True,plain
N007333,OPP003530,P199,3,True,plain
N007334,OPP003531,P094,0,False,plain
N007335,OPP003531,P147,1,True,municipal
N007336,OPP003531,P003,2,True,nodal_b
N007337,OPP003532,P215,0,False,plain
N007338,OPP003533,P246,0,False,plain
N007339,OPP003533,P094,1,True,plain
N007340,OPP003533,P001,2,True,nodal_a
N007341,OPP003533,P013,3,False,terse
N007342,OPP003534,P007,0,False,plain
N007343,OPP003534,P004,1,False,nodal_b
N007344,OPP003535,P005,0,False,nodal_a
N007345,OPP003536,P146,0,False,html_ish
N007346,OPP003536,P094,1,False,plain
N007347,OPP003536,P006,2,True,nodal_b
N007348,OPP003536,P200,3,False,plain
N007349,OPP003536,P181,4,False,plain
N007350,OPP003537,P227,0,False,plain
N007351,OPP003537,P232,1,True,plain
N007352,OPP003537,P094,2,True,plain
N007353,OPP003537,P002,3,False,nodal_a
N007354,OPP003537,P062,4,True,municipal
N007355,OPP003538,P255,0,False,shouty
N007356,OPP003539,P241,0,False,plain
N007357,OPP003539,P231,1,False,plain
N007358,OPP003540,P094,0,False,plain
N007359,OPP003541,P119,0,False,municipal
N007360,OPP003541,P006,1,True,nodal_b
N007361,OPP003542,P001,0,False,nodal_a
N007362,OPP003543,P038,0,False,plain
N007363,OPP003543,P097,1,True,html_ish
N007364,OPP003543,P094,2,False,plain
N007365,OPP003543,P001,3,False,nodal_a
N007366,OPP003543,P184,4,False,legacy
N007367,OPP003544,P006,0,False,nodal_b
N007368,OPP003545,P004,0,False,nodal_b
N007369,OPP003546,P006,0,False,nodal_b
N007370,OPP003546,P048,1,True,html_ish
N007371,OPP003546,P216,2,True,html_ish
N007372,OPP003547,P061,0,False,html_ish
N007373,OPP003547,P094,1,False,plain
N007374,OPP003548,P006,0,False,nodal_b
N007375,OPP003549,P146,0,False,html_ish
N007376,OPP003550,P003,0,False,nodal_b
N007377,OPP003551,P006,0,False,nodal_b
N007378,OPP003552,P001,0,False,nodal_a
N007379,OPP003552,P041,1,True,html_ish
N007380,OPP003552,P094,2,False,plain
N007381,OPP003552,P004,3,True,nodal_b
N007382,OPP003553,P003,0,False,nodal_b
N007383,OPP003554,P006,0,False,nodal_b
N007384,OPP003555,P006,0,False,nodal_b
N007385,OPP003556,P127,0,False,shouty
N007386,OPP003557,P240,0,False,shouty
N007387,OPP003557,P244,1,True,terse
N007388,OPP003558,P094,0,False,plain
N007389,OPP003558,P004,1,False,nodal_b
N007390,OPP003558,P001,2,True,nodal_a
N007391,OPP003558,P211,3,False,shouty
N007392,OPP003558,P221,4,False,terse
N007393,OPP003559,P094,0,False,plain
N007394,OPP003560,P006,0,False,nodal_b
N007395,OPP003560,P003,1,False,nodal_b
N007396,OPP003560,P094,2,False,plain
N007397,OPP003560,P096,3,False,html_ish
N007398,OPP003561,P005,0,False,nodal_a
N007399,OPP003561,P013,1,True,terse
N007400,OPP003562,P181,0,False,plain
N007401,OPP003562,P002,1,True,nodal_a
N007402,OPP003563,P094,0,False,plain
N007403,OPP003564,P005,0,False,nodal_a
N007404,OPP003565,P240,0,False,shouty
N007405,OPP003566,P020,0,False,plain
N007406,OPP003567,P141,0,False,municipal
N007407,OPP003567,P023,1,True,plain
N007408,OPP003567,P004,2,False,nodal_b
N007409,OPP003567,P003,3,False,nodal_b
N007410,OPP003568,P058,0,False,municipal
N007411,OPP003568,P259,1,True,municipal
N007412,OPP003569,P006,0,False,nodal_b
N007413,OPP003570,P011,0,False,terse
N007414,OPP003570,P052,1,False,html_ish
N007415,OPP003571,P088,0,False,plain
N007416,OPP003572,P215,0,False,plain
N007417,OPP003573,P044,0,False,plain
N007418,OPP003573,P020,1,False,plain
N007419,OPP003573,P001,2,False,nodal_a
N007420,OPP003573,P003,3,True,nodal_b
N007421,OPP003573,P094,4,False,plain
N007422,OPP003574,P004,0,False,nodal_b
N007423,OPP003574,P005,1,True,nodal_a
N007424,OPP003574,P094,2,True,plain
N007425,OPP003574,P002,3,False,nodal_a
N007426,OPP003575,P004,0,False,nodal_b
N007427,OPP003576,P053,0,False,municipal
N007428,OPP003577,P088,0,False,plain
N007429,OPP003577,P001,1,True,nodal_a
N007430,OPP003577,P005,2,False,nodal_a
N007431,OPP003577,P006,3,True,nodal_b
N007432,OPP003578,P240,0,False,shouty
N007433,OPP003579,P042,0,False,plain
N007434,OPP003580,P098,0,False,municipal
N007435,OPP003580,P094,1,False,plain
N007436,OPP003581,P094,0,False,plain
N007437,OPP003582,P166,0,False,html_ish
N007438,OPP003582,P181,1,True,plain
N007439,OPP003582,P146,2,False,html_ish
N007440,OPP003582,P001,3,False,nodal_a
N007441,OPP003583,P006,0,False,nodal_b
N007442,OPP003584,P002,0,False,nodal_a
N007443,OPP003584,P005,1,True,nodal_a
N007444,OPP003585,P094,0,False,plain
N007445,OPP003586,P208,0,False,plain
N007446,OPP003587,P044,0,False,plain
N007447,OPP003587,P020,1,False,plain
N007448,OPP003588,P006,0,False,nodal_b
N007449,OPP003589,P002,0,False,nodal_a
N007450,OPP003590,P094,0,False,plain
N007451,OPP003590,P005,1,False,nodal_a
N007452,OPP003590,P229,2,True,html_ish
N007453,OPP003590,P168,3,True,municipal
N007454,OPP003590,P004,4,False,nodal_b
N007455,OPP003590,P239,5,True,plain
N007456,OPP003590,P006,6,True,nodal_b
N007457,OPP003590,P122,7,True,shouty
N007458,OPP003591,P004,0,False,nodal_b
N007459,OPP003591,P006,1,False,nodal_b
N007460,OPP003592,P005,0,False,nodal_a
N007461,OPP003593,P003,0,False,nodal_b
N007462,OPP003593,P006,1,True,nodal_b
N007463,OPP003593,P094,2,True,plain
N007464,OPP003593,P101,3,False,plain
N007465,OPP003593,P005,4,True,nodal_a
N007466,OPP003593,P215,5,True,plain
N007467,OPP003594,P065,0,False,municipal
N007468,OPP003595,P094,0,False,plain
N007469,OPP003596,P088,0,False,plain
N007470,OPP003596,P094,1,True,plain
N007471,OPP003596,P001,2,False,nodal_a
N007472,OPP003597,P001,0,False,nodal_a
N007473,OPP003597,P163,1,False,municipal
N007474,OPP003597,P002,2,True,nodal_a
N007475,OPP003598,P002,0,False,nodal_a
N007476,OPP003598,P020,1,False,plain
N007477,OPP003598,P001,2,True,nodal_a
N007478,OPP003599,P004,0,False,nodal_b
N007479,OPP003600,P240,0,False,shouty
N007480,OPP003601,P094,0,False,plain
N007481,OPP003602,P094,0,False,plain
N007482,OPP003602,P058,1,False,municipal
N007483,OPP003602,P189,2,True,plain
N007484,OPP003602,P004,3,True,nodal_b
N007485,OPP003602,P006,4,True,nodal_b
N007486,OPP003603,P002,0,False,nodal_a
N007487,OPP003604,P020,0,False,plain
N007488,OPP003604,P002,1,True,nodal_a
N007489,OPP003604,P003,2,False,nodal_b
N007490,OPP003604,P004,3,False,nodal_b
N007491,OPP003604,P005,4,True,nodal_a
N007492,OPP003604,P006,5,False,nodal_b
N007493,OPP003604,P105,6,False,municipal
N007494,OPP003604,P044,7,False,plain
N007495,OPP003605,P002,0,False,nodal_a
N007496,OPP003606,P146,0,False,html_ish
N007497,OPP003607,P005,0,False,nodal_a
N007498,OPP003607,P116,1,False,shouty
N007499,OPP003607,P189,2,False,plain
N007500,OPP003608,P235,0,False,municipal
N007501,OPP003609,P138,0,False,legacy
N007502,OPP003610,P002,0,False,nodal_a
N007503,OPP003611,P002,0,False,nodal_a
N007504,OPP003612,P002,0,False,nodal_a
N007505,OPP003612,P020,1,False,plain
N007506,OPP003613,P218,0,False,legacy
N007507,OPP003614,P188,0,False,plain
N007508,OPP003615,P094,0,False,plain
N007509,OPP003616,P002,0,False,nodal_a
N007510,OPP003617,P240,0,False,shouty
N007511,OPP003618,P005,0,False,nodal_a
N007512,OPP003619,P005,0,False,nodal_a
N007513,OPP003620,P003,0,False,nodal_b
N007514,OPP003620,P152,1,False,municipal
N007515,OPP003620,P094,2,True,plain
N007516,OPP003620,P215,3,False,plain
N007517,OPP003621,P240,0,False,shouty
N007518,OPP003622,P200,0,False,plain
N007519,OPP003623,P166,0,False,html_ish
N007520,OPP003623,P003,1,False,nodal_b
N007521,OPP003623,P020,2,False,plain
N007522,OPP003624,P136,0,False,html_ish
N007523,OPP003625,P005,0,False,nodal_a
N007524,OPP003625,P020,1,True,plain
N007525,OPP003625,P202,2,False,legacy
N007526,OPP003625,P003,3,False,nodal_b
N007527,OPP003625,P013,4,False,terse
N007528,OPP003626,P066,0,False,terse
N007529,OPP003627,P005,0,False,nodal_a
N007530,OPP003627,P094,1,True,plain
N007531,OPP003628,P042,0,False,plain
N007532,OPP003629,P094,0,False,plain
N007533,OPP003630,P005,0,False,nodal_a
N007534,OPP003630,P003,1,False,nodal_b
N007535,OPP003630,P137,2,True,html_ish
N007536,OPP003631,P005,0,False,nodal_a
N007537,OPP003632,P094,0,False,plain
N007538,OPP003632,P006,1,False,nodal_b
N007539,OPP003632,P240,2,True,shouty
N007540,OPP003632,P021,3,True,municipal
N007541,OPP003633,P020,0,False,plain
N007542,OPP003633,P001,1,True,nodal_a
N007543,OPP003633,P002,2,True,nodal_a
N007544,OPP003633,P003,3,False,nodal_b
N007545,OPP003633,P076,4,True,municipal
N007546,OPP003633,P004,5,False,nodal_b
N007547,OPP003634,P006,0,False,nodal_b
N007548,OPP003634,P221,1,False,terse
N007549,OPP003634,P240,2,False,shouty
N007550,OPP003634,P002,3,True,nodal_a
N007551,OPP003635,P225,0,False,municipal
N007552,OPP003636,P127,0,False,shouty
N007553,OPP003637,P094,0,False,plain
N007554,OPP003637,P004,1,False,nodal_b
N007555,OPP003637,P002,2,False,nodal_a
N007556,OPP003638,P228,0,False,html_ish
N007557,OPP003638,P003,1,False,nodal_b
N007558,OPP003639,P004,0,False,nodal_b
N007559,OPP003639,P094,1,False,plain
N007560,OPP003640,P002,0,False,nodal_a
N007561,OPP003640,P094,1,False,plain
N007562,OPP003641,P005,0,False,nodal_a
N007563,OPP003642,P005,0,False,nodal_a
N007564,OPP003643,P005,0,False,nodal_a
N007565,OPP003644,P164,0,False,plain
N007566,OPP003644,P003,1,False,nodal_b
N007567,OPP003644,P204,2,False,plain
N007568,OPP003644,P240,3,False,shouty
N007569,OPP003644,P057,4,False,municipal
N007570,OPP003644,P005,5,True,nodal_a
N007571,OPP003644,P001,6,False,nodal_a
N007572,OPP003645,P181,0,False,plain
N007573,OPP003645,P088,1,False,plain
N007574,OPP003645,P006,2,False,nodal_b
N007575,OPP003645,P003,3,False,nodal_b
N007576,OPP003646,P001,0,False,nodal_a
N007577,OPP003647,P187,0,False,municipal
N007578,OPP003647,P001,1,False,nodal_a
N007579,OPP003647,P094,2,False,plain
N007580,OPP003648,P117,0,False,terse
N007581,OPP003648,P006,1,False,nodal_b
N007582,OPP003649,P005,0,False,nodal_a
N007583,OPP003649,P024,1,True,html_ish
N007584,OPP003649,P006,2,True,nodal_b
N007585,OPP003649,P002,3,True,nodal_a
N007586,OPP003649,P053,4,False,municipal
N007587,OPP003650,P189,0,False,plain
N007588,OPP003651,P059,0,False,municipal
N007589,OPP003651,P043,1,True,plain
N007590,OPP003651,P020,2,False,plain
N007591,OPP003651,P001,3,False,nodal_a
N007592,OPP003651,P085,4,False,municipal
N007593,OPP003652,P005,0,False,nodal_a
N007594,OPP003653,P001,0,False,nodal_a
N007595,OPP003653,P020,1,False,plain
N007596,OPP003654,P003,0,False,nodal_b
N007597,OPP003655,P001,0,False,nodal_a
N007598,OPP003656,P004,0,False,nodal_b
N007599,OPP003657,P094,0,False,plain
N007600,OPP003657,P020,1,False,plain
N007601,OPP003657,P129,2,True,municipal
N007602,OPP003658,P003,0,False,nodal_b
N007603,OPP003658,P181,1,True,plain
N007604,OPP003658,P259,2,False,municipal
N007605,OPP003659,P001,0,False,nodal_a
N007606,OPP003659,P036,1,False,html_ish
N007607,OPP003659,P058,2,True,municipal
N007608,OPP003659,P255,3,True,shouty
N007609,OPP003659,P129,4,False,municipal
N007610,OPP003659,P094,5,False,plain
N007611,OPP003660,P006,0,False,nodal_b
N007612,OPP003661,P240,0,False,shouty
N007613,OPP003662,P077,0,False,plain
N007614,OPP003662,P005,1,True,nodal_a
N007615,OPP003663,P006,0,False,nodal_b
N007616,OPP003663,P041,1,False,html_ish
N007617,OPP003664,P020,0,False,plain
N007618,OPP003664,P004,1,False,nodal_b
N007619,OPP003665,P006,0,False,nodal_b
N007620,OPP003665,P004,1,True,nodal_b
N007621,OPP003665,P113,2,True,plain
N007622,OPP003665,P044,3,True,plain
N007623,OPP003665,P001,4,True,nodal_a
N007624,OPP003665,P255,5,True,shouty
N007625,OPP003665,P005,6,False,nodal_a
N007626,OPP003666,P094,0,False,plain
N007627,OPP003667,P200,0,False,plain
N007628,OPP003667,P020,1,False,plain
N007629,OPP003668,P044,0,False,plain
N007630,OPP003669,P094,0,False,plain
N007631,OPP003669,P005,1,False,nodal_a
N007632,OPP003669,P044,2,False,plain
N007633,OPP003670,P051,0,False,html_ish
N007634,OPP003670,P094,1,False,plain
N007635,OPP003671,P178,0,False,plain
N007636,OPP003672,P255,0,False,shouty
N007637,OPP003672,P005,1,False,nodal_a
N007638,OPP003672,P048,2,False,html_ish
N007639,OPP003672,P137,3,False,html_ish
N007640,OPP003672,P006,4,True,nodal_b
N007641,OPP003673,P003,0,False,nodal_b
N007642,OPP003674,P056,0,False,html_ish
N007643,OPP003675,P069,0,False,html_ish
N007644,OPP003676,P094,0,False,plain
N007645,OPP003676,P030,1,True,municipal
N007646,OPP003677,P004,0,False,nodal_b
N007647,OPP003678,P001,0,False,nodal_a
N007648,OPP003679,P116,0,False,shouty
N007649,OPP003680,P004,0,False,nodal_b
N007650,OPP003681,P025,0,False,terse
N007651,OPP003681,P148,1,False,html_ish
N007652,OPP003681,P005,2,False,nodal_a
N007653,OPP003681,P058,3,False,municipal
N007654,OPP003681,P094,4,True,plain
N007655,OPP003681,P240,5,True,shouty
N007656,OPP003681,P002,6,True,nodal_a
N007657,OPP003681,P003,7,True,nodal_b
N007658,OPP003681,P181,8,False,plain
N007659,OPP003682,P184,0,False,legacy
N007660,OPP003682,P240,1,False,shouty
N007661,OPP003682,P141,2,False,municipal
N007662,OPP003682,P004,3,True,nodal_b
N007663,OPP003682,P094,4,False,plain
N007664,OPP003683,P181,0,False,plain
N007665,OPP003683,P189,1,True,plain
N007666,OPP003684,P044,0,False,plain
N007667,OPP003685,P003,0,False,nodal_b
N007668,OPP003686,P002,0,False,nodal_a
N007669,OPP003687,P094,0,False,plain
N007670,OPP003688,P003,0,False,nodal_b
N007671,OPP003688,P163,1,True,municipal
N007672,OPP003689,P215,0,False,plain
N007673,OPP003689,P001,1,True,nodal_a
N007674,OPP003689,P005,2,True,nodal_a
N007675,OPP003690,P004,0,False,nodal_b
N007676,OPP003690,P002,1,False,nodal_a
N007677,OPP003690,P231,2,False,plain
N007678,OPP003690,P006,3,True,nodal_b
N007679,OPP003691,P108,0,False,municipal
N007680,OPP003691,P004,1,True,nodal_b
N007681,OPP003691,P005,2,True,nodal_a
N007682,OPP003691,P239,3,True,plain
N007683,OPP003691,P094,4,False,plain
N007684,OPP003691,P002,5,False,nodal_a
N007685,OPP003691,P056,6,False,html_ish
N007686,OPP003691,P240,7,True,shouty
N007687,OPP003692,P006,0,False,nodal_b
N007688,OPP003692,P003,1,False,nodal_b
N007689,OPP003693,P006,0,False,nodal_b
N007690,OPP003694,P146,0,False,html_ish
N007691,OPP003695,P094,0,False,plain
N007692,OPP003696,P104,0,False,plain
N007693,OPP003696,P004,1,False,nodal_b
N007694,OPP003696,P013,2,False,terse
N007695,OPP003696,P089,3,True,html_ish
N007696,OPP003696,P094,4,False,plain
N007697,OPP003697,P006,0,False,nodal_b
N007698,OPP003697,P200,1,False,plain
N007699,OPP003697,P002,2,False,nodal_a
N007700,OPP003697,P176,3,False,plain
N007701,OPP003697,P005,4,True,nodal_a
N007702,OPP003697,P004,5,False,nodal_b
N007703,OPP003697,P240,6,True,shouty
N007704,OPP003698,P001,0,False,nodal_a
N007705,OPP003699,P002,0,False,nodal_a
N007706,OPP003699,P094,1,False,plain
N007707,OPP003700,P257,0,False,html_ish
N007708,OPP003701,P180,0,False,legacy
N007709,OPP003702,P094,0,False,plain
N007710,OPP003703,P094,0,False,plain
N007711,OPP003704,P094,0,False,plain
N007712,OPP003704,P014,1,True,html_ish
N007713,OPP003704,P133,2,False,plain
N007714,OPP003704,P041,3,True,html_ish
N007715,OPP003704,P057,4,False,municipal
N007716,OPP003705,P094,0,False,plain
N007717,OPP003705,P002,1,False,nodal_a
N007718,OPP003705,P003,2,False,nodal_b
N007719,OPP003705,P112,3,True,shouty
N007720,OPP003705,P042,4,False,plain
N007721,OPP003705,P006,5,False,nodal_b
N007722,OPP003706,P138,0,False,legacy
N007723,OPP003706,P020,1,True,plain
N007724,OPP003706,P211,2,True,shouty
N007725,OPP003707,P179,0,False,html_ish
N007726,OPP003708,P020,0,False,plain
N007727,OPP003709,P219,0,False,plain
N007728,OPP003710,P003,0,False,nodal_b
N007729,OPP003711,P075,0,False,plain
N007730,OPP003711,P003,1,False,nodal_b
N007731,OPP003711,P094,2,False,plain
N007732,OPP003711,P215,3,False,plain
N007733,OPP003712,P001,0,False,nodal_a
N007734,OPP003713,P006,0,False,nodal_b
N007735,OPP003714,P240,0,False,shouty
N007736,OPP003715,P020,0,False,plain
N007737,OPP003716,P060,0,False,plain
N007738,OPP003717,P094,0,False,plain
N007739,OPP003718,P004,0,False,nodal_b
N007740,OPP003718,P044,1,False,plain
N007741,OPP003719,P029,0,False,plain
N007742,OPP003719,P002,1,False,nodal_a
N007743,OPP003719,P006,2,True,nodal_b
N007744,OPP003720,P234,0,False,municipal
N007745,OPP003721,P241,0,False,plain
N007746,OPP003721,P001,1,True,nodal_a
N007747,OPP003722,P016,0,False,terse
N007748,OPP003723,P094,0,False,plain
N007749,OPP003724,P003,0,False,nodal_b
N007750,OPP003725,P094,0,False,plain
N007751,OPP003726,P248,0,False,legacy
N007752,OPP003726,P238,1,False,plain
N007753,OPP003726,P042,2,False,plain
N007754,OPP003726,P002,3,True,nodal_a
N007755,OPP003727,P001,0,False,nodal_a
N007756,OPP003728,P175,0,False,plain
N007757,OPP003729,P094,0,False,plain
N007758,OPP003730,P006,0,False,nodal_b
N007759,OPP003731,P004,0,False,nodal_b
N007760,OPP003732,P038,0,False,plain
N007761,OPP003733,P038,0,False,plain
N007762,OPP003733,P182,1,False,plain
N007763,OPP003733,P003,2,False,nodal_b
N007764,OPP003733,P021,3,False,municipal
N007765,OPP003734,P215,0,False,plain
N007766,OPP003735,P099,0,False,html_ish
N007767,OPP003735,P026,1,True,municipal
N007768,OPP003735,P001,2,False,nodal_a
N007769,OPP003735,P094,3,True,plain
N007770,OPP003736,P238,0,False,plain
N007771,OPP003737,P094,0,False,plain
N007772,OPP003737,P002,1,False,nodal_a
N007773,OPP003737,P097,2,False,html_ish
N007774,OPP003737,P017,3,False,municipal
N007775,OPP003737,P039,4,False,plain
N007776,OPP003737,P240,5,True,shouty
N007777,OPP003737,P060,6,False,plain
N007778,OPP003738,P043,0,False,plain
N007779,OPP003738,P073,1,False,shouty
N007780,OPP003739,P191,0,False,plain
N007781,OPP003739,P001,1,False,nodal_a
N007782,OPP003739,P006,2,False,nodal_b
N007783,OPP003739,P036,3,False,html_ish
N007784,OPP003739,P233,4,True,terse
N007785,OPP003739,P020,5,True,plain
N007786,OPP003739,P002,6,False,nodal_a
N007787,OPP003739,P246,7,True,plain
N007788,OPP003739,P104,8,False,plain
N007789,OPP003740,P020,0,False,plain
N007790,OPP003740,P004,1,True,nodal_b
N007791,OPP003741,P216,0,False,html_ish
N007792,OPP003742,P183,0,False,municipal
N007793,OPP003743,P005,0,False,nodal_a
N007794,OPP003743,P004,1,False,nodal_b
N007795,OPP003743,P094,2,False,plain
N007796,OPP003743,P207,3,False,plain
N007797,OPP003743,P006,4,True,nodal_b
N007798,OPP003743,P001,5,False,nodal_a
N007799,OPP003744,P001,0,False,nodal_a
N007800,OPP003745,P013,0,False,terse
N007801,OPP003746,P006,0,False,nodal_b
N007802,OPP003746,P083,1,True,html_ish
N007803,OPP003746,P141,2,False,municipal
N007804,OPP003747,P215,0,False,plain
N007805,OPP003748,P020,0,False,plain
N007806,OPP003748,P094,1,False,plain
N007807,OPP003748,P004,2,False,nodal_b
N007808,OPP003748,P225,3,True,municipal
N007809,OPP003748,P001,4,True,nodal_a
N007810,OPP003748,P005,5,True,nodal_a
N007811,OPP003748,P227,6,False,plain
N007812,OPP003748,P189,7,False,plain
N007813,OPP003749,P001,0,False,nodal_a
N007814,OPP003750,P094,0,False,plain
N007815,OPP003751,P005,0,False,nodal_a
N007816,OPP003751,P094,1,True,plain
N007817,OPP003752,P006,0,False,nodal_b
N007818,OPP003752,P240,1,False,shouty
N007819,OPP003752,P002,2,False,nodal_a
N007820,OPP003753,P002,0,False,nodal_a
N007821,OPP003754,P142,0,False,terse
N007822,OPP003755,P047,0,False,municipal
N007823,OPP003756,P003,0,False,nodal_b
N007824,OPP003757,P003,0,False,nodal_b
N007825,OPP003757,P002,1,True,nodal_a
N007826,OPP003757,P006,2,True,nodal_b
N007827,OPP003758,P060,0,False,plain
N007828,OPP003759,P001,0,False,nodal_a
N007829,OPP003760,P002,0,False,nodal_a
N007830,OPP003761,P198,0,False,html_ish
N007831,OPP003762,P006,0,False,nodal_b
N007832,OPP003762,P001,1,True,nodal_a
N007833,OPP003762,P240,2,True,shouty
N007834,OPP003762,P073,3,True,shouty
N007835,OPP003763,P253,0,False,html_ish
N007836,OPP003764,P096,0,False,html_ish
N007837,OPP003764,P020,1,True,plain
N007838,OPP003764,P215,2,False,plain
N007839,OPP003764,P240,3,True,shouty
N007840,OPP003764,P004,4,True,nodal_b
N007841,OPP003764,P002,5,False,nodal_a
N007842,OPP003765,P006,0,False,nodal_b
N007843,OPP003766,P094,0,False,plain
N007844,OPP003767,P002,0,False,nodal_a
N007845,OPP003768,P006,0,False,nodal_b
N007846,OPP003769,P202,0,False,legacy
N007847,OPP003770,P003,0,False,nodal_b
N007848,OPP003771,P003,0,False,nodal_b
N007849,OPP003772,P006,0,False,nodal_b
N007850,OPP003773,P003,0,False,nodal_b
N007851,OPP003773,P004,1,False,nodal_b
N007852,OPP003773,P044,2,True,plain
N007853,OPP003773,P094,3,False,plain
N007854,OPP003774,P094,0,False,plain
N007855,OPP003774,P006,1,True,nodal_b
N007856,OPP003775,P052,0,False,html_ish
N007857,OPP003775,P236,1,False,plain
N007858,OPP003775,P004,2,False,nodal_b
N007859,OPP003775,P094,3,False,plain
N007860,OPP003775,P240,4,True,shouty
N007861,OPP003776,P002,0,False,nodal_a
N007862,OPP003776,P087,1,False,plain
N007863,OPP003776,P006,2,False,nodal_b
N007864,OPP003777,P002,0,False,nodal_a
N007865,OPP003777,P006,1,False,nodal_b
N007866,OPP003777,P003,2,False,nodal_b
N007867,OPP003777,P147,3,True,municipal
N007868,OPP003778,P004,0,False,nodal_b
N007869,OPP003779,P238,0,False,plain
N007870,OPP003780,P002,0,False,nodal_a
N007871,OPP003780,P004,1,True,nodal_b
N007872,OPP003781,P221,0,False,terse
N007873,OPP003781,P088,1,False,plain
N007874,OPP003781,P005,2,True,nodal_a
N007875,OPP003781,P025,3,True,terse
N007876,OPP003782,P001,0,False,nodal_a
N007877,OPP003782,P180,1,False,legacy
N007878,OPP003783,P151,0,False,terse
N007879,OPP003784,P006,0,False,nodal_b
N007880,OPP003784,P004,1,False,nodal_b
N007881,OPP003784,P020,2,False,plain
N007882,OPP003784,P215,3,True,plain
N007883,OPP003784,P001,4,False,nodal_a
N007884,OPP003784,P003,5,False,nodal_b
N007885,OPP003784,P139,6,True,plain
N007886,OPP003785,P199,0,False,plain
N007887,OPP003786,P020,0,False,plain
N007888,OPP003787,P094,0,False,plain
N007889,OPP003788,P006,0,False,nodal_b
N007890,OPP003789,P094,0,False,plain
N007891,OPP003790,P002,0,False,nodal_a
N007892,OPP003791,P002,0,False,nodal_a
N007893,OPP003791,P160,1,True,html_ish
N007894,OPP003791,P094,2,True,plain
N007895,OPP003792,P094,0,False,plain
N007896,OPP003793,P004,0,False,nodal_b
N007897,OPP003794,P001,0,False,nodal_a
N007898,OPP003794,P094,1,True,plain
N007899,OPP003795,P124,0,False,plain
N007900,OPP003796,P006,0,False,nodal_b
N007901,OPP003797,P004,0,False,nodal_b
N007902,OPP003798,P001,0,False,nodal_a
N007903,OPP003799,P240,0,False,shouty
N007904,OPP003799,P002,1,False,nodal_a
N007905,OPP003800,P094,0,False,plain
N007906,OPP003801,P216,0,False,html_ish
N007907,OPP003801,P255,1,True,shouty
N007908,OPP003801,P217,2,False,plain
N007909,OPP003801,P001,3,False,nodal_a
N007910,OPP003801,P003,4,True,nodal_b
N007911,OPP003801,P047,5,False,municipal
N007912,OPP003802,P005,0,False,nodal_a
N007913,OPP003803,P094,0,False,plain
N007914,OPP003804,P227,0,False,plain
N007915,OPP003805,P106,0,False,plain
N007916,OPP003805,P004,1,False,nodal_b
N007917,OPP003806,P241,0,False,plain
N007918,OPP003806,P006,1,False,nodal_b
N007919,OPP003806,P020,2,True,plain
N007920,OPP003806,P005,3,True,nodal_a
N007921,OPP003807,P003,0,False,nodal_b
N007922,OPP003807,P202,1,False,legacy
N007923,OPP003808,P122,0,False,shouty
N007924,OPP003808,P094,1,True,plain
N007925,OPP003808,P001,2,True,nodal_a
N007926,OPP003809,P094,0,False,plain
N007927,OPP003809,P002,1,True,nodal_a
N007928,OPP003809,P004,2,False,nodal_b
N007929,OPP003810,P229,0,False,html_ish
N007930,OPP003811,P094,0,False,plain
N007931,OPP003812,P042,0,False,plain
N007932,OPP003813,P001,0,False,nodal_a
N007933,OPP003814,P003,0,False,nodal_b
N007934,OPP003815,P094,0,False,plain
N007935,OPP003816,P013,0,False,terse
N007936,OPP003817,P002,0,False,nodal_a
N007937,OPP003818,P005,0,False,nodal_a
N007938,OPP003818,P214,1,False,plain
N007939,OPP003819,P044,0,False,plain
N007940,OPP003820,P006,0,False,nodal_b
N007941,OPP003821,P006,0,False,nodal_b
N007942,OPP003822,P024,0,False,html_ish
N007943,OPP003823,P088,0,False,plain
N007944,OPP003823,P238,1,False,plain
N007945,OPP003823,P084,2,False,terse
N007946,OPP003824,P221,0,False,terse
N007947,OPP003825,P081,0,False,municipal
N007948,OPP003825,P227,1,False,plain
N007949,OPP003825,P059,2,False,municipal
N007950,OPP003825,P001,3,True,nodal_a
N007951,OPP003826,P002,0,False,nodal_a
N007952,OPP003826,P133,1,False,plain
N007953,OPP003826,P072,2,True,html_ish
N007954,OPP003826,P031,3,True,shouty
N007955,OPP003826,P184,4,False,legacy
N007956,OPP003826,P003,5,False,nodal_b
N007957,OPP003826,P240,6,True,shouty
N007958,OPP003827,P003,0,False,nodal_b
N007959,OPP003828,P006,0,False,nodal_b
N007960,OPP003828,P001,1,False,nodal_a
N007961,OPP003829,P100,0,False,plain
N007962,OPP003830,P003,0,False,nodal_b
N007963,OPP003831,P235,0,False,municipal
N007964,OPP003832,P002,0,False,nodal_a
N007965,OPP003833,P002,0,False,nodal_a
N007966,OPP003834,P002,0,False,nodal_a
N007967,OPP003835,P094,0,False,plain
N007968,OPP003835,P040,1,True,html_ish
N007969,OPP003835,P059,2,False,municipal
N007970,OPP003835,P215,3,True,plain
N007971,OPP003835,P088,4,True,plain
N007972,OPP003835,P003,5,False,nodal_b
N007973,OPP003836,P210,0,False,plain
N007974,OPP003836,P006,1,False,nodal_b
N007975,OPP003836,P057,2,False,municipal
N007976,OPP003837,P001,0,False,nodal_a
N007977,OPP003838,P094,0,False,plain
N007978,OPP003838,P057,1,False,municipal
N007979,OPP003839,P005,0,False,nodal_a
N007980,OPP003840,P094,0,False,plain
N007981,OPP003840,P027,1,True,plain
N007982,OPP003840,P001,2,True,nodal_a
N007983,OPP003840,P088,3,False,plain
N007984,OPP003841,P006,0,False,nodal_b
N007985,OPP003841,P258,1,True,html_ish
N007986,OPP003842,P094,0,False,plain
N007987,OPP003842,P004,1,True,nodal_b
N007988,OPP003842,P021,2,False,municipal
N007989,OPP003842,P049,3,False,municipal
N007990,OPP003842,P005,4,False,nodal_a
N007991,OPP003843,P004,0,False,nodal_b
N007992,OPP003844,P172,0,False,municipal
N007993,OPP003845,P072,0,False,html_ish
N007994,OPP003845,P094,1,True,plain
N007995,OPP003846,P003,0,False,nodal_b
N007996,OPP003846,P228,1,False,html_ish
N007997,OPP003846,P197,2,True,plain
N007998,OPP003847,P094,0,False,plain
N007999,OPP003848,P166,0,False,html_ish
N008000,OPP003848,P003,1,True,nodal_b
N008001,OPP003848,P056,2,False,html_ish
N008002,OPP003848,P136,3,True,html_ish
N008003,OPP003849,P094,0,False,plain
N008004,OPP003850,P127,0,False,shouty
N008005,OPP003851,P001,0,False,nodal_a
N008006,OPP003852,P001,0,False,nodal_a
N008007,OPP003852,P146,1,False,html_ish
N008008,OPP003852,P237,2,False,municipal
N008009,OPP003852,P020,3,False,plain
N008010,OPP003852,P002,4,True,nodal_a
N008011,OPP003852,P056,5,False,html_ish
N008012,OPP003852,P243,6,False,municipal
N008013,OPP003853,P122,0,False,shouty
N008014,OPP003853,P211,1,False,shouty
N008015,OPP003854,P060,0,False,plain
N008016,OPP003854,P018,1,False,plain
N008017,OPP003855,P001,0,False,nodal_a
N008018,OPP003855,P002,1,False,nodal_a
N008019,OPP003856,P094,0,False,plain
N008020,OPP003857,P006,0,False,nodal_b
N008021,OPP003857,P020,1,False,plain
N008022,OPP003857,P005,2,False,nodal_a
N008023,OPP003857,P094,3,False,plain
N008024,OPP003857,P003,4,True,nodal_b
N008025,OPP003857,P129,5,False,municipal
N008026,OPP003857,P017,6,True,municipal
N008027,OPP003857,P182,7,True,plain
N008028,OPP003857,P001,8,False,nodal_a
N008029,OPP003858,P094,0,False,plain
N008030,OPP003858,P005,1,True,nodal_a
N008031,OPP003858,P181,2,False,plain
N008032,OPP003859,P005,0,False,nodal_a
N008033,OPP003860,P211,0,False,shouty
N008034,OPP003860,P200,1,True,plain
N008035,OPP003861,P001,0,False,nodal_a
N008036,OPP003862,P001,0,False,nodal_a
N008037,OPP003863,P129,0,False,municipal
N008038,OPP003864,P189,0,False,plain
N008039,OPP003865,P235,0,False,municipal
N008040,OPP003865,P006,1,False,nodal_b
N008041,OPP003865,P148,2,False,html_ish
N008042,OPP003866,P181,0,False,plain
N008043,OPP003867,P003,0,False,nodal_b
N008044,OPP003867,P094,1,False,plain
N008045,OPP003867,P002,2,True,nodal_a
N008046,OPP003867,P005,3,False,nodal_a
N008047,OPP003868,P005,0,False,nodal_a
N008048,OPP003869,P020,0,False,plain
N008049,OPP003869,P248,1,False,legacy
N008050,OPP003869,P235,2,True,municipal
N008051,OPP003870,P020,0,False,plain
N008052,OPP003871,P227,0,False,plain
N008053,OPP003871,P216,1,False,html_ish
N008054,OPP003872,P028,0,False,plain
N008055,OPP003872,P001,1,True,nodal_a
N008056,OPP003872,P094,2,True,plain
N008057,OPP003872,P108,3,False,municipal
N008058,OPP003873,P094,0,False,plain
N008059,OPP003873,P129,1,False,municipal
N008060,OPP003873,P004,2,True,nodal_b
N008061,OPP003873,P228,3,False,html_ish
N008062,OPP003873,P005,4,True,nodal_a
N008063,OPP003874,P167,0,False,municipal
N008064,OPP003874,P094,1,False,plain
N008065,OPP003874,P185,2,False,plain
N008066,OPP003874,P240,3,False,shouty
N008067,OPP003874,P002,4,True,nodal_a
N008068,OPP003875,P244,0,False,terse
N008069,OPP003876,P202,0,False,legacy
N008070,OPP003876,P094,1,False,plain
N008071,OPP003876,P006,2,False,nodal_b
N008072,OPP003876,P027,3,True,plain
N008073,OPP003876,P070,4,False,municipal
N008074,OPP003877,P250,0,False,html_ish
N008075,OPP003878,P151,0,False,terse
N008076,OPP003879,P003,0,False,nodal_b
N008077,OPP003880,P250,0,False,html_ish
N008078,OPP003881,P094,0,False,plain
N008079,OPP003882,P094,0,False,plain
N008080,OPP003883,P001,0,False,nodal_a
N008081,OPP003884,P006,0,False,nodal_b
N008082,OPP003884,P240,1,True,shouty
N008083,OPP003884,P182,2,False,plain
N008084,OPP003884,P088,3,True,plain
N008085,OPP003884,P003,4,False,nodal_b
N008086,OPP003885,P219,0,False,plain
N008087,OPP003886,P003,0,False,nodal_b
N008088,OPP003886,P001,1,False,nodal_a
N008089,OPP003887,P081,0,False,municipal
N008090,OPP003887,P013,1,True,terse
N008091,OPP003887,P152,2,False,municipal
N008092,OPP003888,P002,0,False,nodal_a
N008093,OPP003888,P055,1,False,plain
N008094,OPP003888,P003,2,True,nodal_b
N008095,OPP003888,P136,3,False,html_ish
N008096,OPP003889,P020,0,False,plain
N008097,OPP003890,P094,0,False,plain
N008098,OPP003891,P185,0,False,plain
N008099,OPP003892,P216,0,False,html_ish
N008100,OPP003892,P237,1,False,municipal
N008101,OPP003892,P026,2,False,municipal
N008102,OPP003893,P006,0,False,nodal_b
N008103,OPP003893,P001,1,True,nodal_a
N008104,OPP003893,P005,2,False,nodal_a
N008105,OPP003894,P236,0,False,plain
N008106,OPP003894,P004,1,False,nodal_b
N008107,OPP003894,P094,2,False,plain
N008108,OPP003894,P006,3,False,nodal_b
N008109,OPP003894,P219,4,False,plain
N008110,OPP003894,P005,5,True,nodal_a
N008111,OPP003894,P003,6,True,nodal_b
N008112,OPP003895,P006,0,False,nodal_b
N008113,OPP003896,P090,0,False,terse
N008114,OPP003896,P003,1,True,nodal_b
N008115,OPP003896,P240,2,True,shouty
N008116,OPP003897,P044,0,False,plain
N008117,OPP003898,P189,0,False,plain
N008118,OPP003899,P183,0,False,municipal
N008119,OPP003900,P053,0,False,municipal
N008120,OPP003901,P001,0,False,nodal_a
N008121,OPP003902,P044,0,False,plain
N008122,OPP003903,P094,0,False,plain
N008123,OPP003904,P094,0,False,plain
N008124,OPP003904,P232,1,False,plain
N008125,OPP003904,P003,2,True,nodal_b
N008126,OPP003905,P221,0,False,terse
N008127,OPP003905,P011,1,False,terse
N008128,OPP003905,P006,2,False,nodal_b
N008129,OPP003906,P041,0,False,html_ish
N008130,OPP003906,P175,1,False,plain
N008131,OPP003906,P241,2,True,plain
N008132,OPP003907,P120,0,False,legacy
N008133,OPP003907,P136,1,True,html_ish
N008134,OPP003907,P004,2,False,nodal_b
N008135,OPP003907,P006,3,False,nodal_b
N008136,OPP003908,P005,0,False,nodal_a
N008137,OPP003909,P005,0,False,nodal_a
N008138,OPP003910,P026,0,False,municipal
N008139,OPP003910,P028,1,False,plain
N008140,OPP003910,P001,2,False,nodal_a
N008141,OPP003911,P228,0,False,html_ish
N008142,OPP003911,P003,1,True,nodal_b
N008143,OPP003911,P094,2,False,plain
N008144,OPP003912,P003,0,False,nodal_b
N008145,OPP003912,P001,1,False,nodal_a
N008146,OPP003913,P094,0,False,plain
N008147,OPP003914,P099,0,False,html_ish
N008148,OPP003915,P006,0,False,nodal_b
N008149,OPP003916,P006,0,False,nodal_b
N008150,OPP003916,P094,1,False,plain
N008151,OPP003917,P003,0,False,nodal_b
N008152,OPP003918,P036,0,False,html_ish
N008153,OPP003918,P094,1,False,plain
N008154,OPP003919,P200,0,False,plain
N008155,OPP003920,P006,0,False,nodal_b
N008156,OPP003920,P094,1,False,plain
N008157,OPP003920,P004,2,True,nodal_b
N008158,OPP003920,P238,3,False,plain
N008159,OPP003921,P031,0,False,shouty
N008160,OPP003922,P136,0,False,html_ish
N008161,OPP003922,P002,1,False,nodal_a
N008162,OPP003923,P005,0,False,nodal_a
N008163,OPP003923,P097,1,False,html_ish
N008164,OPP003923,P180,2,False,legacy
N008165,OPP003924,P241,0,False,plain
N008166,OPP003925,P002,0,False,nodal_a
N008167,OPP003925,P131,1,False,legacy
N008168,OPP003926,P181,0,False,plain
N008169,OPP003927,P002,0,False,nodal_a
N008170,OPP003928,P099,0,False,html_ish
N008171,OPP003929,P184,0,False,legacy
N008172,OPP003929,P004,1,False,nodal_b
N008173,OPP003930,P207,0,False,plain
N008174,OPP003930,P094,1,False,plain
N008175,OPP003930,P216,2,True,html_ish
N008176,OPP003930,P002,3,False,nodal_a
N008177,OPP003930,P053,4,False,municipal
N008178,OPP003931,P002,0,False,nodal_a
N008179,OPP003931,P003,1,True,nodal_b
N008180,OPP003931,P001,2,False,nodal_a
N008181,OPP003932,P189,0,False,plain
N008182,OPP003932,P175,1,False,plain
N008183,OPP003933,P004,0,False,nodal_b
N008184,OPP003934,P155,0,False,municipal
N008185,OPP003935,P002,0,False,nodal_a
N008186,OPP003935,P005,1,False,nodal_a
N008187,OPP003936,P006,0,False,nodal_b
N008188,OPP003937,P094,0,False,plain
N008189,OPP003937,P159,1,True,plain
N008190,OPP003937,P020,2,False,plain
N008191,OPP003938,P044,0,False,plain
N008192,OPP003939,P240,0,False,shouty
N008193,OPP003939,P003,1,False,nodal_b
N008194,OPP003939,P215,2,True,plain
N008195,OPP003939,P167,3,False,municipal
N008196,OPP003940,P056,0,False,html_ish
N008197,OPP003940,P225,1,False,municipal
N008198,OPP003941,P004,0,False,nodal_b
N008199,OPP003942,P089,0,False,html_ish
N008200,OPP003943,P003,0,False,nodal_b
N008201,OPP003944,P003,0,False,nodal_b
N008202,OPP003944,P241,1,False,plain
N008203,OPP003945,P221,0,False,terse
N008204,OPP003946,P005,0,False,nodal_a
N008205,OPP003947,P004,0,False,nodal_b
N008206,OPP003948,P240,0,False,shouty
N008207,OPP003948,P094,1,True,plain
N008208,OPP003948,P002,2,True,nodal_a
N008209,OPP003948,P136,3,False,html_ish
N008210,OPP003948,P189,4,False,plain
N008211,OPP003949,P094,0,False,plain
N008212,OPP003950,P003,0,False,nodal_b
N008213,OPP003951,P215,0,False,plain
N008214,OPP003952,P207,0,False,plain
N008215,OPP003953,P094,0,False,plain
N008216,OPP003953,P002,1,False,nodal_a
N008217,OPP003953,P061,2,False,html_ish
N008218,OPP003954,P200,0,False,plain
N008219,OPP003955,P006,0,False,nodal_b
N008220,OPP003955,P004,1,False,nodal_b
N008221,OPP003956,P001,0,False,nodal_a
N008222,OPP003957,P003,0,False,nodal_b
N008223,OPP003957,P240,1,False,shouty
N008224,OPP003957,P094,2,True,plain
N008225,OPP003957,P001,3,False,nodal_a
N008226,OPP003957,P167,4,False,municipal
N008227,OPP003957,P006,5,False,nodal_b
N008228,OPP003958,P094,0,False,plain
N008229,OPP003958,P207,1,False,plain
N008230,OPP003959,P005,0,False,nodal_a
N008231,OPP003959,P215,1,False,plain
N008232,OPP003960,P006,0,False,nodal_b
N008233,OPP003960,P065,1,False,municipal
N008234,OPP003960,P003,2,False,nodal_b
N008235,OPP003961,P073,0,False,shouty
N008236,OPP003961,P002,1,False,nodal_a
N008237,OPP003962,P227,0,False,plain
N008238,OPP003963,P006,0,False,nodal_b
N008239,OPP003963,P031,1,True,shouty
N008240,OPP003964,P096,0,False,html_ish
N008241,OPP003964,P002,1,True,nodal_a
N008242,OPP003964,P141,2,False,municipal
N008243,OPP003964,P094,3,False,plain
N008244,OPP003965,P099,0,False,html_ish
N008245,OPP003965,P003,1,False,nodal_b
N008246,OPP003966,P123,0,False,terse
N008247,OPP003967,P073,0,False,shouty
N008248,OPP003968,P065,0,False,municipal
N008249,OPP003968,P001,1,True,nodal_a
N008250,OPP003969,P020,0,False,plain
N008251,OPP003970,P001,0,False,nodal_a
N008252,OPP003970,P094,1,False,plain
N008253,OPP003970,P103,2,False,plain
N008254,OPP003970,P044,3,True,plain
N008255,OPP003970,P208,4,True,plain
N008256,OPP003970,P146,5,False,html_ish
N008257,OPP003970,P086,6,True,municipal
N008258,OPP003971,P234,0,False,municipal
N008259,OPP003971,P041,1,True,html_ish
N008260,OPP003972,P238,0,False,plain
N008261,OPP003972,P001,1,True,nodal_a
N008262,OPP003972,P210,2,False,plain
N008263,OPP003972,P094,3,True,plain
N008264,OPP003972,P006,4,False,nodal_b
N008265,OPP003973,P004,0,False,nodal_b
N008266,OPP003974,P005,0,False,nodal_a
N008267,OPP003975,P129,0,False,municipal
N008268,OPP003975,P004,1,True,nodal_b
N008269,OPP003976,P001,0,False,nodal_a
N008270,OPP003976,P006,1,False,nodal_b
N008271,OPP003976,P002,2,False,nodal_a
N008272,OPP003976,P050,3,True,municipal
N008273,OPP003976,P044,4,False,plain
N008274,OPP003977,P001,0,False,nodal_a
N008275,OPP003978,P133,0,False,plain
N008276,OPP003978,P002,1,True,nodal_a
N008277,OPP003979,P183,0,False,municipal
N008278,OPP003980,P059,0,False,municipal
N008279,OPP003981,P220,0,False,html_ish
N008280,OPP003982,P034,0,False,shouty
N008281,OPP003983,P200,0,False,plain
N008282,OPP003984,P229,0,False,html_ish
N008283,OPP003985,P059,0,False,municipal
N008284,OPP003985,P057,1,True,municipal
N008285,OPP003985,P002,2,False,nodal_a
N008286,OPP003986,P004,0,False,nodal_b
N008287,OPP003986,P221,1,True,terse
N008288,OPP003986,P006,2,True,nodal_b
N008289,OPP003986,P020,3,False,plain
N008290,OPP003987,P202,0,False,legacy
N008291,OPP003987,P026,1,True,municipal
N008292,OPP003987,P001,2,True,nodal_a
N008293,OPP003987,P004,3,False,nodal_b
N008294,OPP003987,P002,4,False,nodal_a
N008295,OPP003988,P004,0,False,nodal_b
N008296,OPP003989,P227,0,False,plain
N008297,OPP003990,P242,0,False,shouty
N008298,OPP003991,P002,0,False,nodal_a
N008299,OPP003992,P173,0,False,legacy
N008300,OPP003992,P004,1,True,nodal_b
N008301,OPP003992,P179,2,True,html_ish
N008302,OPP003992,P003,3,True,nodal_b
N008303,OPP003993,P120,0,False,legacy
N008304,OPP003994,P004,0,False,nodal_b
N008305,OPP003994,P001,1,True,nodal_a
N008306,OPP003994,P240,2,True,shouty
N008307,OPP003994,P053,3,False,municipal
N008308,OPP003994,P006,4,False,nodal_b
N008309,OPP003995,P094,0,False,plain
N008310,OPP003996,P240,0,False,shouty
N008311,OPP003997,P005,0,False,nodal_a
N008312,OPP003997,P004,1,False,nodal_b
N008313,OPP003997,P001,2,False,nodal_a
N008314,OPP003998,P001,0,False,nodal_a
N008315,OPP003999,P002,0,False,nodal_a
N008316,OPP004000,P002,0,False,nodal_a
N008317,OPP004001,P094,0,False,plain
N008318,OPP004002,P003,0,False,nodal_b
N008319,OPP004003,P004,0,False,nodal_b
N008320,OPP004004,P013,0,False,terse
N008321,OPP004004,P004,1,True,nodal_b
N008322,OPP004005,P020,0,False,plain
N008323,OPP004006,P003,0,False,nodal_b
N008324,OPP004006,P216,1,False,html_ish
N008325,OPP004007,P257,0,False,html_ish
N008326,OPP004008,P003,0,False,nodal_b
N008327,OPP004008,P240,1,True,shouty
N008328,OPP004008,P020,2,True,plain
N008329,OPP004008,P216,3,True,html_ish
N008330,OPP004008,P004,4,False,nodal_b
N008331,OPP004009,P005,0,False,nodal_a
N008332,OPP004010,P240,0,False,shouty
N008333,OPP004010,P063,1,True,shouty
N008334,OPP004010,P021,2,False,municipal
N008335,OPP004011,P094,0,False,plain
N008336,OPP004011,P001,1,False,nodal_a
N008337,OPP004012,P238,0,False,plain
N008338,OPP004012,P003,1,False,nodal_b
N008339,OPP004012,P004,2,True,nodal_b
N008340,OPP004013,P094,0,False,plain
N008341,OPP004013,P240,1,False,shouty
N008342,OPP004014,P006,0,False,nodal_b
N008343,OPP004015,P003,0,False,nodal_b
N008344,OPP004016,P159,0,False,plain
N008345,OPP004016,P094,1,False,plain
N008346,OPP004016,P071,2,True,html_ish
N008347,OPP004016,P001,3,False,nodal_a
N008348,OPP004017,P241,0,False,plain
N008349,OPP004018,P001,0,False,nodal_a
N008350,OPP004018,P094,1,True,plain
N008351,OPP004018,P044,2,True,plain
N008352,OPP004019,P004,0,False,nodal_b
N008353,OPP004020,P231,0,False,plain
N008354,OPP004020,P004,1,True,nodal_b
N008355,OPP004021,P094,0,False,plain
N008356,OPP004022,P094,0,False,plain
N008357,OPP004022,P070,1,True,municipal
N008358,OPP004022,P001,2,True,nodal_a
N008359,OPP004023,P003,0,False,nodal_b
N008360,OPP004023,P221,1,True,terse
N008361,OPP004023,P094,2,True,plain
N008362,OPP004024,P001,0,False,nodal_a
N008363,OPP004025,P094,0,False,plain
N008364,OPP004026,P020,0,False,plain
N008365,OPP004027,P094,0,False,plain
N008366,OPP004028,P241,0,False,plain
N008367,OPP004028,P014,1,True,html_ish
N008368,OPP004028,P094,2,False,plain
N008369,OPP004028,P052,3,True,html_ish
N008370,OPP004028,P005,4,True,nodal_a
N008371,OPP004028,P002,5,True,nodal_a
N008372,OPP004028,P096,6,False,html_ish
N008373,OPP004029,P239,0,False,plain
N008374,OPP004030,P005,0,False,nodal_a
N008375,OPP004031,P001,0,False,nodal_a
N008376,OPP004031,P006,1,False,nodal_b
N008377,OPP004032,P017,0,False,municipal
N008378,OPP004033,P152,0,False,municipal
N008379,OPP004034,P088,0,False,plain
N008380,OPP004034,P146,1,True,html_ish
N008381,OPP004035,P004,0,False,nodal_b
N008382,OPP004036,P001,0,False,nodal_a
N008383,OPP004036,P240,1,True,shouty
N008384,OPP004036,P141,2,True,municipal
N008385,OPP004036,P044,3,True,plain
N008386,OPP004036,P002,4,False,nodal_a
N008387,OPP004037,P240,0,False,shouty
N008388,OPP004038,P189,0,False,plain
N008389,OPP004039,P221,0,False,terse
N008390,OPP004040,P248,0,False,legacy
N008391,OPP004041,P228,0,False,html_ish
N008392,OPP004042,P004,0,False,nodal_b
N008393,OPP004042,P038,1,True,plain
N008394,OPP004043,P044,0,False,plain
N008395,OPP004043,P001,1,True,nodal_a
N008396,OPP004044,P185,0,False,plain
N008397,OPP004044,P004,1,False,nodal_b
N008398,OPP004045,P094,0,False,plain
N008399,OPP004046,P002,0,False,nodal_a
N008400,OPP004047,P146,0,False,html_ish
N008401,OPP004048,P005,0,False,nodal_a
N008402,OPP004049,P003,0,False,nodal_b
N008403,OPP004050,P001,0,False,nodal_a
N008404,OPP004051,P227,0,False,plain
N008405,OPP004051,P006,1,True,nodal_b
N008406,OPP004052,P006,0,False,nodal_b
N008407,OPP004053,P069,0,False,html_ish
N008408,OPP004054,P136,0,False,html_ish
N008409,OPP004055,P094,0,False,plain
N008410,OPP004055,P070,1,False,municipal
N008411,OPP004056,P016,0,False,terse
N008412,OPP004056,P094,1,True,plain
N008413,OPP004057,P041,0,False,html_ish
N008414,OPP004057,P094,1,False,plain
N008415,OPP004057,P183,2,False,municipal
N008416,OPP004057,P007,3,False,plain
N008417,OPP004058,P004,0,False,nodal_b
N008418,OPP004059,P001,0,False,nodal_a
N008419,OPP004059,P002,1,True,nodal_a
N008420,OPP004059,P227,2,True,plain
N008421,OPP004060,P040,0,False,html_ish
N008422,OPP004061,P003,0,False,nodal_b
N008423,OPP004062,P001,0,False,nodal_a
N008424,OPP004062,P006,1,False,nodal_b
N008425,OPP004063,P094,0,False,plain
N008426,OPP004064,P137,0,False,html_ish
N008427,OPP004065,P250,0,False,html_ish
N008428,OPP004065,P240,1,False,shouty
N008429,OPP004065,P003,2,False,nodal_b
N008430,OPP004065,P006,3,True,nodal_b
N008431,OPP004065,P215,4,True,plain
N008432,OPP004066,P094,0,False,plain
N008433,OPP004067,P164,0,False,plain
N008434,OPP004068,P003,0,False,nodal_b
N008435,OPP004069,P001,0,False,nodal_a
N008436,OPP004070,P240,0,False,shouty
N008437,OPP004071,P094,0,False,plain
N008438,OPP004071,P244,1,False,terse
N008439,OPP004072,P003,0,False,nodal_b
N008440,OPP004073,P057,0,False,municipal
N008441,OPP004073,P005,1,False,nodal_a
N008442,OPP004073,P001,2,False,nodal_a
N008443,OPP004073,P003,3,True,nodal_b
N008444,OPP004073,P258,4,True,html_ish
N008445,OPP004074,P004,0,False,nodal_b
N008446,OPP004074,P001,1,False,nodal_a
N008447,OPP004074,P028,2,False,plain
N008448,OPP004074,P196,3,True,html_ish
N008449,OPP004074,P084,4,False,terse
N008450,OPP004075,P006,0,False,nodal_b
N008451,OPP004075,P091,1,False,municipal
N008452,OPP004076,P005,0,False,nodal_a
N008453,OPP004076,P002,1,True,nodal_a
N008454,OPP004077,P246,0,False,plain
N008455,OPP004078,P041,0,False,html_ish
N008456,OPP004079,P003,0,False,nodal_b
N008457,OPP004080,P046,0,False,terse
N008458,OPP004081,P094,0,False,plain
N008459,OPP004081,P003,1,False,nodal_b
N008460,OPP004081,P001,2,True,nodal_a
N008461,OPP004081,P020,3,False,plain
N008462,OPP004081,P005,4,False,nodal_a
N008463,OPP004081,P160,5,False,html_ish
N008464,OPP004082,P006,0,False,nodal_b
N008465,OPP004082,P002,1,False,nodal_a
N008466,OPP004082,P214,2,True,plain
N008467,OPP004083,P094,0,False,plain
N008468,OPP004083,P002,1,False,nodal_a
N008469,OPP004083,P257,2,True,html_ish
N008470,OPP004084,P004,0,False,nodal_b
N008471,OPP004084,P094,1,True,plain
N008472,OPP004085,P013,0,False,terse
N008473,OPP004085,P094,1,True,plain
N008474,OPP004086,P059,0,False,municipal
N008475,OPP004087,P215,0,False,plain
N008476,OPP004088,P005,0,False,nodal_a
N008477,OPP004089,P216,0,False,html_ish
N008478,OPP004089,P006,1,True,nodal_b
N008479,OPP004089,P002,2,True,nodal_a
N008480,OPP004089,P244,3,False,terse
N008481,OPP004090,P006,0,False,nodal_b
N008482,OPP004090,P096,1,False,html_ish
N008483,OPP004090,P005,2,True,nodal_a
N008484,OPP004090,P071,3,False,html_ish
N008485,OPP004090,P159,4,False,plain
N008486,OPP004091,P037,0,False,terse
N008487,OPP004091,P232,1,True,plain
N008488,OPP004091,P253,2,True,html_ish
N008489,OPP004092,P003,0,False,nodal_b
N008490,OPP004092,P005,1,True,nodal_a
N008491,OPP004092,P122,2,True,shouty
N008492,OPP004093,P006,0,False,nodal_b
N008493,OPP004093,P240,1,False,shouty
N008494,OPP004094,P091,0,False,municipal
N008495,OPP004094,P001,1,False,nodal_a
N008496,OPP004095,P094,0,False,plain
N008497,OPP004096,P005,0,False,nodal_a
N008498,OPP004096,P094,1,True,plain
N008499,OPP004097,P052,0,False,html_ish
N008500,OPP004098,P011,0,False,terse
N008501,OPP004099,P094,0,False,plain
N008502,OPP004100,P006,0,False,nodal_b
N008503,OPP004101,P006,0,False,nodal_b
N008504,OPP004101,P094,1,False,plain
N008505,OPP004101,P004,2,True,nodal_b
N008506,OPP004101,P194,3,True,municipal
N008507,OPP004101,P163,4,False,municipal
N008508,OPP004101,P232,5,False,plain
N008509,OPP004101,P201,6,False,legacy
N008510,OPP004101,P120,7,True,legacy
N008511,OPP004102,P003,0,False,nodal_b
N008512,OPP004102,P078,1,False,municipal
N008513,OPP004102,P021,2,True,municipal
N008514,OPP004103,P237,0,False,municipal
N008515,OPP004103,P002,1,True,nodal_a
N008516,OPP004103,P005,2,False,nodal_a
N008517,OPP004104,P004,0,False,nodal_b
N008518,OPP004104,P221,1,True,terse
N008519,OPP004105,P062,0,False,municipal
N008520,OPP004105,P006,1,True,nodal_b
N008521,OPP004106,P158,0,False,shouty
N008522,OPP004107,P096,0,False,html_ish
N008523,OPP004108,P101,0,False,plain
N008524,OPP004109,P094,0,False,plain
N008525,OPP004110,P212,0,False,shouty
N008526,OPP004110,P181,1,True,plain
N008527,OPP004111,P060,0,False,plain
N008528,OPP004112,P044,0,False,plain
N008529,OPP004112,P181,1,False,plain
N008530,OPP004112,P002,2,False,nodal_a
N008531,OPP004112,P235,3,False,municipal
N008532,OPP004112,P068,4,False,shouty
N008533,OPP004113,P094,0,False,plain
N008534,OPP004113,P020,1,False,plain
N008535,OPP004113,P184,2,True,legacy
N008536,OPP004114,P244,0,False,terse
N008537,OPP004115,P001,0,False,nodal_a
N008538,OPP004115,P094,1,False,plain
N008539,OPP004116,P001,0,False,nodal_a
N008540,OPP004116,P094,1,True,plain
N008541,OPP004116,P005,2,False,nodal_a
N008542,OPP004116,P064,3,False,plain
N008543,OPP004116,P196,4,False,html_ish
N008544,OPP004117,P137,0,False,html_ish
N008545,OPP004118,P071,0,False,html_ish
N008546,OPP004118,P240,1,True,shouty
N008547,OPP004118,P094,2,True,plain
N008548,OPP004118,P184,3,True,legacy
N008549,OPP004119,P020,0,False,plain
N008550,OPP004119,P094,1,True,plain
N008551,OPP004120,P094,0,False,plain
N008552,OPP004120,P069,1,True,html_ish
N008553,OPP004120,P003,2,False,nodal_b
N008554,OPP004120,P215,3,True,plain
N008555,OPP004120,P006,4,False,nodal_b
N008556,OPP004120,P002,5,False,nodal_a
N008557,OPP004120,P136,6,True,html_ish
N008558,OPP004121,P001,0,False,nodal_a
N008559,OPP004122,P003,0,False,nodal_b
N008560,OPP004123,P003,0,False,nodal_b
N008561,OPP004124,P048,0,False,html_ish
N008562,OPP004124,P004,1,False,nodal_b
N008563,OPP004125,P088,0,False,plain
N008564,OPP004126,P020,0,False,plain
N008565,OPP004126,P006,1,False,nodal_b
N008566,OPP004126,P219,2,True,plain
N008567,OPP004127,P134,0,False,plain
N008568,OPP004127,P235,1,False,municipal
N008569,OPP004127,P136,2,False,html_ish
N008570,OPP004127,P143,3,False,html_ish
N008571,OPP004127,P003,4,False,nodal_b
N008572,OPP004128,P067,0,False,plain
N008573,OPP004129,P191,0,False,plain
N008574,OPP004130,P157,0,False,legacy
N008575,OPP004131,P046,0,False,terse
N008576,OPP004132,P216,0,False,html_ish
N008577,OPP004132,P006,1,False,nodal_b
N008578,OPP004133,P005,0,False,nodal_a
N008579,OPP004133,P013,1,False,terse
N008580,OPP004133,P053,2,True,municipal
N008581,OPP004134,P094,0,False,plain
N008582,OPP004135,P215,0,False,plain
N008583,OPP004136,P004,0,False,nodal_b
N008584,OPP004137,P021,0,False,municipal
N008585,OPP004138,P002,0,False,nodal_a
N008586,OPP004139,P235,0,False,municipal
N008587,OPP004139,P094,1,True,plain
N008588,OPP004140,P003,0,False,nodal_b
N008589,OPP004141,P006,0,False,nodal_b
N008590,OPP004141,P002,1,False,nodal_a
N008591,OPP004142,P235,0,False,municipal
N008592,OPP004143,P094,0,False,plain
N008593,OPP004144,P059,0,False,municipal
N008594,OPP004144,P094,1,True,plain
N008595,OPP004145,P006,0,False,nodal_b
N008596,OPP004145,P004,1,False,nodal_b
N008597,OPP004145,P240,2,False,shouty
N008598,OPP004146,P073,0,False,shouty
N008599,OPP004147,P005,0,False,nodal_a
N008600,OPP004147,P180,1,False,legacy
N008601,OPP004147,P094,2,True,plain
N008602,OPP004147,P071,3,True,html_ish
N008603,OPP004147,P002,4,False,nodal_a
N008604,OPP004148,P240,0,False,shouty
N008605,OPP004149,P094,0,False,plain
N008606,OPP004149,P006,1,False,nodal_b
N008607,OPP004149,P140,2,True,terse
N008608,OPP004149,P005,3,True,nodal_a
N008609,OPP004149,P002,4,False,nodal_a
N008610,OPP004149,P096,5,False,html_ish
N008611,OPP004149,P003,6,True,nodal_b
N008612,OPP004149,P240,7,False,shouty
N008613,OPP004149,P229,8,False,html_ish
N008614,OPP004150,P246,0,False,plain
N008615,OPP004151,P189,0,False,plain
N008616,OPP004152,P231,0,False,plain
N008617,OPP004152,P071,1,True,html_ish
N008618,OPP004153,P094,0,False,plain
N008619,OPP004154,P232,0,False,plain
N008620,OPP004154,P089,1,False,html_ish
N008621,OPP004154,P002,2,True,nodal_a
N008622,OPP004155,P001,0,False,nodal_a
N008623,OPP004156,P045,0,False,shouty
N008624,OPP004156,P232,1,True,plain
N008625,OPP004156,P002,2,False,nodal_a
N008626,OPP004156,P094,3,False,plain
N008627,OPP004157,P250,0,False,html_ish
N008628,OPP004157,P062,1,False,municipal
N008629,OPP004157,P232,2,False,plain
N008630,OPP004157,P002,3,True,nodal_a
N008631,OPP004157,P020,4,False,plain
N008632,OPP004157,P105,5,True,municipal
N008633,OPP004157,P003,6,False,nodal_b
N008634,OPP004157,P004,7,True,nodal_b
N008635,OPP004157,P094,8,False,plain
N008636,OPP004158,P003,0,False,nodal_b
N008637,OPP004159,P240,0,False,shouty
N008638,OPP004159,P005,1,True,nodal_a
N008639,OPP004159,P192,2,True,legacy
N008640,OPP004159,P100,3,True,plain
N008641,OPP004159,P004,4,False,nodal_b
N008642,OPP004159,P002,5,True,nodal_a
N008643,OPP004159,P003,6,False,nodal_b
N008644,OPP004160,P057,0,False,municipal
N008645,OPP004160,P001,1,False,nodal_a
N008646,OPP004160,P196,2,True,html_ish
N008647,OPP004160,P044,3,True,plain
N008648,OPP004160,P004,4,False,nodal_b
N008649,OPP004160,P216,5,False,html_ish
N008650,OPP004161,P001,0,False,nodal_a
N008651,OPP004161,P145,1,False,terse
N008652,OPP004162,P094,0,False,plain
N008653,OPP004163,P094,0,False,plain
N008654,OPP004164,P005,0,False,nodal_a
N008655,OPP004165,P004,0,False,nodal_b
N008656,OPP004166,P001,0,False,nodal_a
N008657,OPP004167,P005,0,False,nodal_a
N008658,OPP004167,P094,1,False,plain
N008659,OPP004167,P001,2,False,nodal_a
N008660,OPP004168,P001,0,False,nodal_a
N008661,OPP004169,P008,0,False,terse
N008662,OPP004170,P250,0,False,html_ish
N008663,OPP004171,P004,0,False,nodal_b
N008664,OPP004171,P107,1,True,terse
N008665,OPP004171,P064,2,False,plain
N008666,OPP004172,P006,0,False,nodal_b
N008667,OPP004172,P001,1,False,nodal_a
N008668,OPP004172,P094,2,True,plain
N008669,OPP004172,P020,3,True,plain
N008670,OPP004172,P003,4,False,nodal_b
N008671,OPP004172,P136,5,True,html_ish
N008672,OPP004172,P223,6,False,plain
N008673,OPP004172,P044,7,True,plain
N008674,OPP004173,P005,0,False,nodal_a
N008675,OPP004173,P214,1,True,plain
N008676,OPP004174,P003,0,False,nodal_b
N008677,OPP004174,P174,1,True,municipal
N008678,OPP004174,P004,2,False,nodal_b
N008679,OPP004175,P088,0,False,plain
N008680,OPP004176,P094,0,False,plain
N008681,OPP004177,P094,0,False,plain
N008682,OPP004177,P004,1,False,nodal_b
N008683,OPP004177,P163,2,False,municipal
N008684,OPP004177,P240,3,False,shouty
N008685,OPP004178,P004,0,False,nodal_b
N008686,OPP004178,P001,1,False,nodal_a
N008687,OPP004178,P005,2,False,nodal_a
N008688,OPP004179,P006,0,False,nodal_b
N008689,OPP004179,P044,1,False,plain
N008690,OPP004179,P168,2,True,municipal
N008691,OPP004179,P004,3,True,nodal_b
N008692,OPP004179,P163,4,True,municipal
N008693,OPP004179,P094,5,True,plain
N008694,OPP004180,P240,0,False,shouty
N008695,OPP004180,P169,1,True,shouty
N008696,OPP004181,P094,0,False,plain
N008697,OPP004181,P005,1,False,nodal_a
N008698,OPP004181,P136,2,False,html_ish
N008699,OPP004181,P003,3,False,nodal_b
N008700,OPP004181,P002,4,True,nodal_a
N008701,OPP004181,P020,5,False,plain
N008702,OPP004181,P006,6,True,nodal_b
N008703,OPP004181,P240,7,True,shouty
N008704,OPP004181,P200,8,True,plain
N008705,OPP004182,P189,0,False,plain
N008706,OPP004183,P094,0,False,plain
N008707,OPP004184,P006,0,False,nodal_b
N008708,OPP004185,P106,0,False,plain
N008709,OPP004185,P175,1,True,plain
N008710,OPP004185,P094,2,False,plain
N008711,OPP004185,P183,3,True,municipal
N008712,OPP004186,P001,0,False,nodal_a
N008713,OPP004186,P002,1,True,nodal_a
N008714,OPP004186,P006,2,False,nodal_b
N008715,OPP004186,P064,3,False,plain
N008716,OPP004186,P225,4,True,municipal
N008717,OPP004186,P004,5,False,nodal_b
N008718,OPP004186,P114,6,False,terse
N008719,OPP004186,P005,7,False,nodal_a
N008720,OPP004187,P004,0,False,nodal_b
N008721,OPP004188,P006,0,False,nodal_b
N008722,OPP004189,P096,0,False,html_ish
N008723,OPP004190,P232,0,False,plain
N008724,OPP004190,P248,1,False,legacy
N008725,OPP004191,P181,0,False,plain
N008726,OPP004191,P004,1,True,nodal_b
N008727,OPP004191,P003,2,False,nodal_b
N008728,OPP004191,P002,3,True,nodal_a
N008729,OPP004192,P006,0,False,nodal_b
N008730,OPP004193,P073,0,False,shouty
N008731,OPP004193,P003,1,False,nodal_b
N008732,OPP004193,P002,2,False,nodal_a
N008733,OPP004193,P025,3,True,terse
N008734,OPP004193,P004,4,False,nodal_b
N008735,OPP004194,P009,0,False,shouty
N008736,OPP004195,P003,0,False,nodal_b
N008737,OPP004196,P207,0,False,plain
N008738,OPP004197,P002,0,False,nodal_a
N008739,OPP004197,P094,1,True,plain
N008740,OPP004197,P006,2,False,nodal_b
N008741,OPP004198,P001,0,False,nodal_a
N008742,OPP004199,P189,0,False,plain
N008743,OPP004200,P215,0,False,plain
N008744,OPP004200,P104,1,True,plain
N008745,OPP004200,P209,2,False,terse
N008746,OPP004201,P002,0,False,nodal_a
N008747,OPP004202,P006,0,False,nodal_b
N008748,OPP004203,P003,0,False,nodal_b
N008749,OPP004204,P001,0,False,nodal_a
N008750,OPP004205,P003,0,False,nodal_b
N008751,OPP004205,P160,1,False,html_ish
N008752,OPP004205,P076,2,False,municipal
N008753,OPP004205,P169,3,True,shouty
N008754,OPP004206,P005,0,False,nodal_a
N008755,OPP004207,P084,0,False,terse
N008756,OPP004208,P004,0,False,nodal_b
N008757,OPP004209,P001,0,False,nodal_a
N008758,OPP004209,P002,1,False,nodal_a
N008759,OPP004210,P006,0,False,nodal_b
N008760,OPP004211,P235,0,False,municipal
N008761,OPP004212,P141,0,False,municipal
N008762,OPP004213,P004,0,False,nodal_b
N008763,OPP004213,P094,1,False,plain
N008764,OPP004214,P133,0,False,plain
N008765,OPP004215,P240,0,False,shouty
N008766,OPP004216,P094,0,False,plain
N008767,OPP004216,P044,1,False,plain
N008768,OPP004217,P094,0,False,plain
N008769,OPP004218,P177,0,False,html_ish
N008770,OPP004219,P013,0,False,terse
N008771,OPP004219,P115,1,False,plain
N008772,OPP004219,P094,2,True,plain
N008773,OPP004220,P020,0,False,plain
N008774,OPP004220,P005,1,True,nodal_a
N008775,OPP004220,P240,2,False,shouty
N008776,OPP004221,P044,0,False,plain
N008777,OPP004221,P001,1,False,nodal_a
N008778,OPP004222,P240,0,False,shouty
N008779,OPP004223,P094,0,False,plain
N008780,OPP004224,P214,0,False,plain
N008781,OPP004225,P026,0,False,municipal
N008782,OPP004226,P189,0,False,plain
N008783,OPP004227,P002,0,False,nodal_a
N008784,OPP004228,P001,0,False,nodal_a
N008785,OPP004228,P013,1,False,terse
N008786,OPP004228,P096,2,False,html_ish
N008787,OPP004229,P003,0,False,nodal_b
N008788,OPP004229,P006,1,True,nodal_b
N008789,OPP004229,P167,2,True,municipal
N008790,OPP004229,P179,3,False,html_ish
N008791,OPP004230,P005,0,False,nodal_a
N008792,OPP004231,P122,0,False,shouty
N008793,OPP004231,P001,1,False,nodal_a
N008794,OPP004231,P003,2,True,nodal_b
N008795,OPP004231,P094,3,False,plain
N008796,OPP004231,P046,4,True,terse
N008797,OPP004232,P139,0,False,plain
N008798,OPP004233,P104,0,False,plain
N008799,OPP004233,P003,1,False,nodal_b
N008800,OPP004234,P094,0,False,plain
N008801,OPP004235,P193,0,False,shouty
N008802,OPP004236,P221,0,False,terse
N008803,OPP004236,P001,1,True,nodal_a
N008804,OPP004236,P003,2,False,nodal_b
N008805,OPP004237,P242,0,False,shouty
N008806,OPP004238,P001,0,False,nodal_a
N008807,OPP004238,P152,1,False,municipal
N008808,OPP004239,P003,0,False,nodal_b
N008809,OPP004240,P044,0,False,plain
N008810,OPP004240,P031,1,True,shouty
N008811,OPP004240,P026,2,False,municipal
N008812,OPP004241,P005,0,False,nodal_a
N008813,OPP004241,P002,1,True,nodal_a
N008814,OPP004242,P002,0,False,nodal_a
N008815,OPP004242,P044,1,True,plain
N008816,OPP004242,P005,2,False,nodal_a
N008817,OPP004242,P094,3,False,plain
N008818,OPP004242,P240,4,True,shouty
N008819,OPP004242,P001,5,True,nodal_a
N008820,OPP004242,P200,6,False,plain
N008821,OPP004243,P105,0,False,municipal
N008822,OPP004244,P094,0,False,plain
N008823,OPP004245,P004,0,False,nodal_b
N008824,OPP004246,P118,0,False,plain
N008825,OPP004246,P001,1,False,nodal_a
N008826,OPP004246,P042,2,True,plain
N008827,OPP004246,P094,3,True,plain
N008828,OPP004246,P054,4,False,plain
N008829,OPP004246,P004,5,False,nodal_b
N008830,OPP004247,P206,0,False,municipal
N008831,OPP004247,P003,1,False,nodal_b
N008832,OPP004248,P094,0,False,plain
N008833,OPP004249,P060,0,False,plain
N008834,OPP004249,P177,1,True,html_ish
N008835,OPP004249,P223,2,False,plain
N008836,OPP004249,P005,3,True,nodal_a
N008837,OPP004249,P002,4,False,nodal_a
N008838,OPP004249,P024,5,True,html_ish
N008839,OPP004249,P094,6,False,plain
N008840,OPP004249,P026,7,False,municipal
N008841,OPP004249,P041,8,True,html_ish
N008842,OPP004250,P058,0,False,municipal
N008843,OPP004251,P240,0,False,shouty
N008844,OPP004252,P006,0,False,nodal_b
N008845,OPP004252,P230,1,True,municipal
N008846,OPP004252,P028,2,False,plain
N008847,OPP004252,P094,3,False,plain
N008848,OPP004252,P002,4,False,nodal_a
N008849,OPP004252,P003,5,False,nodal_b
N008850,OPP004252,P071,6,False,html_ish
N008851,OPP004253,P001,0,False,nodal_a
N008852,OPP004254,P096,0,False,html_ish
N008853,OPP004255,P213,0,False,municipal
N008854,OPP004255,P006,1,False,nodal_b
N008855,OPP004255,P005,2,False,nodal_a
N008856,OPP004255,P026,3,True,municipal
N008857,OPP004255,P215,4,False,plain
N008858,OPP004256,P078,0,False,municipal
N008859,OPP004257,P044,0,False,plain
N008860,OPP004258,P094,0,False,plain
N008861,OPP004259,P199,0,False,plain
N008862,OPP004260,P221,0,False,terse
N008863,OPP004260,P013,1,False,terse
N008864,OPP004261,P181,0,False,plain
N008865,OPP004261,P240,1,False,shouty
N008866,OPP004262,P098,0,False,municipal
N008867,OPP004263,P005,0,False,nodal_a
N008868,OPP004264,P116,0,False,shouty
N008869,OPP004265,P097,0,False,html_ish
N008870,OPP004266,P094,0,False,plain
N008871,OPP004267,P002,0,False,nodal_a
N008872,OPP004267,P139,1,False,plain
N008873,OPP004268,P004,0,False,nodal_b
N008874,OPP004268,P087,1,True,plain
N008875,OPP004268,P226,2,False,plain
N008876,OPP004269,P094,0,False,plain
N008877,OPP004270,P002,0,False,nodal_a
N008878,OPP004271,P006,0,False,nodal_b
N008879,OPP004271,P043,1,False,plain
N008880,OPP004271,P194,2,False,municipal
N008881,OPP004271,P020,3,False,plain
N008882,OPP004272,P116,0,False,shouty
N008883,OPP004273,P094,0,False,plain
N008884,OPP004274,P203,0,False,municipal
N008885,OPP004275,P228,0,False,html_ish
N008886,OPP004276,P215,0,False,plain
N008887,OPP004277,P003,0,False,nodal_b
N008888,OPP004278,P078,0,False,municipal
N008889,OPP004278,P094,1,False,plain
N008890,OPP004279,P004,0,False,nodal_b
N008891,OPP004279,P001,1,False,nodal_a
N008892,OPP004279,P016,2,False,terse
N008893,OPP004279,P003,3,False,nodal_b
N008894,OPP004279,P221,4,True,terse
N008895,OPP004279,P165,5,False,plain
N008896,OPP004279,P227,6,True,plain
N008897,OPP004279,P094,7,True,plain
N008898,OPP004280,P181,0,False,plain
N008899,OPP004280,P136,1,False,html_ish
N008900,OPP004281,P002,0,False,nodal_a
N008901,OPP004282,P004,0,False,nodal_b
N008902,OPP004283,P172,0,False,municipal
N008903,OPP004283,P240,1,False,shouty
N008904,OPP004284,P240,0,False,shouty
N008905,OPP004284,P042,1,False,plain
N008906,OPP004284,P057,2,False,municipal
N008907,OPP004284,P129,3,True,municipal
N008908,OPP004284,P183,4,False,municipal
N008909,OPP004284,P006,5,True,nodal_b
N008910,OPP004284,P005,6,False,nodal_a
N008911,OPP004284,P241,7,False,plain
N008912,OPP004284,P094,8,False,plain
N008913,OPP004285,P003,0,False,nodal_b
N008914,OPP004286,P120,0,False,legacy
N008915,OPP004287,P044,0,False,plain
N008916,OPP004288,P213,0,False,municipal
N008917,OPP004289,P052,0,False,html_ish
N008918,OPP004290,P002,0,False,nodal_a
N008919,OPP004291,P002,0,False,nodal_a
N008920,OPP004292,P240,0,False,shouty
N008921,OPP004292,P184,1,True,legacy
N008922,OPP004293,P020,0,False,plain
N008923,OPP004293,P094,1,False,plain
N008924,OPP004293,P004,2,False,nodal_b
N008925,OPP004293,P088,3,True,plain
N008926,OPP004293,P002,4,False,nodal_a
N008927,OPP004293,P044,5,True,plain
N008928,OPP004294,P004,0,False,nodal_b
N008929,OPP004294,P002,1,True,nodal_a
N008930,OPP004295,P200,0,False,plain
N008931,OPP004296,P147,0,False,municipal
N008932,OPP004297,P006,0,False,nodal_b
N008933,OPP004298,P215,0,False,plain
N008934,OPP004299,P122,0,False,shouty
N008935,OPP004300,P006,0,False,nodal_b
N008936,OPP004301,P221,0,False,terse
N008937,OPP004301,P151,1,True,terse
N008938,OPP004301,P004,2,False,nodal_b
N008939,OPP004302,P250,0,False,html_ish
N008940,OPP004302,P001,1,True,nodal_a
N008941,OPP004302,P044,2,False,plain
N008942,OPP004302,P199,3,False,plain
N008943,OPP004302,P217,4,False,plain
N008944,OPP004302,P019,5,True,municipal
N008945,OPP004302,P002,6,True,nodal_a
N008946,OPP004303,P240,0,False,shouty
N008947,OPP004303,P094,1,False,plain
N008948,OPP004304,P094,0,False,plain
N008949,OPP004304,P253,1,False,html_ish
N008950,OPP004304,P004,2,False,nodal_b
N008951,OPP004305,P001,0,False,nodal_a
N008952,OPP004305,P052,1,False,html_ish
N008953,OPP004305,P111,2,True,shouty
N008954,OPP004306,P042,0,False,plain
N008955,OPP004307,P020,0,False,plain
N008956,OPP004307,P195,1,False,html_ish
N008957,OPP004307,P223,2,True,plain
N008958,OPP004307,P240,3,False,shouty
N008959,OPP004308,P044,0,False,plain
N008960,OPP004309,P006,0,False,nodal_b
N008961,OPP004310,P189,0,False,plain
N008962,OPP004311,P002,0,False,nodal_a
N008963,OPP004311,P226,1,False,plain
N008964,OPP004311,P094,2,True,plain
N008965,OPP004311,P006,3,True,nodal_b
N008966,OPP004312,P228,0,False,html_ish
N008967,OPP004313,P244,0,False,terse
N008968,OPP004313,P059,1,False,municipal
N008969,OPP004314,P005,0,False,nodal_a
N008970,OPP004315,P003,0,False,nodal_b
N008971,OPP004315,P001,1,False,nodal_a
N008972,OPP004315,P028,2,True,plain
N008973,OPP004315,P005,3,True,nodal_a
N008974,OPP004316,P003,0,False,nodal_b
N008975,OPP004317,P241,0,False,plain
N008976,OPP004317,P027,1,False,plain
N008977,OPP004317,P071,2,True,html_ish
N008978,OPP004317,P020,3,True,plain
N008979,OPP004317,P240,4,False,shouty
N008980,OPP004317,P003,5,False,nodal_b
N008981,OPP004317,P093,6,False,municipal
N008982,OPP004317,P100,7,False,plain
N008983,OPP004317,P049,8,True,municipal
N008984,OPP004318,P215,0,False,plain
N008985,OPP004318,P002,1,False,nodal_a
N008986,OPP004318,P089,2,True,html_ish
N008987,OPP004319,P120,0,False,legacy
N008988,OPP004319,P094,1,False,plain
N008989,OPP004319,P005,2,True,nodal_a
N008990,OPP004319,P057,3,True,municipal
N008991,OPP004319,P221,4,True,terse
N008992,OPP004320,P001,0,False,nodal_a
N008993,OPP004321,P168,0,False,municipal
N008994,OPP004321,P227,1,False,plain
N008995,OPP004321,P193,2,False,shouty
N008996,OPP004322,P196,0,False,html_ish
N008997,OPP004322,P094,1,True,plain
N008998,OPP004322,P004,2,False,nodal_b
N008999,OPP004323,P003,0,False,nodal_b
N009000,OPP004323,P073,1,True,shouty
N009001,OPP004323,P146,2,False,html_ish
N009002,OPP004324,P004,0,False,nodal_b
N009003,OPP004325,P001,0,False,nodal_a
N009004,OPP004325,P003,1,False,nodal_b
N009005,OPP004325,P094,2,True,plain
N009006,OPP004325,P088,3,False,plain
N009007,OPP004326,P001,0,False,nodal_a
N009008,OPP004327,P048,0,False,html_ish
N009009,OPP004328,P003,0,False,nodal_b
N009010,OPP004329,P003,0,False,nodal_b
N009011,OPP004329,P073,1,False,shouty
N009012,OPP004330,P216,0,False,html_ish
N009013,OPP004330,P240,1,False,shouty
N009014,OPP004330,P131,2,True,legacy
N009015,OPP004330,P020,3,True,plain
N009016,OPP004330,P004,4,True,nodal_b
N009017,OPP004330,P207,5,True,plain
N009018,OPP004330,P137,6,True,html_ish
N009019,OPP004330,P044,7,False,plain
N009020,OPP004330,P094,8,True,plain
N009021,OPP004331,P005,0,False,nodal_a
N009022,OPP004331,P209,1,False,terse
N009023,OPP004332,P006,0,False,nodal_b
N009024,OPP004332,P235,1,False,municipal
N009025,OPP004332,P228,2,True,html_ish
N009026,OPP004332,P215,3,True,plain
N009027,OPP004332,P094,4,False,plain
N009028,OPP004332,P199,5,False,plain
N009029,OPP004332,P258,6,True,html_ish
N009030,OPP004332,P002,7,False,nodal_a
N009031,OPP004332,P146,8,True,html_ish
N009032,OPP004333,P001,0,False,nodal_a
N009033,OPP004333,P216,1,False,html_ish
N009034,OPP004334,P209,0,False,terse
N009035,OPP004335,P020,0,False,plain
N009036,OPP004336,P183,0,False,municipal
N009037,OPP004336,P004,1,False,nodal_b
N009038,OPP004336,P094,2,False,plain
N009039,OPP004336,P003,3,False,nodal_b
N009040,OPP004337,P004,0,False,nodal_b
N009041,OPP004338,P222,0,False,plain
N009042,OPP004339,P004,0,False,nodal_b
N009043,OPP004340,P240,0,False,shouty
N009044,OPP004341,P005,0,False,nodal_a
N009045,OPP004342,P061,0,False,html_ish
N009046,OPP004343,P003,0,False,nodal_b
N009047,OPP004344,P002,0,False,nodal_a
N009048,OPP004344,P105,1,False,municipal
N009049,OPP004344,P005,2,True,nodal_a
N009050,OPP004344,P094,3,False,plain
N009051,OPP004345,P178,0,False,plain
N009052,OPP004346,P240,0,False,shouty
N009053,OPP004347,P094,0,False,plain
N009054,OPP004348,P136,0,False,html_ish
N009055,OPP004349,P004,0,False,nodal_b
N009056,OPP004350,P001,0,False,nodal_a
N009057,OPP004350,P004,1,False,nodal_b
N009058,OPP004350,P006,2,False,nodal_b
N009059,OPP004351,P094,0,False,plain
N009060,OPP004352,P001,0,False,nodal_a
N009061,OPP004352,P026,1,False,municipal
N009062,OPP004353,P002,0,False,nodal_a
N009063,OPP004353,P017,1,True,municipal
N009064,OPP004354,P042,0,False,plain
N009065,OPP004355,P005,0,False,nodal_a
N009066,OPP004355,P001,1,False,nodal_a
N009067,OPP004355,P013,2,True,terse
N009068,OPP004355,P002,3,False,nodal_a
N009069,OPP004356,P005,0,False,nodal_a
N009070,OPP004356,P216,1,True,html_ish
N009071,OPP004357,P006,0,False,nodal_b
N009072,OPP004358,P093,0,False,municipal
N009073,OPP004358,P004,1,True,nodal_b
N009074,OPP004358,P002,2,False,nodal_a
N009075,OPP004359,P004,0,False,nodal_b
N009076,OPP004360,P094,0,False,plain
N009077,OPP004361,P005,0,False,nodal_a
N009078,OPP004362,P001,0,False,nodal_a
N009079,OPP004363,P001,0,False,nodal_a
N009080,OPP004363,P003,1,False,nodal_b
N009081,OPP004364,P229,0,False,html_ish
N009082,OPP004365,P240,0,False,shouty
N009083,OPP004365,P041,1,False,html_ish
N009084,OPP004365,P044,2,False,plain
N009085,OPP004365,P001,3,False,nodal_a
N009086,OPP004366,P232,0,False,plain
N009087,OPP004366,P240,1,False,shouty
N009088,OPP004367,P002,0,False,nodal_a
N009089,OPP004368,P094,0,False,plain
N009090,OPP004368,P181,1,True,plain
N009091,OPP004368,P224,2,False,municipal
N009092,OPP004368,P248,3,True,legacy
N009093,OPP004368,P001,4,False,nodal_a
N009094,OPP004368,P215,5,True,plain
N009095,OPP004368,P071,6,True,html_ish
N009096,OPP004369,P235,0,False,municipal
N009097,OPP004369,P044,1,True,plain
N009098,OPP004369,P146,2,False,html_ish
N009099,OPP004369,P083,3,False,html_ish
N009100,OPP004370,P133,0,False,plain
N009101,OPP004371,P007,0,False,plain
N009102,OPP004371,P020,1,False,plain
N009103,OPP004372,P241,0,False,plain
N009104,OPP004372,P094,1,False,plain
N009105,OPP004372,P240,2,False,shouty
N009106,OPP004373,P002,0,False,nodal_a
N009107,OPP004373,P001,1,True,nodal_a
N009108,OPP004373,P231,2,False,plain
N009109,OPP004373,P006,3,False,nodal_b
N009110,OPP004373,P017,4,False,municipal
N009111,OPP004373,P073,5,False,shouty
N009112,OPP004373,P003,6,False,nodal_b
N009113,OPP004374,P156,0,False,html_ish
N009114,OPP004375,P006,0,False,nodal_b
N009115,OPP004375,P108,1,False,municipal
N009116,OPP004375,P003,2,False,nodal_b
N009117,OPP004376,P141,0,False,municipal
N009118,OPP004376,P006,1,True,nodal_b
N009119,OPP004376,P192,2,False,legacy
N009120,OPP004377,P001,0,False,nodal_a
N009121,OPP004377,P053,1,True,municipal
N009122,OPP004377,P005,2,True,nodal_a
N009123,OPP004378,P216,0,False,html_ish
N009124,OPP004379,P031,0,False,shouty
N009125,OPP004380,P221,0,False,terse
N009126,OPP004381,P002,0,False,nodal_a
N009127,OPP004382,P002,0,False,nodal_a
N009128,OPP004383,P002,0,False,nodal_a
N009129,OPP004384,P094,0,False,plain
N009130,OPP004385,P056,0,False,html_ish
N009131,OPP004385,P097,1,True,html_ish
N009132,OPP004386,P006,0,False,nodal_b
N009133,OPP004387,P003,0,False,nodal_b
N009134,OPP004387,P209,1,False,terse
N009135,OPP004387,P215,2,False,plain
N009136,OPP004387,P222,3,False,plain
N009137,OPP004387,P094,4,True,plain
N009138,OPP004388,P046,0,False,terse
N009139,OPP004389,P001,0,False,nodal_a
N009140,OPP004390,P002,0,False,nodal_a
N009141,OPP004390,P129,1,True,municipal
N009142,OPP004391,P088,0,False,plain
N009143,OPP004391,P020,1,True,plain
N009144,OPP004391,P002,2,False,nodal_a
N009145,OPP004392,P240,0,False,shouty
N009146,OPP004393,P020,0,False,plain
N009147,OPP004393,P094,1,False,plain
N009148,OPP004393,P211,2,False,shouty
N009149,OPP004394,P094,0,False,plain
N009150,OPP004395,P133,0,False,plain
N009151,OPP004395,P001,1,True,nodal_a
N009152,OPP004395,P211,2,False,shouty
N009153,OPP004396,P028,0,False,plain
N009154,OPP004397,P167,0,False,municipal
N009155,OPP004398,P255,0,False,shouty
N009156,OPP004399,P003,0,False,nodal_b
N009157,OPP004399,P020,1,False,plain
N009158,OPP004399,P181,2,False,plain
N009159,OPP004400,P094,0,False,plain
N009160,OPP004400,P233,1,False,terse
N009161,OPP004400,P183,2,True,municipal
N009162,OPP004400,P002,3,True,nodal_a
N009163,OPP004400,P227,4,True,plain
N009164,OPP004401,P215,0,False,plain
N009165,OPP004402,P200,0,False,plain
N009166,OPP004402,P167,1,True,municipal
N009167,OPP004403,P005,0,False,nodal_a
N009168,OPP004403,P094,1,False,plain
N009169,OPP004404,P002,0,False,nodal_a
N009170,OPP004404,P105,1,False,municipal
N009171,OPP004404,P020,2,False,plain
N009172,OPP004405,P181,0,False,plain
N009173,OPP004405,P006,1,True,nodal_b
N009174,OPP004406,P073,0,False,shouty
N009175,OPP004406,P072,1,False,html_ish
N009176,OPP004407,P131,0,False,legacy
N009177,OPP004408,P094,0,False,plain
N009178,OPP004409,P096,0,False,html_ish
N009179,OPP004410,P001,0,False,nodal_a
N009180,OPP004410,P003,1,False,nodal_b
N009181,OPP004411,P221,0,False,terse
N009182,OPP004411,P001,1,False,nodal_a
N009183,OPP004411,P004,2,False,nodal_b
N009184,OPP004411,P219,3,True,plain
N009185,OPP004411,P020,4,False,plain
N009186,OPP004411,P181,5,False,plain
N009187,OPP004411,P005,6,True,nodal_a
N009188,OPP004412,P181,0,False,plain
N009189,OPP004413,P006,0,False,nodal_b
N009190,OPP004413,P234,1,True,municipal
N009191,OPP004413,P142,2,True,terse
N009192,OPP004413,P005,3,False,nodal_a
N009193,OPP004414,P037,0,False,terse
N009194,OPP004415,P094,0,False,plain
N009195,OPP004415,P002,1,True,nodal_a
N009196,OPP004415,P003,2,False,nodal_b
N009197,OPP004416,P002,0,False,nodal_a
N009198,OPP004416,P083,1,True,html_ish
N009199,OPP004417,P005,0,False,nodal_a
N009200,OPP004418,P005,0,False,nodal_a
N009201,OPP004418,P255,1,False,shouty
N009202,OPP004418,P002,2,True,nodal_a
N009203,OPP004418,P044,3,False,plain
N009204,OPP004418,P004,4,False,nodal_b
N009205,OPP004419,P005,0,False,nodal_a
N009206,OPP004419,P170,1,False,plain
N009207,OPP004419,P146,2,False,html_ish
N009208,OPP004419,P004,3,False,nodal_b
N009209,OPP004419,P221,4,True,terse
N009210,OPP004420,P180,0,False,legacy
N009211,OPP004421,P240,0,False,shouty
N009212,OPP004421,P003,1,True,nodal_b
N009213,OPP004421,P004,2,False,nodal_b
N009214,OPP004421,P001,3,True,nodal_a
N009215,OPP004421,P232,4,False,plain
N009216,OPP004421,P044,5,False,plain
N009217,OPP004422,P223,0,False,plain
N009218,OPP004423,P057,0,False,municipal
N009219,OPP004423,P001,1,False,nodal_a
N009220,OPP004424,P002,0,False,nodal_a
N009221,OPP004425,P005,0,False,nodal_a
N009222,OPP004425,P105,1,True,municipal
N009223,OPP004426,P146,0,False,html_ish
N009224,OPP004427,P003,0,False,nodal_b
N009225,OPP004428,P003,0,False,nodal_b
N009226,OPP004429,P002,0,False,nodal_a
N009227,OPP004430,P003,0,False,nodal_b
N009228,OPP004431,P004,0,False,nodal_b
N009229,OPP004432,P094,0,False,plain
N009230,OPP004432,P250,1,False,html_ish
N009231,OPP004432,P020,2,False,plain
N009232,OPP004432,P001,3,False,nodal_a
N009233,OPP004433,P003,0,False,nodal_b
N009234,OPP004434,P006,0,False,nodal_b
N009235,OPP004435,P037,0,False,terse
N009236,OPP004435,P091,1,False,municipal
N009237,OPP004436,P006,0,False,nodal_b
N009238,OPP004436,P005,1,False,nodal_a
N009239,OPP004437,P005,0,False,nodal_a
N009240,OPP004438,P138,0,False,legacy
N009241,OPP004439,P183,0,False,municipal
N009242,OPP004439,P001,1,True,nodal_a
N009243,OPP004439,P202,2,True,legacy
N009244,OPP004439,P003,3,False,nodal_b
N009245,OPP004440,P253,0,False,html_ish
N009246,OPP004441,P172,0,False,municipal
N009247,OPP004442,P195,0,False,html_ish
N009248,OPP004443,P005,0,False,nodal_a
N009249,OPP004443,P003,1,False,nodal_b
N009250,OPP004443,P240,2,False,shouty
N009251,OPP004443,P259,3,False,municipal
N009252,OPP004443,P180,4,False,legacy
N009253,OPP004443,P227,5,False,plain
N009254,OPP004444,P003,0,False,nodal_b
N009255,OPP004444,P005,1,False,nodal_a
N009256,OPP004444,P136,2,False,html_ish
N009257,OPP004444,P241,3,True,plain
N009258,OPP004445,P094,0,False,plain
N009259,OPP004446,P081,0,False,municipal
N009260,OPP004446,P002,1,False,nodal_a
N009261,OPP004447,P094,0,False,plain
N009262,OPP004448,P100,0,False,plain
N009263,OPP004449,P227,0,False,plain
N009264,OPP004450,P002,0,False,nodal_a
N009265,OPP004451,P004,0,False,nodal_b
N009266,OPP004451,P002,1,False,nodal_a
N009267,OPP004451,P006,2,True,nodal_b
N009268,OPP004451,P235,3,True,municipal
N009269,OPP004452,P094,0,False,plain
N009270,OPP004453,P227,0,False,plain
N009271,OPP004453,P221,1,False,terse
N009272,OPP004453,P004,2,True,nodal_b
N009273,OPP004453,P129,3,False,municipal
N009274,OPP004453,P061,4,True,html_ish
N009275,OPP004453,P247,5,False,shouty
N009276,OPP004453,P003,6,False,nodal_b
N009277,OPP004454,P044,0,False,plain
N009278,OPP004454,P094,1,False,plain
N009279,OPP004455,P001,0,False,nodal_a
N009280,OPP004456,P195,0,False,html_ish
N009281,OPP004456,P002,1,False,nodal_a
N009282,OPP004457,P131,0,False,legacy
N009283,OPP004458,P094,0,False,plain
N009284,OPP004458,P073,1,True,shouty
N009285,OPP004459,P004,0,False,nodal_b
N009286,OPP004460,P014,0,False,html_ish
N009287,OPP004461,P142,0,False,terse
N009288,OPP004462,P094,0,False,plain
N009289,OPP004463,P094,0,False,plain
N009290,OPP004464,P094,0,False,plain
N009291,OPP004465,P235,0,False,municipal
N009292,OPP004466,P094,0,False,plain
N009293,OPP004467,P240,0,False,shouty
N009294,OPP004468,P221,0,False,terse
N009295,OPP004468,P096,1,False,html_ish
N009296,OPP004468,P172,2,True,municipal
N009297,OPP004469,P005,0,False,nodal_a
N009298,OPP004470,P020,0,False,plain
N009299,OPP004471,P002,0,False,nodal_a
N009300,OPP004471,P004,1,False,nodal_b
N009301,OPP004472,P020,0,False,plain
N009302,OPP004472,P028,1,False,plain
N009303,OPP004472,P006,2,False,nodal_b
N009304,OPP004473,P006,0,False,nodal_b
N009305,OPP004474,P122,0,False,shouty
N009306,OPP004474,P001,1,True,nodal_a
N009307,OPP004474,P235,2,False,municipal
N009308,OPP004474,P094,3,False,plain
N009309,OPP004475,P094,0,False,plain
N009310,OPP004476,P006,0,False,nodal_b
N009311,OPP004477,P004,0,False,nodal_b
N009312,OPP004478,P240,0,False,shouty
N009313,OPP004479,P194,0,False,municipal
N009314,OPP004480,P021,0,False,municipal
N009315,OPP004481,P189,0,False,plain
N009316,OPP004482,P094,0,False,plain
N009317,OPP004483,P005,0,False,nodal_a
N009318,OPP004483,P249,1,False,plain
N009319,OPP004483,P003,2,False,nodal_b
N009320,OPP004483,P136,3,True,html_ish
N009321,OPP004483,P094,4,True,plain
N009322,OPP004484,P020,0,False,plain
N009323,OPP004485,P005,0,False,nodal_a
N009324,OPP004486,P006,0,False,nodal_b
N009325,OPP004486,P146,1,False,html_ish
N009326,OPP004487,P087,0,False,plain
N009327,OPP004488,P190,0,False,html_ish
N009328,OPP004489,P094,0,False,plain
N009329,OPP004490,P013,0,False,terse
N009330,OPP004491,P225,0,False,municipal
N009331,OPP004492,P094,0,False,plain
N009332,OPP004493,P002,0,False,nodal_a
N009333,OPP004493,P005,1,False,nodal_a
N009334,OPP004493,P222,2,False,plain
N009335,OPP004494,P002,0,False,nodal_a
N009336,OPP004495,P241,0,False,plain
N009337,OPP004496,P040,0,False,html_ish
N009338,OPP004496,P094,1,False,plain
N009339,OPP004496,P013,2,True,terse
N009340,OPP004497,P057,0,False,municipal
N009341,OPP004498,P096,0,False,html_ish
N009342,OPP004498,P002,1,True,nodal_a
N009343,OPP004498,P141,2,True,municipal
N009344,OPP004498,P240,3,False,shouty
N009345,OPP004498,P004,4,True,nodal_b
N009346,OPP004499,P006,0,False,nodal_b
N009347,OPP004500,P001,0,False,nodal_a
N009348,OPP004501,P132,0,False,plain
N009349,OPP004502,P136,0,False,html_ish
N009350,OPP004502,P240,1,False,shouty
N009351,OPP004503,P013,0,False,terse
N009352,OPP004503,P044,1,True,plain
N009353,OPP004503,P038,2,True,plain
N009354,OPP004503,P246,3,False,plain
N009355,OPP004503,P207,4,True,plain
N009356,OPP004503,P231,5,False,plain
N009357,OPP004503,P194,6,False,municipal
N009358,OPP004504,P202,0,False,legacy
N009359,OPP004505,P120,0,False,legacy
N009360,OPP004505,P002,1,True,nodal_a
N009361,OPP004506,P002,0,False,nodal_a
N009362,OPP004506,P094,1,False,plain
N009363,OPP004506,P152,2,False,municipal
N009364,OPP004507,P020,0,False,plain
N009365,OPP004508,P002,0,False,nodal_a
N009366,OPP004508,P003,1,True,nodal_b
N009367,OPP004508,P240,2,False,shouty
N009368,OPP004508,P001,3,True,nodal_a
N009369,OPP004509,P006,0,False,nodal_b
N009370,OPP004510,P002,0,False,nodal_a
N009371,OPP004511,P005,0,False,nodal_a
N009372,OPP004511,P238,1,False,plain
N009373,OPP004511,P105,2,True,municipal
N009374,OPP004511,P241,3,False,plain
N009375,OPP004511,P087,4,False,plain
N009376,OPP004512,P094,0,False,plain
N009377,OPP004513,P020,0,False,plain
N009378,OPP004514,P215,0,False,plain
N009379,OPP004514,P106,1,False,plain
N009380,OPP004514,P094,2,False,plain
N009381,OPP004515,P240,0,False,shouty
N009382,OPP004515,P116,1,True,shouty
N009383,OPP004515,P004,2,False,nodal_b
N009384,OPP004515,P005,3,False,nodal_a
N009385,OPP004516,P227,0,False,plain
N009386,OPP004516,P003,1,False,nodal_b
N009387,OPP004516,P081,2,False,municipal
N009388,OPP004516,P094,3,False,plain
N009389,OPP004516,P189,4,False,plain
N009390,OPP004517,P057,0,False,municipal
N009391,OPP004518,P240,0,False,shouty
N009392,OPP004519,P020,0,False,plain
N009393,OPP004519,P137,1,False,html_ish
N009394,OPP004519,P141,2,False,municipal
N009395,OPP004519,P002,3,True,nodal_a
N009396,OPP004520,P044,0,False,plain
N009397,OPP004520,P004,1,False,nodal_b
N009398,OPP004520,P002,2,False,nodal_a
N009399,OPP004520,P094,3,True,plain
N009400,OPP004521,P003,0,False,nodal_b
N009401,OPP004522,P097,0,False,html_ish
N009402,OPP004522,P094,1,True,plain
N009403,OPP004523,P001,0,False,nodal_a
N009404,OPP004523,P020,1,False,plain
N009405,OPP004523,P005,2,False,nodal_a
N009406,OPP004524,P002,0,False,nodal_a
N009407,OPP004524,P223,1,False,plain
N009408,OPP004525,P224,0,False,municipal
N009409,OPP004526,P006,0,False,nodal_b
N009410,OPP004527,P003,0,False,nodal_b
N009411,OPP004527,P094,1,True,plain
N009412,OPP004528,P244,0,False,terse
N009413,OPP004529,P047,0,False,municipal
N009414,OPP004529,P004,1,True,nodal_b
N009415,OPP004529,P063,2,False,shouty
N009416,OPP004529,P241,3,False,plain
N009417,OPP004529,P249,4,False,plain
N009418,OPP004529,P094,5,False,plain
N009419,OPP004530,P003,0,False,nodal_b
N009420,OPP004530,P005,1,True,nodal_a
N009421,OPP004530,P004,2,True,nodal_b
N009422,OPP004530,P094,3,True,plain
N009423,OPP004530,P044,4,False,plain
N009424,OPP004530,P001,5,False,nodal_a
N009425,OPP004530,P002,6,False,nodal_a
N009426,OPP004531,P005,0,False,nodal_a
N009427,OPP004531,P064,1,True,plain
N009428,OPP004531,P094,2,False,plain
N009429,OPP004531,P002,3,False,nodal_a
N009430,OPP004531,P020,4,False,plain
N009431,OPP004531,P239,5,True,plain
N009432,OPP004531,P167,6,False,municipal
N009433,OPP004531,P003,7,True,nodal_b
N009434,OPP004532,P088,0,False,plain
N009435,OPP004533,P094,0,False,plain
N009436,OPP004534,P094,0,False,plain
N009437,OPP004535,P004,0,False,nodal_b
N009438,OPP004536,P094,0,False,plain
N009439,OPP004537,P003,0,False,nodal_b
N009440,OPP004537,P094,1,True,plain
N009441,OPP004537,P020,2,False,plain
N009442,OPP004538,P182,0,False,plain
N009443,OPP004539,P063,0,False,shouty
N009444,OPP004540,P227,0,False,plain
N009445,OPP004541,P001,0,False,nodal_a
N009446,OPP004541,P097,1,True,html_ish
N009447,OPP004541,P094,2,False,plain
N009448,OPP004541,P013,3,False,terse
N009449,OPP004542,P094,0,False,plain
N009450,OPP004542,P146,1,True,html_ish
N009451,OPP004542,P003,2,False,nodal_b
N009452,OPP004542,P044,3,False,plain
N009453,OPP004542,P006,4,True,nodal_b
N009454,OPP004543,P228,0,False,html_ish
N009455,OPP004543,P002,1,False,nodal_a
N009456,OPP004543,P216,2,False,html_ish
N009457,OPP004544,P231,0,False,plain
N009458,OPP004545,P207,0,False,plain
N009459,OPP004545,P094,1,True,plain
N009460,OPP004545,P037,2,True,terse
N009461,OPP004545,P002,3,False,nodal_a
N009462,OPP004545,P006,4,False,nodal_b
N009463,OPP004545,P003,5,False,nodal_b
N009464,OPP004545,P020,6,False,plain
N009465,OPP004545,P192,7,False,legacy
N009466,OPP004546,P046,0,False,terse
N009467,OPP004546,P005,1,False,nodal_a
N009468,OPP004546,P004,2,False,nodal_b
N009469,OPP004546,P002,3,True,nodal_a
N009470,OPP004547,P153,0,False,terse
N009471,OPP004548,P004,0,False,nodal_b
N009472,OPP004548,P081,1,False,municipal
N009473,OPP004548,P001,2,True,nodal_a
N009474,OPP004549,P047,0,False,municipal
N009475,OPP004550,P146,0,False,html_ish
N009476,OPP004551,P060,0,False,plain
N009477,OPP004552,P006,0,False,nodal_b
N009478,OPP004553,P001,0,False,nodal_a
N009479,OPP004553,P094,1,True,plain
N009480,OPP004554,P094,0,False,plain
N009481,OPP004555,P234,0,False,municipal
N009482,OPP004555,P073,1,False,shouty
N009483,OPP004555,P063,2,True,shouty
N009484,OPP004555,P189,3,False,plain
N009485,OPP004555,P004,4,False,nodal_b
N009486,OPP004556,P001,0,False,nodal_a
N009487,OPP004556,P194,1,False,municipal
N009488,OPP004556,P006,2,True,nodal_b
N009489,OPP004556,P003,3,True,nodal_b
N009490,OPP004556,P225,4,False,municipal
N009491,OPP004556,P088,5,False,plain
N009492,OPP004556,P046,6,False,terse
N009493,OPP004557,P002,0,False,nodal_a
N009494,OPP004558,P005,0,False,nodal_a
N009495,OPP004558,P003,1,True,nodal_b
N009496,OPP004558,P094,2,True,plain
N009497,OPP004559,P001,0,False,nodal_a
N009498,OPP004559,P004,1,False,nodal_b
N009499,OPP004559,P094,2,False,plain
N009500,OPP004560,P006,0,False,nodal_b
N009501,OPP004561,P094,0,False,plain
N009502,OPP004561,P239,1,True,plain
N009503,OPP004561,P105,2,False,municipal
N009504,OPP004561,P002,3,False,nodal_a
N009505,OPP004561,P214,4,False,plain
N009506,OPP004561,P006,5,False,nodal_b
N009507,OPP004561,P073,6,True,shouty
N009508,OPP004561,P240,7,False,shouty
N009509,OPP004562,P146,0,False,html_ish
N009510,OPP004563,P001,0,False,nodal_a
N009511,OPP004564,P098,0,False,municipal
N009512,OPP004564,P005,1,True,nodal_a
N009513,OPP004565,P094,0,False,plain
N009514,OPP004566,P004,0,False,nodal_b
N009515,OPP004567,P136,0,False,html_ish
N009516,OPP004568,P039,0,False,plain
N009517,OPP004568,P081,1,False,municipal
N009518,OPP004569,P006,0,False,nodal_b
N009519,OPP004570,P001,0,False,nodal_a
N009520,OPP004571,P225,0,False,municipal
N009521,OPP004571,P005,1,True,nodal_a
N009522,OPP004571,P061,2,True,html_ish
N009523,OPP004571,P004,3,True,nodal_b
N009524,OPP004571,P136,4,True,html_ish
N009525,OPP004572,P094,0,False,plain
N009526,OPP004573,P201,0,False,legacy
N009527,OPP004573,P197,1,False,plain
N009528,OPP004574,P031,0,False,shouty
N009529,OPP004574,P151,1,False,terse
N009530,OPP004574,P094,2,False,plain
N009531,OPP004575,P004,0,False,nodal_b
N009532,OPP004576,P001,0,False,nodal_a
N009533,OPP004576,P094,1,False,plain
N009534,OPP004577,P215,0,False,plain
N009535,OPP004578,P181,0,False,plain
N009536,OPP004578,P003,1,True,nodal_b
N009537,OPP004578,P254,2,False,terse
N009538,OPP004579,P005,0,False,nodal_a
N009539,OPP004580,P094,0,False,plain
N009540,OPP004581,P094,0,False,plain
N009541,OPP004582,P020,0,False,plain
N009542,OPP004583,P004,0,False,nodal_b
N009543,OPP004584,P217,0,False,plain
N009544,OPP004584,P002,1,True,nodal_a
N009545,OPP004584,P107,2,True,terse
N009546,OPP004585,P002,0,False,nodal_a
N009547,OPP004586,P002,0,False,nodal_a
N009548,OPP004586,P001,1,True,nodal_a
N009549,OPP004587,P006,0,False,nodal_b
N009550,OPP004588,P002,0,False,nodal_a
N009551,OPP004589,P005,0,False,nodal_a
N009552,OPP004589,P215,1,True,plain
N009553,OPP004589,P004,2,False,nodal_b
N009554,OPP004589,P073,3,False,shouty
N009555,OPP004590,P002,0,False,nodal_a
N009556,OPP004590,P094,1,False,plain
N009557,OPP004591,P005,0,False,nodal_a
N009558,OPP004591,P006,1,False,nodal_b
N009559,OPP004591,P094,2,False,plain
N009560,OPP004592,P209,0,False,terse
N009561,OPP004593,P002,0,False,nodal_a
N009562,OPP004594,P002,0,False,nodal_a
N009563,OPP004595,P004,0,False,nodal_b
N009564,OPP004596,P002,0,False,nodal_a
N009565,OPP004596,P165,1,True,plain
N009566,OPP004596,P255,2,False,shouty
N009567,OPP004597,P024,0,False,html_ish
N009568,OPP004597,P053,1,False,municipal
N009569,OPP004597,P189,2,True,plain
N009570,OPP004598,P106,0,False,plain
N009571,OPP004599,P005,0,False,nodal_a
N009572,OPP004600,P198,0,False,html_ish
N009573,OPP004600,P002,1,False,nodal_a
N009574,OPP004601,P005,0,False,nodal_a
N009575,OPP004602,P240,0,False,shouty
N009576,OPP004603,P094,0,False,plain
N009577,OPP004603,P006,1,False,nodal_b
N009578,OPP004603,P004,2,False,nodal_b
N009579,OPP004603,P116,3,False,shouty
N009580,OPP004603,P001,4,False,nodal_a
N009581,OPP004604,P146,0,False,html_ish
N009582,OPP004605,P001,0,False,nodal_a
N009583,OPP004605,P049,1,False,municipal
N009584,OPP004605,P004,2,False,nodal_b
N009585,OPP004605,P002,3,True,nodal_a
N009586,OPP004606,P094,0,False,plain
N009587,OPP004607,P006,0,False,nodal_b
N009588,OPP004608,P094,0,False,plain
N009589,OPP004609,P001,0,False,nodal_a
N009590,OPP004610,P217,0,False,plain
N009591,OPP004611,P096,0,False,html_ish
N009592,OPP004612,P206,0,False,municipal
N009593,OPP004613,P020,0,False,plain
N009594,OPP004613,P006,1,False,nodal_b
N009595,OPP004613,P136,2,False,html_ish
N009596,OPP004614,P216,0,False,html_ish
N009597,OPP004615,P073,0,False,shouty
N009598,OPP004615,P086,1,False,municipal
N009599,OPP004615,P020,2,True,plain
N009600,OPP004615,P002,3,True,nodal_a
N009601,OPP004615,P001,4,True,nodal_a
N009602,OPP004615,P251,5,False,html_ish
N009603,OPP004615,P057,6,False,municipal
N009604,OPP004615,P094,7,True,plain
N009605,OPP004615,P006,8,False,nodal_b
N009606,OPP004616,P044,0,False,plain
N009607,OPP004616,P003,1,True,nodal_b
N009608,OPP004617,P002,0,False,nodal_a
N009609,OPP004618,P001,0,False,nodal_a
N009610,OPP004618,P054,1,True,plain
N009611,OPP004619,P094,0,False,plain
N009612,OPP004619,P006,1,False,nodal_b
N009613,OPP004619,P241,2,False,plain
N009614,OPP004619,P087,3,True,plain
N009615,OPP004620,P221,0,False,terse
N009616,OPP004621,P227,0,False,plain
N009617,OPP004621,P005,1,True,nodal_a
N009618,OPP004622,P148,0,False,html_ish
N009619,OPP004623,P005,0,False,nodal_a
N009620,OPP004624,P005,0,False,nodal_a
N009621,OPP004624,P094,1,False,plain
N009622,OPP004624,P073,2,True,shouty
N009623,OPP004624,P133,3,True,plain
N009624,OPP004624,P002,4,True,nodal_a
N009625,OPP004624,P006,5,False,nodal_b
N009626,OPP004625,P140,0,False,terse
N009627,OPP004626,P240,0,False,shouty
N009628,OPP004627,P154,0,False,plain
N009629,OPP004628,P092,0,False,plain
N009630,OPP004629,P006,0,False,nodal_b
N009631,OPP004630,P137,0,False,html_ish
N009632,OPP004630,P020,1,False,plain
N009633,OPP004630,P004,2,True,nodal_b
N009634,OPP004631,P001,0,False,nodal_a
N009635,OPP004632,P189,0,False,plain
N009636,OPP004632,P006,1,False,nodal_b
N009637,OPP004633,P056,0,False,html_ish
N009638,OPP004633,P253,1,False,html_ish
N009639,OPP004634,P077,0,False,plain
N009640,OPP004635,P146,0,False,html_ish
N009641,OPP004635,P005,1,False,nodal_a
N009642,OPP004636,P006,0,False,nodal_b
N009643,OPP004637,P094,0,False,plain
N009644,OPP004637,P006,1,False,nodal_b
N009645,OPP004638,P242,0,False,shouty
N009646,OPP004639,P005,0,False,nodal_a
N009647,OPP004640,P013,0,False,terse
N009648,OPP004640,P005,1,False,nodal_a
N009649,OPP004640,P001,2,False,nodal_a
N009650,OPP004641,P005,0,False,nodal_a
N009651,OPP004642,P120,0,False,legacy
N009652,OPP004643,P048,0,False,html_ish
N009653,OPP004643,P232,1,True,plain
N009654,OPP004643,P003,2,False,nodal_b
N009655,OPP004644,P094,0,False,plain
N009656,OPP004644,P216,1,False,html_ish
N009657,OPP004645,P001,0,False,nodal_a
N009658,OPP004646,P094,0,False,plain
N009659,OPP004647,P001,0,False,nodal_a
N009660,OPP004647,P183,1,False,municipal
N009661,OPP004647,P094,2,False,plain
N009662,OPP004647,P002,3,True,nodal_a
N009663,OPP004647,P004,4,False,nodal_b
N009664,OPP004647,P200,5,True,plain
N009665,OPP004648,P003,0,False,nodal_b
N009666,OPP004649,P002,0,False,nodal_a
N009667,OPP004649,P069,1,True,html_ish
N009668,OPP004649,P183,2,False,municipal
N009669,OPP004650,P094,0,False,plain
N009670,OPP004650,P214,1,False,plain
N009671,OPP004650,P014,2,False,html_ish
N009672,OPP004651,P106,0,False,plain
N009673,OPP004651,P006,1,False,nodal_b
N009674,OPP004651,P020,2,False,plain
N009675,OPP004651,P002,3,False,nodal_a
N009676,OPP004651,P004,4,False,nodal_b
N009677,OPP004651,P094,5,False,plain
N009678,OPP004651,P003,6,False,nodal_b
N009679,OPP004651,P005,7,True,nodal_a
N009680,OPP004651,P001,8,True,nodal_a
N009681,OPP004652,P238,0,False,plain
N009682,OPP004653,P240,0,False,shouty
N009683,OPP004654,P002,0,False,nodal_a
N009684,OPP004655,P246,0,False,plain
N009685,OPP004656,P136,0,False,html_ish
N009686,OPP004657,P004,0,False,nodal_b
N009687,OPP004657,P002,1,False,nodal_a
N009688,OPP004657,P144,2,True,municipal
N009689,OPP004658,P004,0,False,nodal_b
N009690,OPP004658,P240,1,False,shouty
N009691,OPP004658,P005,2,False,nodal_a
N009692,OPP004658,P094,3,False,plain
N009693,OPP004658,P026,4,True,municipal
N009694,OPP004658,P002,5,False,nodal_a
N009695,OPP004658,P126,6,True,terse
N009696,OPP004659,P002,0,False,nodal_a
N009697,OPP004660,P005,0,False,nodal_a
N009698,OPP004661,P005,0,False,nodal_a
N009699,OPP004662,P112,0,False,shouty
N009700,OPP004662,P003,1,False,nodal_b
N009701,OPP004662,P196,2,False,html_ish
N009702,OPP004662,P001,3,False,nodal_a
N009703,OPP004662,P002,4,False,nodal_a
N009704,OPP004662,P004,5,True,nodal_b
N009705,OPP004662,P172,6,False,municipal
N009706,OPP004663,P141,0,False,municipal
N009707,OPP004664,P001,0,False,nodal_a
N009708,OPP004665,P153,0,False,terse
N009709,OPP004665,P050,1,False,municipal
N009710,OPP004666,P002,0,False,nodal_a
N009711,OPP004666,P003,1,False,nodal_b
N009712,OPP004666,P094,2,False,plain
N009713,OPP004666,P005,3,False,nodal_a
N009714,OPP004667,P018,0,False,plain
N009715,OPP004668,P005,0,False,nodal_a
N009716,OPP004669,P146,0,False,html_ish
N009717,OPP004670,P002,0,False,nodal_a
N009718,OPP004670,P094,1,True,plain
N009719,OPP004670,P232,2,False,plain
N009720,OPP004670,P096,3,True,html_ish
N009721,OPP004670,P005,4,False,nodal_a
N009722,OPP004671,P202,0,False,legacy
N009723,OPP004671,P006,1,True,nodal_b
N009724,OPP004671,P001,2,False,nodal_a
N009725,OPP004671,P094,3,True,plain
N009726,OPP004671,P240,4,False,shouty
N009727,OPP004672,P002,0,False,nodal_a
N009728,OPP004672,P094,1,False,plain
N009729,OPP004673,P094,0,False,plain
N009730,OPP004673,P042,1,False,plain
N009731,OPP004674,P136,0,False,html_ish
N009732,OPP004674,P094,1,False,plain
N009733,OPP004674,P069,2,True,html_ish
N009734,OPP004675,P069,0,False,html_ish
N009735,OPP004675,P006,1,False,nodal_b
N009736,OPP004675,P094,2,True,plain
N009737,OPP004676,P183,0,False,municipal
N009738,OPP004676,P003,1,True,nodal_b
N009739,OPP004676,P006,2,False,nodal_b
N009740,OPP004676,P035,3,False,plain
N009741,OPP004677,P003,0,False,nodal_b
N009742,OPP004678,P094,0,False,plain
N009743,OPP004678,P116,1,True,shouty
N009744,OPP004678,P003,2,False,nodal_b
N009745,OPP004678,P002,3,False,nodal_a
N009746,OPP004679,P232,0,False,plain
N009747,OPP004680,P146,0,False,html_ish
N009748,OPP004680,P073,1,False,shouty
N009749,OPP004680,P001,2,True,nodal_a
N009750,OPP004680,P003,3,True,nodal_b
N009751,OPP004680,P002,4,False,nodal_a
N009752,OPP004681,P013,0,False,terse
N009753,OPP004682,P240,0,False,shouty
N009754,OPP004682,P094,1,False,plain
N009755,OPP004682,P002,2,True,nodal_a
N009756,OPP004682,P087,3,True,plain
N009757,OPP004682,P001,4,True,nodal_a
N009758,OPP004682,P003,5,False,nodal_b
N009759,OPP004683,P001,0,False,nodal_a
N009760,OPP004683,P006,1,True,nodal_b
N009761,OPP004684,P004,0,False,nodal_b
N009762,OPP004684,P006,1,False,nodal_b
N009763,OPP004685,P005,0,False,nodal_a
N009764,OPP004685,P106,1,False,plain
N009765,OPP004685,P001,2,False,nodal_a
N009766,OPP004685,P003,3,True,nodal_b
N009767,OPP004685,P002,4,False,nodal_a
N009768,OPP004685,P021,5,False,municipal
N009769,OPP004685,P004,6,True,nodal_b
N009770,OPP004685,P136,7,True,html_ish
N009771,OPP004686,P184,0,False,legacy
N009772,OPP004686,P240,1,False,shouty
N009773,OPP004686,P002,2,True,nodal_a
N009774,OPP004686,P001,3,False,nodal_a
N009775,OPP004686,P006,4,False,nodal_b
N009776,OPP004686,P173,5,False,legacy
N009777,OPP004686,P003,6,False,nodal_b
N009778,OPP004687,P228,0,False,html_ish
N009779,OPP004688,P183,0,False,municipal
N009780,OPP004689,P002,0,False,nodal_a
N009781,OPP004690,P240,0,False,shouty
N009782,OPP004691,P206,0,False,municipal
N009783,OPP004692,P004,0,False,nodal_b
N009784,OPP004692,P240,1,False,shouty
N009785,OPP004693,P073,0,False,shouty
N009786,OPP004693,P094,1,True,plain
N009787,OPP004693,P003,2,False,nodal_b
N009788,OPP004693,P246,3,True,plain
N009789,OPP004694,P001,0,False,nodal_a
N009790,OPP004694,P004,1,False,nodal_b
N009791,OPP004694,P207,2,True,plain
N009792,OPP004694,P094,3,True,plain
N009793,OPP004695,P227,0,False,plain
N009794,OPP004695,P199,1,False,plain
N009795,OPP004695,P006,2,False,nodal_b
N009796,OPP004695,P001,3,True,nodal_a
N009797,OPP004696,P216,0,False,html_ish
N009798,OPP004697,P006,0,False,nodal_b
N009799,OPP004697,P094,1,False,plain
N009800,OPP004698,P214,0,False,plain
N009801,OPP004699,P001,0,False,nodal_a
N009802,OPP004699,P004,1,True,nodal_b
N009803,OPP004699,P166,2,True,html_ish
N009804,OPP004700,P004,0,False,nodal_b
N009805,OPP004700,P240,1,True,shouty
N009806,OPP004701,P002,0,False,nodal_a
N009807,OPP004702,P003,0,False,nodal_b
N009808,OPP004703,P002,0,False,nodal_a
N009809,OPP004704,P094,0,False,plain
N009810,OPP004704,P045,1,False,shouty
N009811,OPP004705,P241,0,False,plain
N009812,OPP004705,P094,1,True,plain
N009813,OPP004705,P001,2,False,nodal_a
N009814,OPP004705,P077,3,True,plain
N009815,OPP004706,P003,0,False,nodal_b
N009816,OPP004707,P002,0,False,nodal_a
N009817,OPP004708,P020,0,False,plain
N009818,OPP004708,P002,1,False,nodal_a
N009819,OPP004708,P005,2,True,nodal_a
N009820,OPP004709,P236,0,False,plain
N009821,OPP004710,P044,0,False,plain
N009822,OPP004711,P044,0,False,plain
N009823,OPP004711,P002,1,False,nodal_a
N009824,OPP004712,P009,0,False,shouty
N009825,OPP004713,P006,0,False,nodal_b
N009826,OPP004713,P004,1,True,nodal_b
N009827,OPP004713,P003,2,False,nodal_b
N009828,OPP004714,P057,0,False,municipal
N009829,OPP004715,P001,0,False,nodal_a
N009830,OPP004716,P221,0,False,terse
N009831,OPP004716,P094,1,True,plain
N009832,OPP004717,P094,0,False,plain
N009833,OPP004718,P131,0,False,legacy
N009834,OPP004719,P044,0,False,plain
N009835,OPP004719,P004,1,True,nodal_b
N009836,OPP004720,P014,0,False,html_ish
N009837,OPP004720,P013,1,False,terse
N009838,OPP004720,P070,2,False,municipal
N009839,OPP004721,P001,0,False,nodal_a
N009840,OPP004722,P227,0,False,plain
N009841,OPP004722,P003,1,False,nodal_b
N009842,OPP004723,P005,0,False,nodal_a
N009843,OPP004723,P217,1,False,plain
N009844,OPP004723,P006,2,False,nodal_b
N009845,OPP004724,P001,0,False,nodal_a
N009846,OPP004725,P185,0,False,plain
N009847,OPP004726,P005,0,False,nodal_a
N009848,OPP004726,P002,1,False,nodal_a
N009849,OPP004726,P088,2,True,plain
N009850,OPP004726,P235,3,True,municipal
N009851,OPP004727,P006,0,False,nodal_b
N009852,OPP004727,P013,1,False,terse
N009853,OPP004728,P003,0,False,nodal_b
N009854,OPP004729,P002,0,False,nodal_a
N009855,OPP004729,P094,1,True,plain
N009856,OPP004729,P004,2,True,nodal_b
N009857,OPP004729,P224,3,False,municipal
N009858,OPP004730,P004,0,False,nodal_b
N009859,OPP004730,P002,1,True,nodal_a
N009860,OPP004730,P001,2,True,nodal_a
N009861,OPP004730,P170,3,True,plain
N009862,OPP004731,P004,0,False,nodal_b
N009863,OPP004732,P006,0,False,nodal_b
N009864,OPP004732,P189,1,True,plain
N009865,OPP004732,P088,2,False,plain
N009866,OPP004732,P240,3,True,shouty
N009867,OPP004732,P042,4,True,plain
N009868,OPP004732,P239,5,False,plain
N009869,OPP004732,P057,6,True,municipal
N009870,OPP004733,P094,0,False,plain
N009871,OPP004734,P016,0,False,terse
N009872,OPP004734,P094,1,False,plain
N009873,OPP004735,P196,0,False,html_ish
N009874,OPP004736,P020,0,False,plain
N009875,OPP004737,P190,0,False,html_ish
N009876,OPP004738,P180,0,False,legacy
N009877,OPP004739,P006,0,False,nodal_b
N009878,OPP004740,P094,0,False,plain
N009879,OPP004741,P094,0,False,plain
N009880,OPP004742,P002,0,False,nodal_a
N009881,OPP004742,P006,1,False,nodal_b
N009882,OPP004742,P003,2,True,nodal_b
N009883,OPP004742,P246,3,False,plain
N009884,OPP004742,P004,4,False,nodal_b
N009885,OPP004743,P001,0,False,nodal_a
N009886,OPP004744,P001,0,False,nodal_a
N009887,OPP004744,P006,1,True,nodal_b
N009888,OPP004744,P004,2,True,nodal_b
N009889,OPP004745,P094,0,False,plain
N009890,OPP004745,P191,1,True,plain
N009891,OPP004745,P211,2,False,shouty
N009892,OPP004746,P020,0,False,plain
N009893,OPP004747,P094,0,False,plain
N009894,OPP004748,P004,0,False,nodal_b
N009895,OPP004748,P232,1,False,plain
N009896,OPP004748,P202,2,True,legacy
N009897,OPP004748,P094,3,False,plain
N009898,OPP004749,P200,0,False,plain
N009899,OPP004750,P004,0,False,nodal_b
N009900,OPP004751,P005,0,False,nodal_a
N009901,OPP004752,P006,0,False,nodal_b
N009902,OPP004753,P094,0,False,plain
N009903,OPP004753,P240,1,True,shouty
N009904,OPP004754,P077,0,False,plain
N009905,OPP004755,P126,0,False,terse
N009906,OPP004755,P232,1,True,plain
N009907,OPP004755,P097,2,True,html_ish
N009908,OPP004755,P002,3,True,nodal_a
N009909,OPP004755,P106,4,True,plain
N009910,OPP004755,P094,5,False,plain
N009911,OPP004755,P167,6,False,municipal
N009912,OPP004755,P141,7,True,municipal
N009913,OPP004756,P049,0,False,municipal
N009914,OPP004757,P047,0,False,municipal
N009915,OPP004758,P239,0,False,plain
N009916,OPP004759,P004,0,False,nodal_b
N009917,OPP004760,P097,0,False,html_ish
N009918,OPP004761,P109,0,False,plain
N009919,OPP004762,P044,0,False,plain
N009920,OPP004763,P241,0,False,plain
N009921,OPP004763,P134,1,False,plain
N009922,OPP004763,P006,2,True,nodal_b
N009923,OPP004763,P240,3,True,shouty
N009924,OPP004763,P044,4,True,plain
N009925,OPP004763,P094,5,True,plain
N009926,OPP004763,P253,6,False,html_ish
N009927,OPP004763,P031,7,True,shouty
N009928,OPP004764,P003,0,False,nodal_b
N009929,OPP004764,P039,1,True,plain
N009930,OPP004764,P151,2,False,terse
N009931,OPP004765,P001,0,False,nodal_a
N009932,OPP004766,P020,0,False,plain
N009933,OPP004766,P189,1,True,plain
N009934,OPP004766,P217,2,False,plain
N009935,OPP004766,P175,3,False,plain
N009936,OPP004766,P061,4,True,html_ish
N009937,OPP004767,P094,0,False,plain
N009938,OPP004767,P003,1,False,nodal_b
N009939,OPP004767,P240,2,True,shouty
N009940,OPP004767,P141,3,True,municipal
N009941,OPP004767,P153,4,True,terse
N009942,OPP004767,P002,5,True,nodal_a
N009943,OPP004768,P004,0,False,nodal_b
N009944,OPP004769,P193,0,False,shouty
N009945,OPP004770,P003,0,False,nodal_b
N009946,OPP004771,P232,0,False,plain
N009947,OPP004772,P002,0,False,nodal_a
N009948,OPP004773,P094,0,False,plain
N009949,OPP004773,P006,1,False,nodal_b
N009950,OPP004773,P215,2,True,plain
N009951,OPP004773,P002,3,False,nodal_a
N009952,OPP004773,P202,4,True,legacy
N009953,OPP004773,P180,5,True,legacy
N009954,OPP004773,P061,6,False,html_ish
N009955,OPP004773,P015,7,False,terse
N009956,OPP004773,P008,8,False,terse
N009957,OPP004774,P002,0,False,nodal_a
N009958,OPP004775,P094,0,False,plain
N009959,OPP004775,P066,1,False,terse
N009960,OPP004775,P001,2,False,nodal_a
N009961,OPP004776,P001,0,False,nodal_a
N009962,OPP004777,P002,0,False,nodal_a
N009963,OPP004777,P003,1,False,nodal_b
N009964,OPP004777,P229,2,False,html_ish
N009965,OPP004777,P255,3,False,shouty
N009966,OPP004778,P257,0,False,html_ish
N009967,OPP004779,P020,0,False,plain
N009968,OPP004779,P005,1,False,nodal_a
N009969,OPP004779,P004,2,False,nodal_b
N009970,OPP004779,P094,3,False,plain
N009971,OPP004779,P170,4,True,plain
N009972,OPP004779,P056,5,True,html_ish
N009973,OPP004779,P016,6,False,terse
N009974,OPP004780,P097,0,False,html_ish
N009975,OPP004781,P067,0,False,plain
N009976,OPP004781,P097,1,False,html_ish
N009977,OPP004781,P020,2,False,plain
N009978,OPP004782,P001,0,False,nodal_a
N009979,OPP004782,P003,1,False,nodal_b
N009980,OPP004783,P094,0,False,plain
N009981,OPP004784,P002,0,False,nodal_a
N009982,OPP004784,P004,1,True,nodal_b
N009983,OPP004784,P031,2,False,shouty
N009984,OPP004784,P189,3,True,plain
N009985,OPP004784,P001,4,False,nodal_a
N009986,OPP004784,P240,5,False,shouty
N009987,OPP004784,P006,6,False,nodal_b
N009988,OPP004785,P094,0,False,plain
N009989,OPP004786,P094,0,False,plain
N009990,OPP004786,P006,1,False,nodal_b
N009991,OPP004787,P094,0,False,plain
N009992,OPP004788,P005,0,False,nodal_a
N009993,OPP004788,P199,1,False,plain
N009994,OPP004788,P003,2,False,nodal_b
N009995,OPP004789,P081,0,False,municipal
N009996,OPP004790,P195,0,False,html_ish
N009997,OPP004791,P041,0,False,html_ish
N009998,OPP004792,P151,0,False,terse
N009999,OPP004793,P001,0,False,nodal_a
N010000,OPP004794,P005,0,False,nodal_a
N010001,OPP004795,P002,0,False,nodal_a
N010002,OPP004795,P120,1,True,legacy
N010003,OPP004795,P004,2,True,nodal_b
N010004,OPP004796,P157,0,False,legacy
N010005,OPP004797,P117,0,False,terse
N010006,OPP004798,P094,0,False,plain
N010007,OPP004798,P020,1,True,plain
N010008,OPP004799,P002,0,False,nodal_a
N010009,OPP004800,P260,0,False,plain
N010010,OPP004801,P033,0,False,municipal
N010011,OPP004801,P215,1,True,plain
N010012,OPP004802,P005,0,False,nodal_a
N010013,OPP004803,P228,0,False,html_ish
N010014,OPP004803,P003,1,True,nodal_b
N010015,OPP004803,P259,2,True,municipal
N010016,OPP004804,P001,0,False,nodal_a
N010017,OPP004805,P021,0,False,municipal
N010018,OPP004806,P004,0,False,nodal_b
N010019,OPP004806,P002,1,False,nodal_a
N010020,OPP004806,P008,2,True,terse
N010021,OPP004807,P020,0,False,plain
N010022,OPP004807,P002,1,False,nodal_a
N010023,OPP004808,P240,0,False,shouty
N010024,OPP004808,P094,1,True,plain
N010025,OPP004809,P044,0,False,plain
N010026,OPP004809,P094,1,False,plain
N010027,OPP004809,P002,2,False,nodal_a
N010028,OPP004809,P006,3,False,nodal_b
N010029,OPP004809,P179,4,True,html_ish
N010030,OPP004809,P020,5,True,plain
N010031,OPP004809,P215,6,False,plain
N010032,OPP004809,P200,7,False,plain
N010033,OPP004810,P124,0,False,plain
N010034,OPP004810,P098,1,False,municipal
N010035,OPP004811,P022,0,False,terse
N010036,OPP004812,P094,0,False,plain
N010037,OPP004813,P001,0,False,nodal_a
N010038,OPP004813,P094,1,True,plain
N010039,OPP004813,P004,2,False,nodal_b
N010040,OPP004813,P028,3,True,plain
N010041,OPP004813,P181,4,False,plain
N010042,OPP004813,P003,5,False,nodal_b
N010043,OPP004814,P033,0,False,municipal
N010044,OPP004815,P094,0,False,plain
N010045,OPP004815,P227,1,False,plain
N010046,OPP004816,P182,0,False,plain
N010047,OPP004816,P094,1,False,plain
N010048,OPP004816,P061,2,True,html_ish
N010049,OPP004816,P180,3,False,legacy
N010050,OPP004816,P085,4,False,municipal
N010051,OPP004816,P002,5,True,nodal_a
N010052,OPP004817,P120,0,False,legacy
N010053,OPP004817,P004,1,False,nodal_b
N010054,OPP004817,P094,2,False,plain
N010055,OPP004818,P065,0,False,municipal
N010056,OPP004819,P002,0,False,nodal_a
N010057,OPP004820,P020,0,False,plain
N010058,OPP004820,P003,1,True,nodal_b
N010059,OPP004821,P013,0,False,terse
N010060,OPP004822,P221,0,False,terse
N010061,OPP004822,P006,1,False,nodal_b
N010062,OPP004823,P002,0,False,nodal_a
N010063,OPP004824,P136,0,False,html_ish
N010064,OPP004824,P156,1,True,html_ish
N010065,OPP004824,P240,2,True,shouty
N010066,OPP004824,P140,3,False,terse
N010067,OPP004825,P006,0,False,nodal_b
N010068,OPP004825,P020,1,True,plain
N010069,OPP004826,P003,0,False,nodal_b
N010070,OPP004827,P094,0,False,plain
N010071,OPP004827,P005,1,True,nodal_a
N010072,OPP004827,P044,2,True,plain
N010073,OPP004827,P004,3,True,nodal_b
N010074,OPP004827,P120,4,False,legacy
N010075,OPP004827,P227,5,True,plain
N010076,OPP004827,P142,6,False,terse
N010077,OPP004827,P006,7,True,nodal_b
N010078,OPP004828,P202,0,False,legacy
N010079,OPP004829,P005,0,False,nodal_a
N010080,OPP004830,P088,0,False,plain
N010081,OPP004831,P094,0,False,plain
N010082,OPP004831,P001,1,False,nodal_a
N010083,OPP004832,P002,0,False,nodal_a
N010084,OPP004832,P004,1,False,nodal_b
N010085,OPP004832,P006,2,False,nodal_b
N010086,OPP004832,P074,3,False,plain
N010087,OPP004832,P020,4,False,plain
N010088,OPP004832,P003,5,False,nodal_b
N010089,OPP004833,P094,0,False,plain
N010090,OPP004834,P180,0,False,legacy
N010091,OPP004835,P175,0,False,plain
N010092,OPP004835,P003,1,False,nodal_b
N010093,OPP004836,P005,0,False,nodal_a
N010094,OPP004837,P081,0,False,municipal
N010095,OPP004837,P122,1,False,shouty
N010096,OPP004838,P044,0,False,plain
N010097,OPP004839,P003,0,False,nodal_b
N010098,OPP004839,P088,1,False,plain
N010099,OPP004840,P005,0,False,nodal_a
N010100,OPP004840,P094,1,True,plain
N010101,OPP004840,P001,2,False,nodal_a
N010102,OPP004840,P080,3,False,shouty
N010103,OPP004841,P001,0,False,nodal_a
N010104,OPP004842,P200,0,False,plain
N010105,OPP004843,P005,0,False,nodal_a
N010106,OPP004844,P002,0,False,nodal_a
N010107,OPP004844,P121,1,True,plain
N010108,OPP004845,P003,0,False,nodal_b
N010109,OPP004846,P003,0,False,nodal_b
N010110,OPP004847,P097,0,False,html_ish
N010111,OPP004847,P001,1,False,nodal_a
N010112,OPP004848,P004,0,False,nodal_b
N010113,OPP004848,P223,1,False,plain
N010114,OPP004848,P056,2,True,html_ish
N010115,OPP004848,P202,3,True,legacy
N010116,OPP004848,P010,4,False,plain
N010117,OPP004849,P054,0,False,plain
N010118,OPP004850,P004,0,False,nodal_b
N010119,OPP004850,P003,1,True,nodal_b
N010120,OPP004850,P122,2,True,shouty
N010121,OPP004850,P001,3,True,nodal_a
N010122,OPP004850,P240,4,False,shouty
N010123,OPP004850,P088,5,False,plain
N010124,OPP004850,P006,6,True,nodal_b
N010125,OPP004850,P094,7,False,plain
N010126,OPP004850,P221,8,True,terse
N010127,OPP004851,P006,0,False,nodal_b
N010128,OPP004852,P005,0,False,nodal_a
N010129,OPP004853,P088,0,False,plain
N010130,OPP004854,P004,0,False,nodal_b
N010131,OPP004854,P136,1,False,html_ish
N010132,OPP004854,P094,2,False,plain
N010133,OPP004855,P187,0,False,municipal
N010134,OPP004855,P003,1,True,nodal_b
N010135,OPP004856,P094,0,False,plain
N010136,OPP004856,P023,1,False,plain
N010137,OPP004857,P094,0,False,plain
N010138,OPP004857,P004,1,True,nodal_b
N010139,OPP004857,P014,2,False,html_ish
N010140,OPP004858,P089,0,False,html_ish
N010141,OPP004859,P002,0,False,nodal_a
N010142,OPP004859,P001,1,False,nodal_a
N010143,OPP004860,P094,0,False,plain
N010144,OPP004861,P203,0,False,municipal
N010145,OPP004861,P094,1,False,plain
N010146,OPP004861,P179,2,False,html_ish
N010147,OPP004862,P003,0,False,nodal_b
N010148,OPP004863,P229,0,False,html_ish
N010149,OPP004863,P094,1,False,plain
N010150,OPP004864,P008,0,False,terse
N010151,OPP004865,P003,0,False,nodal_b
N010152,OPP004865,P002,1,False,nodal_a
N010153,OPP004866,P094,0,False,plain
N010154,OPP004867,P215,0,False,plain
N010155,OPP004867,P094,1,False,plain
N010156,OPP004868,P002,0,False,nodal_a
N010157,OPP004868,P091,1,True,municipal
N010158,OPP004868,P088,2,False,plain
N010159,OPP004868,P006,3,True,nodal_b
N010160,OPP004868,P183,4,True,municipal
N010161,OPP004868,P195,5,True,html_ish
N010162,OPP004868,P147,6,False,municipal
N010163,OPP004869,P146,0,False,html_ish
N010164,OPP004869,P159,1,False,plain
N010165,OPP004869,P003,2,True,nodal_b
N010166,OPP004870,P181,0,False,plain
N010167,OPP004871,P227,0,False,plain
N010168,OPP004871,P003,1,False,nodal_b
N010169,OPP004871,P094,2,False,plain
N010170,OPP004872,P002,0,False,nodal_a
N010171,OPP004872,P014,1,True,html_ish
N010172,OPP004873,P001,0,False,nodal_a
N010173,OPP004874,P227,0,False,plain
N010174,OPP004874,P003,1,False,nodal_b
N010175,OPP004875,P001,0,False,nodal_a
N010176,OPP004876,P024,0,False,html_ish
N010177,OPP004876,P005,1,True,nodal_a
N010178,OPP004876,P094,2,False,plain
N010179,OPP004877,P005,0,False,nodal_a
N010180,OPP004878,P209,0,False,terse
N010181,OPP004878,P001,1,False,nodal_a
N010182,OPP004878,P153,2,True,terse
N010183,OPP004879,P002,0,False,nodal_a
N010184,OPP004880,P246,0,False,plain
N010185,OPP004880,P006,1,True,nodal_b
N010186,OPP004881,P003,0,False,nodal_b
N010187,OPP004882,P094,0,False,plain
N010188,OPP004882,P001,1,False,nodal_a
N010189,OPP004882,P240,2,False,shouty
N010190,OPP004883,P094,0,False,plain
N010191,OPP004884,P094,0,False,plain
N010192,OPP004885,P041,0,False,html_ish
N010193,OPP004886,P240,0,False,shouty
N010194,OPP004887,P026,0,False,municipal
N010195,OPP004887,P006,1,True,nodal_b
N010196,OPP004887,P223,2,True,plain
N010197,OPP004888,P102,0,False,plain
N010198,OPP004889,P005,0,False,nodal_a
N010199,OPP004889,P094,1,False,plain
N010200,OPP004890,P001,0,False,nodal_a
N010201,OPP004890,P044,1,True,plain
N010202,OPP004891,P002,0,False,nodal_a
N010203,OPP004892,P129,0,False,municipal
N010204,OPP004893,P094,0,False,plain
N010205,OPP004894,P240,0,False,shouty
N010206,OPP004895,P121,0,False,plain
N010207,OPP004896,P006,0,False,nodal_b
N010208,OPP004897,P084,0,False,terse
N010209,OPP004898,P004,0,False,nodal_b
N010210,OPP004899,P005,0,False,nodal_a
N010211,OPP004900,P002,0,False,nodal_a
N010212,OPP004900,P003,1,True,nodal_b
N010213,OPP004900,P006,2,True,nodal_b
N010214,OPP004900,P005,3,True,nodal_a
N010215,OPP004900,P001,4,False,nodal_a
N010216,OPP004900,P240,5,True,shouty
N010217,OPP004901,P240,0,False,shouty
N010218,OPP004902,P036,0,False,html_ish
N010219,OPP004903,P002,0,False,nodal_a
N010220,OPP004904,P088,0,False,plain
N010221,OPP004905,P003,0,False,nodal_b
N010222,OPP004906,P097,0,False,html_ish
N010223,OPP004907,P004,0,False,nodal_b
N010224,OPP004908,P004,0,False,nodal_b
N010225,OPP004909,P198,0,False,html_ish
N010226,OPP004910,P004,0,False,nodal_b
N010227,OPP004910,P094,1,True,plain
N010228,OPP004911,P006,0,False,nodal_b
N010229,OPP004911,P044,1,False,plain
N010230,OPP004911,P221,2,True,terse
N010231,OPP004911,P001,3,False,nodal_a
N010232,OPP004911,P003,4,False,nodal_b
N010233,OPP004912,P232,0,False,plain
N010234,OPP004913,P094,0,False,plain
N010235,OPP004914,P005,0,False,nodal_a
N010236,OPP004915,P020,0,False,plain
N010237,OPP004915,P005,1,False,nodal_a
N010238,OPP004916,P094,0,False,plain
N010239,OPP004916,P141,1,False,municipal
N010240,OPP004917,P006,0,False,nodal_b
N010241,OPP004918,P124,0,False,plain
N010242,OPP004918,P094,1,False,plain
N010243,OPP004918,P005,2,False,nodal_a
N010244,OPP004919,P120,0,False,legacy
N010245,OPP004919,P005,1,True,nodal_a
N010246,OPP004919,P081,2,False,municipal
N010247,OPP004919,P227,3,True,plain
N010248,OPP004920,P188,0,False,plain
N010249,OPP004921,P005,0,False,nodal_a
N010250,OPP004922,P181,0,False,plain
N010251,OPP004923,P035,0,False,plain
N010252,OPP004923,P038,1,False,plain
N010253,OPP004924,P005,0,False,nodal_a
N010254,OPP004925,P094,0,False,plain
N010255,OPP004926,P094,0,False,plain
N010256,OPP004926,P020,1,False,plain
N010257,OPP004926,P001,2,False,nodal_a
N010258,OPP004926,P221,3,False,terse
N010259,OPP004927,P005,0,False,nodal_a
N010260,OPP004928,P005,0,False,nodal_a
N010261,OPP004929,P001,0,False,nodal_a
N010262,OPP004929,P003,1,False,nodal_b
N010263,OPP004929,P044,2,False,plain
N010264,OPP004930,P021,0,False,municipal
N010265,OPP004931,P056,0,False,html_ish
N010266,OPP004932,P005,0,False,nodal_a
N010267,OPP004933,P006,0,False,nodal_b
N010268,OPP004934,P002,0,False,nodal_a
N010269,OPP004934,P013,1,False,terse
N010270,OPP004934,P044,2,False,plain
N010271,OPP004934,P094,3,False,plain
N010272,OPP004935,P001,0,False,nodal_a
N010273,OPP004936,P094,0,False,plain
N010274,OPP004937,P256,0,False,legacy
N010275,OPP004938,P006,0,False,nodal_b
N010276,OPP004938,P146,1,True,html_ish
N010277,OPP004938,P139,2,False,plain
N010278,OPP004938,P039,3,False,plain
N010279,OPP004939,P238,0,False,plain
N010280,OPP004939,P042,1,True,plain
N010281,OPP004940,P240,0,False,shouty
N010282,OPP004940,P004,1,False,nodal_b
N010283,OPP004940,P097,2,False,html_ish
N010284,OPP004941,P001,0,False,nodal_a
N010285,OPP004941,P069,1,False,html_ish
N010286,OPP004941,P005,2,False,nodal_a
N010287,OPP004941,P236,3,False,plain
N010288,OPP004942,P077,0,False,plain
N010289,OPP004943,P004,0,False,nodal_b
N010290,OPP004943,P003,1,False,nodal_b
N010291,OPP004944,P005,0,False,nodal_a
N010292,OPP004945,P094,0,False,plain
N010293,OPP004946,P135,0,False,html_ish
N010294,OPP004947,P094,0,False,plain
N010295,OPP004947,P003,1,False,nodal_b
N010296,OPP004947,P240,2,False,shouty
N010297,OPP004947,P004,3,False,nodal_b
N010298,OPP004947,P002,4,False,nodal_a
N010299,OPP004947,P020,5,False,plain
N010300,OPP004947,P122,6,False,shouty
N010301,OPP004947,P005,7,True,nodal_a
N010302,OPP004948,P005,0,False,nodal_a
N010303,OPP004949,P002,0,False,nodal_a
N010304,OPP004950,P003,0,False,nodal_b
N010305,OPP004951,P094,0,False,plain
N010306,OPP004952,P006,0,False,nodal_b
N010307,OPP004953,P005,0,False,nodal_a
N010308,OPP004953,P003,1,True,nodal_b
N010309,OPP004954,P004,0,False,nodal_b
N010310,OPP004954,P013,1,False,terse
N010311,OPP004955,P005,0,False,nodal_a
N010312,OPP004955,P001,1,False,nodal_a
N010313,OPP004956,P004,0,False,nodal_b
N010314,OPP004956,P001,1,False,nodal_a
N010315,OPP004956,P140,2,True,terse
N010316,OPP004956,P094,3,True,plain
N010317,OPP004957,P021,0,False,municipal
N010318,OPP004957,P243,1,True,municipal
N010319,OPP004957,P112,2,False,shouty
N010320,OPP004958,P221,0,False,terse
N010321,OPP004958,P001,1,True,nodal_a
N010322,OPP004958,P116,2,False,shouty
N010323,OPP004959,P006,0,False,nodal_b
N010324,OPP004960,P132,0,False,plain
N010325,OPP004961,P094,0,False,plain
N010326,OPP004961,P168,1,True,municipal
N010327,OPP004961,P005,2,False,nodal_a
N010328,OPP004961,P001,3,True,nodal_a
N010329,OPP004961,P227,4,True,plain
N010330,OPP004962,P005,0,False,nodal_a
N010331,OPP004963,P005,0,False,nodal_a
N010332,OPP004964,P094,0,False,plain
N010333,OPP004964,P013,1,True,terse
N010334,OPP004964,P229,2,True,html_ish
N010335,OPP004965,P002,0,False,nodal_a
N010336,OPP004966,P255,0,False,shouty
N010337,OPP004966,P094,1,False,plain
N010338,OPP004966,P089,2,False,html_ish
N010339,OPP004966,P002,3,False,nodal_a
N010340,OPP004967,P002,0,False,nodal_a
N010341,OPP004967,P196,1,False,html_ish
N010342,OPP004967,P005,2,True,nodal_a
N010343,OPP004968,P098,0,False,municipal
N010344,OPP004969,P003,0,False,nodal_b
N010345,OPP004970,P006,0,False,nodal_b
N010346,OPP004971,P003,0,False,nodal_b
N010347,OPP004971,P113,1,False,plain
N010348,OPP004972,P001,0,False,nodal_a
N010349,OPP004973,P086,0,False,municipal
N010350,OPP004973,P009,1,True,shouty
N010351,OPP004973,P006,2,False,nodal_b
N010352,OPP004973,P253,3,True,html_ish
N010353,OPP004973,P002,4,False,nodal_a
N010354,OPP004973,P094,5,False,plain
N010355,OPP004974,P147,0,False,municipal
N010356,OPP004974,P235,1,False,municipal
N010357,OPP004974,P001,2,False,nodal_a
N010358,OPP004974,P020,3,True,plain
N010359,OPP004974,P260,4,True,plain
N010360,OPP004974,P002,5,False,nodal_a
N010361,OPP004974,P255,6,True,shouty
N010362,OPP004975,P002,0,False,nodal_a
N010363,OPP004975,P240,1,False,shouty
N010364,OPP004975,P005,2,False,nodal_a
N010365,OPP004976,P094,0,False,plain
N010366,OPP004977,P141,0,False,municipal
N010367,OPP004977,P216,1,True,html_ish
N010368,OPP004977,P094,2,False,plain
N010369,OPP004978,P094,0,False,plain
N010370,OPP004979,P213,0,False,municipal
N010371,OPP004979,P219,1,False,plain
N010372,OPP004979,P005,2,False,nodal_a
N010373,OPP004979,P240,3,True,shouty
N010374,OPP004980,P001,0,False,nodal_a
N010375,OPP004980,P176,1,True,plain
N010376,OPP004981,P044,0,False,plain
N010377,OPP004981,P005,1,True,nodal_a
N010378,OPP004981,P059,2,False,municipal
N010379,OPP004982,P117,0,False,terse
N010380,OPP004982,P211,1,False,shouty
N010381,OPP004982,P044,2,False,plain
N010382,OPP004983,P075,0,False,plain
N010383,OPP004984,P004,0,False,nodal_b
N010384,OPP004984,P134,1,False,plain
N010385,OPP004984,P221,2,True,terse
N010386,OPP004984,P057,3,False,municipal
N010387,OPP004984,P001,4,True,nodal_a
N010388,OPP004985,P001,0,False,nodal_a
N010389,OPP004986,P240,0,False,shouty
N010390,OPP004986,P006,1,False,nodal_b
N010391,OPP004986,P044,2,True,plain
N010392,OPP004987,P002,0,False,nodal_a
N010393,OPP004988,P020,0,False,plain
N010394,OPP004988,P006,1,False,nodal_b
N010395,OPP004988,P094,2,False,plain
N010396,OPP004989,P053,0,False,municipal
N010397,OPP004990,P094,0,False,plain
N010398,OPP004990,P001,1,True,nodal_a
N010399,OPP004990,P207,2,True,plain
N010400,OPP004990,P002,3,False,nodal_a
N010401,OPP004990,P178,4,False,plain
N010402,OPP004990,P097,5,True,html_ish
N010403,OPP004990,P255,6,True,shouty
N010404,OPP004990,P005,7,True,nodal_a
N010405,OPP004990,P006,8,True,nodal_b
N010406,OPP004991,P136,0,False,html_ish
N010407,OPP004991,P247,1,False,shouty
N010408,OPP004991,P078,2,False,municipal
N010409,OPP004991,P002,3,False,nodal_a
N010410,OPP004992,P002,0,False,nodal_a
N010411,OPP004992,P006,1,True,nodal_b
N010412,OPP004992,P094,2,False,plain
N010413,OPP004993,P001,0,False,nodal_a
N010414,OPP004994,P139,0,False,plain
N010415,OPP004995,P232,0,False,plain
N010416,OPP004995,P001,1,False,nodal_a
N010417,OPP004995,P002,2,True,nodal_a
N010418,OPP004995,P240,3,False,shouty
N010419,OPP004995,P193,4,False,shouty
N010420,OPP004996,P242,0,False,shouty
N010421,OPP004997,P002,0,False,nodal_a
N010422,OPP004998,P003,0,False,nodal_b
N010423,OPP004998,P240,1,True,shouty
N010424,OPP004998,P004,2,False,nodal_b
N010425,OPP004998,P213,3,True,municipal
N010426,OPP004998,P094,4,False,plain
N010427,OPP004998,P088,5,True,plain
N010428,OPP004998,P044,6,True,plain
N010429,OPP004998,P077,7,True,plain
N010430,OPP004998,P136,8,True,html_ish
N010431,OPP004999,P041,0,False,html_ish
N010432,OPP004999,P141,1,True,municipal
N010433,OPP005000,P021,0,False,municipal
N010434,OPP005001,P120,0,False,legacy
N010435,OPP005002,P094,0,False,plain
N010436,OPP005002,P002,1,True,nodal_a
N010437,OPP005003,P005,0,False,nodal_a
N010438,OPP005004,P013,0,False,terse
N010439,OPP005005,P001,0,False,nodal_a
N010440,OPP005006,P008,0,False,terse
N010441,OPP005006,P001,1,False,nodal_a
N010442,OPP005006,P240,2,True,shouty
N010443,OPP005007,P027,0,False,plain
N010444,OPP005008,P094,0,False,plain
N010445,OPP005009,P031,0,False,shouty
N010446,OPP005010,P163,0,False,municipal
N010447,OPP005010,P240,1,False,shouty
N010448,OPP005010,P006,2,False,nodal_b
N010449,OPP005011,P094,0,False,plain
N010450,OPP005012,P044,0,False,plain
N010451,OPP005013,P006,0,False,nodal_b
N010452,OPP005014,P166,0,False,html_ish
N010453,OPP005014,P240,1,True,shouty
N010454,OPP005014,P146,2,True,html_ish
N010455,OPP005014,P153,3,False,terse
N010456,OPP005015,P094,0,False,plain
N010457,OPP005015,P002,1,False,nodal_a
N010458,OPP005015,P001,2,True,nodal_a
N010459,OPP005016,P006,0,False,nodal_b
N010460,OPP005017,P006,0,False,nodal_b
N010461,OPP005017,P005,1,True,nodal_a
N010462,OPP005018,P094,0,False,plain
N010463,OPP005019,P122,0,False,shouty
N010464,OPP005020,P002,0,False,nodal_a
N010465,OPP005020,P094,1,False,plain
N010466,OPP005020,P020,2,True,plain
N010467,OPP005020,P101,3,False,plain
N010468,OPP005021,P077,0,False,plain
N010469,OPP005021,P044,1,True,plain
N010470,OPP005021,P002,2,True,nodal_a
N010471,OPP005022,P207,0,False,plain
N010472,OPP005023,P003,0,False,nodal_b
N010473,OPP005024,P006,0,False,nodal_b
N010474,OPP005025,P001,0,False,nodal_a
N010475,OPP005026,P006,0,False,nodal_b
N010476,OPP005026,P001,1,False,nodal_a
N010477,OPP005027,P028,0,False,plain
N010478,OPP005028,P004,0,False,nodal_b
N010479,OPP005028,P094,1,False,plain
N010480,OPP005028,P006,2,False,nodal_b
N010481,OPP005028,P075,3,False,plain
N010482,OPP005029,P065,0,False,municipal
N010483,OPP005029,P003,1,False,nodal_b
N010484,OPP005029,P001,2,True,nodal_a
N010485,OPP005029,P004,3,False,nodal_b
N010486,OPP005030,P014,0,False,html_ish
N010487,OPP005031,P189,0,False,plain
N010488,OPP005032,P179,0,False,html_ish
N010489,OPP005033,P003,0,False,nodal_b
N010490,OPP005033,P006,1,True,nodal_b
N010491,OPP005034,P002,0,False,nodal_a
N010492,OPP005034,P001,1,False,nodal_a
N010493,OPP005035,P031,0,False,shouty
N010494,OPP005035,P112,1,True,shouty
N010495,OPP005035,P005,2,True,nodal_a
N010496,OPP005036,P094,0,False,plain
N010497,OPP005036,P002,1,True,nodal_a
N010498,OPP005036,P107,2,True,terse
N010499,OPP005036,P006,3,False,nodal_b
N010500,OPP005036,P240,4,False,shouty
N010501,OPP005036,P020,5,True,plain
N010502,OPP005037,P003,0,False,nodal_b
N010503,OPP005037,P240,1,False,shouty
N010504,OPP005037,P235,2,False,municipal
N010505,OPP005037,P005,3,True,nodal_a
N010506,OPP005038,P058,0,False,municipal
N010507,OPP005038,P002,1,True,nodal_a
N010508,OPP005039,P189,0,False,plain
N010509,OPP005039,P006,1,False,nodal_b
N010510,OPP005040,P051,0,False,html_ish
N010511,OPP005041,P020,0,False,plain
N010512,OPP005041,P094,1,False,plain
N010513,OPP005041,P001,2,False,nodal_a
N010514,OPP005041,P002,3,True,nodal_a
N010515,OPP005042,P088,0,False,plain
N010516,OPP005043,P006,0,False,nodal_b
N010517,OPP005044,P094,0,False,plain
N010518,OPP005044,P002,1,False,nodal_a
N010519,OPP005044,P142,2,False,terse
N010520,OPP005045,P005,0,False,nodal_a
N010521,OPP005045,P051,1,True,html_ish
N010522,OPP005046,P003,0,False,nodal_b
N010523,OPP005047,P094,0,False,plain
N010524,OPP005048,P257,0,False,html_ish
N010525,OPP005049,P094,0,False,plain
N010526,OPP005049,P225,1,False,municipal
N010527,OPP005049,P232,2,False,plain
N010528,OPP005050,P146,0,False,html_ish
N010529,OPP005050,P129,1,True,municipal
N010530,OPP005050,P002,2,False,nodal_a
N010531,OPP005050,P004,3,False,nodal_b
N010532,OPP005051,P244,0,False,terse
N010533,OPP005052,P094,0,False,plain
N010534,OPP005053,P073,0,False,shouty
N010535,OPP005054,P005,0,False,nodal_a
N010536,OPP005055,P215,0,False,plain
N010537,OPP005055,P227,1,False,plain
N010538,OPP005055,P005,2,True,nodal_a
N010539,OPP005056,P002,0,False,nodal_a
N010540,OPP005056,P109,1,False,plain
N010541,OPP005056,P161,2,False,municipal
N010542,OPP005056,P259,3,False,municipal
N010543,OPP005056,P087,4,False,plain
N010544,OPP005056,P104,5,True,plain
N010545,OPP005057,P181,0,False,plain
N010546,OPP005058,P195,0,False,html_ish
N010547,OPP005058,P003,1,True,nodal_b
N010548,OPP005058,P227,2,True,plain
N010549,OPP005058,P136,3,False,html_ish
N010550,OPP005058,P005,4,True,nodal_a
N010551,OPP005058,P094,5,True,plain
N010552,OPP005059,P189,0,False,plain
N010553,OPP005059,P094,1,False,plain
N010554,OPP005060,P021,0,False,municipal
N010555,OPP005061,P006,0,False,nodal_b
N010556,OPP005062,P003,0,False,nodal_b
N010557,OPP005063,P181,0,False,plain
N010558,OPP005064,P020,0,False,plain
N010559,OPP005064,P094,1,False,plain
N010560,OPP005064,P006,2,False,nodal_b
N010561,OPP005064,P004,3,False,nodal_b
N010562,OPP005064,P122,4,True,shouty
N010563,OPP005065,P005,0,False,nodal_a
N010564,OPP005065,P002,1,False,nodal_a
N010565,OPP005065,P094,2,True,plain
N010566,OPP005065,P138,3,True,legacy
N010567,OPP005065,P115,4,False,plain
N010568,OPP005066,P020,0,False,plain
N010569,OPP005066,P006,1,False,nodal_b
N010570,OPP005067,P001,0,False,nodal_a
N010571,OPP005068,P001,0,False,nodal_a
N010572,OPP005069,P069,0,False,html_ish
N010573,OPP005070,P241,0,False,plain
N010574,OPP005070,P002,1,False,nodal_a
N010575,OPP005070,P024,2,False,html_ish
N010576,OPP005071,P094,0,False,plain
N010577,OPP005071,P217,1,False,plain
N010578,OPP005072,P039,0,False,plain
N010579,OPP005073,P005,0,False,nodal_a
N010580,OPP005073,P004,1,False,nodal_b
N010581,OPP005073,P002,2,False,nodal_a
N010582,OPP005073,P094,3,False,plain
N010583,OPP005074,P006,0,False,nodal_b
N010584,OPP005075,P096,0,False,html_ish
N010585,OPP005076,P004,0,False,nodal_b
N010586,OPP005076,P258,1,False,html_ish
N010587,OPP005076,P240,2,False,shouty
N010588,OPP005077,P012,0,False,plain
N010589,OPP005078,P044,0,False,plain
N010590,OPP005078,P006,1,False,nodal_b
N010591,OPP005079,P120,0,False,legacy
N010592,OPP005080,P004,0,False,nodal_b
N010593,OPP005081,P219,0,False,plain
N010594,OPP005082,P094,0,False,plain
N010595,OPP005083,P002,0,False,nodal_a
N010596,OPP005084,P165,0,False,plain
N010597,OPP005085,P001,0,False,nodal_a
N010598,OPP005085,P006,1,False,nodal_b
N010599,OPP005085,P203,2,True,municipal
N010600,OPP005085,P227,3,False,plain
N010601,OPP005086,P094,0,False,plain
N010602,OPP005087,P091,0,False,municipal
N010603,OPP005088,P006,0,False,nodal_b
N010604,OPP005089,P003,0,False,nodal_b
N010605,OPP005090,P247,0,False,shouty
N010606,OPP005091,P094,0,False,plain
N010607,OPP005092,P005,0,False,nodal_a
N010608,OPP005093,P200,0,False,plain
N010609,OPP005094,P005,0,False,nodal_a
N010610,OPP005095,P163,0,False,municipal
N010611,OPP005095,P064,1,False,plain
N010612,OPP005096,P094,0,False,plain
N010613,OPP005096,P031,1,False,shouty
N010614,OPP005096,P001,2,False,nodal_a
N010615,OPP005096,P020,3,False,plain
N010616,OPP005097,P098,0,False,municipal
N010617,OPP005098,P094,0,False,plain
N010618,OPP005099,P001,0,False,nodal_a
N010619,OPP005100,P001,0,False,nodal_a
N010620,OPP005101,P065,0,False,municipal
N010621,OPP005101,P094,1,True,plain
N010622,OPP005102,P094,0,False,plain
N010623,OPP005103,P195,0,False,html_ish
N010624,OPP005103,P094,1,True,plain
N010625,OPP005103,P014,2,False,html_ish
N010626,OPP005104,P047,0,False,municipal
N010627,OPP005104,P254,1,True,terse
N010628,OPP005104,P003,2,True,nodal_b
N010629,OPP005104,P006,3,False,nodal_b
N010630,OPP005104,P244,4,False,terse
N010631,OPP005104,P028,5,True,plain
N010632,OPP005105,P255,0,False,shouty
N010633,OPP005105,P020,1,False,plain
N010634,OPP005105,P005,2,True,nodal_a
N010635,OPP005105,P002,3,True,nodal_a
N010636,OPP005105,P250,4,True,html_ish
N010637,OPP005106,P006,0,False,nodal_b
N010638,OPP005107,P003,0,False,nodal_b
N010639,OPP005107,P001,1,False,nodal_a
N010640,OPP005107,P046,2,False,terse
N010641,OPP005107,P094,3,False,plain
N010642,OPP005107,P120,4,False,legacy
N010643,OPP005107,P002,5,False,nodal_a
N010644,OPP005107,P221,6,False,terse
N010645,OPP005107,P117,7,False,terse
N010646,OPP005107,P255,8,False,shouty
N010647,OPP005108,P003,0,False,nodal_b
N010648,OPP005109,P044,0,False,plain
N010649,OPP005110,P073,0,False,shouty
N010650,OPP005111,P002,0,False,nodal_a
N010651,OPP005111,P001,1,True,nodal_a
N010652,OPP005111,P160,2,False,html_ish
N010653,OPP005111,P094,3,True,plain
N010654,OPP005111,P003,4,False,nodal_b
N010655,OPP005112,P003,0,False,nodal_b
N010656,OPP005112,P006,1,False,nodal_b
N010657,OPP005112,P002,2,False,nodal_a
N010658,OPP005113,P013,0,False,terse
N010659,OPP005114,P136,0,False,html_ish
N010660,OPP005114,P129,1,True,municipal
N010661,OPP005115,P004,0,False,nodal_b
N010662,OPP005116,P071,0,False,html_ish
N010663,OPP005116,P094,1,False,plain
N010664,OPP005116,P043,2,True,plain
N010665,OPP005116,P127,3,False,shouty
N010666,OPP005116,P006,4,False,nodal_b
N010667,OPP005116,P081,5,False,municipal
N010668,OPP005116,P240,6,True,shouty
N010669,OPP005117,P094,0,False,plain
N010670,OPP005118,P146,0,False,html_ish
N010671,OPP005118,P094,1,True,plain
N010672,OPP005118,P006,2,True,nodal_b
N010673,OPP005118,P088,3,False,plain
N010674,OPP005118,P004,4,False,nodal_b
N010675,OPP005119,P020,0,False,plain
N010676,OPP005119,P094,1,False,plain
N010677,OPP005119,P146,2,False,html_ish
N010678,OPP005119,P004,3,False,nodal_b
N010679,OPP005119,P167,4,False,municipal
N010680,OPP005119,P005,5,False,nodal_a
N010681,OPP005119,P175,6,True,plain
N010682,OPP005120,P255,0,False,shouty
N010683,OPP005120,P112,1,True,shouty
N010684,OPP005120,P069,2,False,html_ish
N010685,OPP005120,P013,3,True,terse
N010686,OPP005121,P005,0,False,nodal_a
N010687,OPP005122,P005,0,False,nodal_a
N010688,OPP005123,P204,0,False,plain
N010689,OPP005124,P006,0,False,nodal_b
N010690,OPP005124,P094,1,True,plain
N010691,OPP005125,P020,0,False,plain
N010692,OPP005125,P002,1,False,nodal_a
N010693,OPP005125,P003,2,False,nodal_b
N010694,OPP005125,P015,3,True,terse
N010695,OPP005125,P005,4,True,nodal_a
N010696,OPP005125,P094,5,False,plain
N010697,OPP005126,P254,0,False,terse
N010698,OPP005127,P237,0,False,municipal
N010699,OPP005128,P004,0,False,nodal_b
N010700,OPP005128,P073,1,True,shouty
N010701,OPP005129,P189,0,False,plain
N010702,OPP005129,P020,1,True,plain
N010703,OPP005130,P058,0,False,municipal
N010704,OPP005130,P122,1,False,shouty
N010705,OPP005130,P031,2,False,shouty
N010706,OPP005130,P094,3,True,plain
N010707,OPP005131,P061,0,False,html_ish
N010708,OPP005132,P002,0,False,nodal_a
N010709,OPP005133,P060,0,False,plain
N010710,OPP005134,P004,0,False,nodal_b
N010711,OPP005135,P224,0,False,municipal
N010712,OPP005136,P002,0,False,nodal_a
N010713,OPP005136,P094,1,True,plain
N010714,OPP005137,P004,0,False,nodal_b
N010715,OPP005138,P004,0,False,nodal_b
N010716,OPP005139,P094,0,False,plain
N010717,OPP005140,P004,0,False,nodal_b
N010718,OPP005141,P004,0,False,nodal_b
N010719,OPP005141,P227,1,False,plain
N010720,OPP005141,P006,2,True,nodal_b
N010721,OPP005142,P215,0,False,plain
N010722,OPP005143,P227,0,False,plain
N010723,OPP005144,P004,0,False,nodal_b
N010724,OPP005145,P199,0,False,plain
N010725,OPP005146,P001,0,False,nodal_a
N010726,OPP005147,P112,0,False,shouty
N010727,OPP005147,P056,1,False,html_ish
N010728,OPP005147,P136,2,False,html_ish
N010729,OPP005147,P094,3,False,plain
N010730,OPP005147,P006,4,True,nodal_b
N010731,OPP005147,P194,5,True,municipal
N010732,OPP005148,P006,0,False,nodal_b
N010733,OPP005149,P244,0,False,terse
N010734,OPP005149,P232,1,True,plain
N010735,OPP005150,P094,0,False,plain
N010736,OPP005151,P100,0,False,plain
N010737,OPP005151,P094,1,True,plain
N010738,OPP005152,P181,0,False,plain
N010739,OPP005153,P094,0,False,plain
N010740,OPP005154,P086,0,False,municipal
N010741,OPP005154,P094,1,False,plain
N010742,OPP005155,P131,0,False,legacy
N010743,OPP005155,P240,1,True,shouty
N010744,OPP005156,P004,0,False,nodal_b
N010745,OPP005157,P002,0,False,nodal_a
N010746,OPP005158,P005,0,False,nodal_a
N010747,OPP005158,P146,1,False,html_ish
N010748,OPP005158,P140,2,False,terse
N010749,OPP005158,P094,3,False,plain
N010750,OPP005158,P181,4,False,plain
N010751,OPP005158,P044,5,True,plain
N010752,OPP005158,P127,6,True,shouty
N010753,OPP005158,P001,7,True,nodal_a
N010754,OPP005159,P004,0,False,nodal_b
N010755,OPP005160,P240,0,False,shouty
N010756,OPP005161,P071,0,False,html_ish
N010757,OPP005162,P020,0,False,plain
N010758,OPP005163,P001,0,False,nodal_a
N010759,OPP005164,P003,0,False,nodal_b
N010760,OPP005165,P005,0,False,nodal_a
N010761,OPP005166,P073,0,False,shouty
N010762,OPP005166,P200,1,True,plain
N010763,OPP005166,P095,2,True,html_ish
N010764,OPP005166,P004,3,True,nodal_b
N010765,OPP005166,P021,4,False,municipal
N010766,OPP005166,P053,5,True,municipal
N010767,OPP005166,P094,6,False,plain
N010768,OPP005167,P001,0,False,nodal_a
N010769,OPP005167,P003,1,False,nodal_b
N010770,OPP005168,P094,0,False,plain
N010771,OPP005169,P155,0,False,municipal
N010772,OPP005170,P166,0,False,html_ish
N010773,OPP005171,P240,0,False,shouty
N010774,OPP005172,P073,0,False,shouty
N010775,OPP005172,P094,1,False,plain
N010776,OPP005172,P006,2,True,nodal_b
N010777,OPP005172,P215,3,False,plain
N010778,OPP005172,P001,4,True,nodal_a
N010779,OPP005172,P096,5,False,html_ish
N010780,OPP005172,P131,6,True,legacy
N010781,OPP005173,P181,0,False,plain
N010782,OPP005174,P096,0,False,html_ish
N010783,OPP005175,P020,0,False,plain
N010784,OPP005176,P004,0,False,nodal_b
N010785,OPP005177,P094,0,False,plain
N010786,OPP005177,P005,1,False,nodal_a
N010787,OPP005177,P002,2,False,nodal_a
N010788,OPP005177,P148,3,False,html_ish
N010789,OPP005177,P161,4,False,municipal
N010790,OPP005178,P094,0,False,plain
N010791,OPP005179,P094,0,False,plain
N010792,OPP005180,P002,0,False,nodal_a
N010793,OPP005180,P042,1,False,plain
N010794,OPP005180,P100,2,False,plain
N010795,OPP005180,P214,3,False,plain
N010796,OPP005180,P240,4,False,shouty
N010797,OPP005181,P013,0,False,terse
N010798,OPP005181,P002,1,True,nodal_a
N010799,OPP005181,P020,2,True,plain
N010800,OPP005181,P057,3,False,municipal
N010801,OPP005181,P180,4,False,legacy
N010802,OPP005181,P001,5,True,nodal_a
N010803,OPP005181,P069,6,False,html_ish
N010804,OPP005181,P044,7,True,plain
N010805,OPP005182,P094,0,False,plain
N010806,OPP005183,P222,0,False,plain
N010807,OPP005184,P003,0,False,nodal_b
N010808,OPP005185,P238,0,False,plain
N010809,OPP005186,P183,0,False,municipal
N010810,OPP005186,P180,1,False,legacy
N010811,OPP005187,P246,0,False,plain
N010812,OPP005188,P240,0,False,shouty
N010813,OPP005189,P001,0,False,nodal_a
N010814,OPP005189,P006,1,True,nodal_b
N010815,OPP005190,P183,0,False,municipal
N010816,OPP005190,P094,1,True,plain
N010817,OPP005190,P005,2,True,nodal_a
N010818,OPP005190,P003,3,False,nodal_b
N010819,OPP005191,P002,0,False,nodal_a
N010820,OPP005192,P044,0,False,plain
N010821,OPP005192,P003,1,False,nodal_b
N010822,OPP005192,P091,2,False,municipal
N010823,OPP005193,P004,0,False,nodal_b
N010824,OPP005194,P211,0,False,shouty
N010825,OPP005195,P215,0,False,plain
N010826,OPP005195,P006,1,True,nodal_b
N010827,OPP005196,P137,0,False,html_ish
N010828,OPP005197,P175,0,False,plain
N010829,OPP005198,P006,0,False,nodal_b
N010830,OPP005198,P036,1,False,html_ish
N010831,OPP005199,P004,0,False,nodal_b
N010832,OPP005200,P218,0,False,legacy
N010833,OPP005201,P005,0,False,nodal_a
N010834,OPP005201,P046,1,False,terse
N010835,OPP005201,P088,2,False,plain
N010836,OPP005201,P020,3,False,plain
N010837,OPP005202,P006,0,False,nodal_b
N010838,OPP005202,P240,1,False,shouty
N010839,OPP005202,P117,2,True,terse
N010840,OPP005202,P035,3,False,plain
N010841,OPP005202,P106,4,False,plain
N010842,OPP005202,P002,5,True,nodal_a
N010843,OPP005203,P097,0,False,html_ish
N010844,OPP005204,P096,0,False,html_ish
N010845,OPP005204,P005,1,True,nodal_a
N010846,OPP005205,P222,0,False,plain
N010847,OPP005205,P120,1,True,legacy
N010848,OPP005206,P240,0,False,shouty
N010849,OPP005207,P020,0,False,plain
N010850,OPP005208,P003,0,False,nodal_b
N010851,OPP005209,P219,0,False,plain
N010852,OPP005209,P046,1,True,terse
N010853,OPP005209,P006,2,False,nodal_b
N010854,OPP005209,P088,3,True,plain
N010855,OPP005209,P003,4,False,nodal_b
N010856,OPP005209,P094,5,False,plain
N010857,OPP005209,P004,6,False,nodal_b
N010858,OPP005210,P003,0,False,nodal_b
N010859,OPP005211,P094,0,False,plain
N010860,OPP005212,P044,0,False,plain
N010861,OPP005212,P236,1,False,plain
N010862,OPP005212,P202,2,True,legacy
N010863,OPP005213,P202,0,False,legacy
N010864,OPP005214,P240,0,False,shouty
N010865,OPP005214,P227,1,True,plain
N010866,OPP005215,P004,0,False,nodal_b
N010867,OPP005215,P077,1,True,plain
N010868,OPP005215,P181,2,False,plain
N010869,OPP005216,P200,0,False,plain
N010870,OPP005217,P003,0,False,nodal_b
N010871,OPP005217,P245,1,True,terse
N010872,OPP005217,P094,2,False,plain
N010873,OPP005218,P005,0,False,nodal_a
N010874,OPP005218,P094,1,True,plain
N010875,OPP005218,P091,2,True,municipal
N010876,OPP005219,P003,0,False,nodal_b
N010877,OPP005220,P238,0,False,plain
N010878,OPP005221,P001,0,False,nodal_a
N010879,OPP005222,P167,0,False,municipal
N010880,OPP005223,P003,0,False,nodal_b
N010881,OPP005223,P004,1,False,nodal_b
N010882,OPP005224,P259,0,False,municipal
N010883,OPP005225,P001,0,False,nodal_a
N010884,OPP005225,P004,1,False,nodal_b
N010885,OPP005225,P003,2,False,nodal_b
N010886,OPP005225,P002,3,True,nodal_a
N010887,OPP005225,P088,4,True,plain
N010888,OPP005225,P006,5,False,nodal_b
N010889,OPP005226,P129,0,False,municipal
N010890,OPP005227,P003,0,False,nodal_b
N010891,OPP005228,P005,0,False,nodal_a
N010892,OPP005228,P094,1,True,plain
N010893,OPP005228,P153,2,True,terse
N010894,OPP005229,P020,0,False,plain
N010895,OPP005230,P006,0,False,nodal_b
N010896,OPP005230,P003,1,True,nodal_b
N010897,OPP005230,P094,2,False,plain
N010898,OPP005230,P044,3,False,plain
N010899,OPP005230,P227,4,False,plain
N010900,OPP005230,P020,5,False,plain
N010901,OPP005231,P106,0,False,plain
N010902,OPP005232,P006,0,False,nodal_b
N010903,OPP005233,P042,0,False,plain
N010904,OPP005233,P005,1,True,nodal_a
N010905,OPP005233,P001,2,False,nodal_a
N010906,OPP005233,P003,3,False,nodal_b
N010907,OPP005234,P020,0,False,plain
N010908,OPP005234,P006,1,True,nodal_b
N010909,OPP005235,P003,0,False,nodal_b
N010910,OPP005235,P034,1,False,shouty
N010911,OPP005236,P215,0,False,plain
N010912,OPP005236,P005,1,False,nodal_a
N010913,OPP005237,P002,0,False,nodal_a
N010914,OPP005238,P240,0,False,shouty
N010915,OPP005239,P005,0,False,nodal_a
N010916,OPP005239,P006,1,True,nodal_b
N010917,OPP005239,P002,2,True,nodal_a
N010918,OPP005239,P186,3,True,html_ish
N010919,OPP005240,P004,0,False,nodal_b
N010920,OPP005240,P167,1,False,municipal
N010921,OPP005241,P067,0,False,plain
N010922,OPP005242,P191,0,False,plain
N010923,OPP005243,P170,0,False,plain
N010924,OPP005244,P258,0,False,html_ish
N010925,OPP005244,P181,1,True,plain
N010926,OPP005244,P003,2,False,nodal_b
N010927,OPP005244,P120,3,True,legacy
N010928,OPP005245,P095,0,False,html_ish
N010929,OPP005246,P235,0,False,municipal
N010930,OPP005246,P202,1,True,legacy
N010931,OPP005246,P120,2,True,legacy
N010932,OPP005246,P089,3,False,html_ish
N010933,OPP005246,P061,4,True,html_ish
N010934,OPP005246,P003,5,True,nodal_b
N010935,OPP005246,P002,6,False,nodal_a
N010936,OPP005247,P167,0,False,municipal
N010937,OPP005248,P005,0,False,nodal_a
N010938,OPP005249,P094,0,False,plain
N010939,OPP005250,P020,0,False,plain
N010940,OPP005251,P020,0,False,plain
N010941,OPP005252,P026,0,False,municipal
N010942,OPP005252,P051,1,True,html_ish
N010943,OPP005253,P005,0,False,nodal_a
N010944,OPP005254,P073,0,False,shouty
N010945,OPP005254,P250,1,True,html_ish
N010946,OPP005255,P214,0,False,plain
N010947,OPP005256,P046,0,False,terse
N010948,OPP005257,P229,0,False,html_ish
N010949,OPP005257,P215,1,True,plain
N010950,OPP005258,P181,0,False,plain
N010951,OPP005259,P199,0,False,plain
N010952,OPP005259,P005,1,False,nodal_a
N010953,OPP005259,P230,2,False,municipal
N010954,OPP005259,P094,3,False,plain
N010955,OPP005260,P001,0,False,nodal_a
N010956,OPP005260,P094,1,True,plain
N010957,OPP005260,P240,2,True,shouty
N010958,OPP005261,P031,0,False,shouty
N010959,OPP005262,P088,0,False,plain
N010960,OPP005263,P215,0,False,plain
N010961,OPP005264,P240,0,False,shouty
N010962,OPP005265,P216,0,False,html_ish
N010963,OPP005266,P095,0,False,html_ish
N010964,OPP005266,P094,1,False,plain
N010965,OPP005266,P004,2,True,nodal_b
N010966,OPP005266,P148,3,False,html_ish
N010967,OPP005266,P003,4,False,nodal_b
N010968,OPP005267,P094,0,False,plain
N010969,OPP005268,P232,0,False,plain
N010970,OPP005268,P094,1,False,plain
N010971,OPP005269,P006,0,False,nodal_b
N010972,OPP005270,P006,0,False,nodal_b
N010973,OPP005270,P198,1,False,html_ish
N010974,OPP005270,P240,2,False,shouty
N010975,OPP005270,P031,3,True,shouty
N010976,OPP005271,P248,0,False,legacy
N010977,OPP005272,P240,0,False,shouty
N010978,OPP005273,P227,0,False,plain
N010979,OPP005274,P001,0,False,nodal_a
N010980,OPP005275,P005,0,False,nodal_a
N010981,OPP005275,P094,1,False,plain
N010982,OPP005276,P005,0,False,nodal_a
N010983,OPP005276,P094,1,False,plain
N010984,OPP005276,P020,2,False,plain
N010985,OPP005276,P002,3,False,nodal_a
N010986,OPP005276,P001,4,False,nodal_a
N010987,OPP005277,P094,0,False,plain
N010988,OPP005278,P001,0,False,nodal_a
N010989,OPP005279,P022,0,False,terse
N010990,OPP005279,P005,1,False,nodal_a
N010991,OPP005280,P200,0,False,plain
N010992,OPP005281,P004,0,False,nodal_b
N010993,OPP005282,P020,0,False,plain
N010994,OPP005283,P166,0,False,html_ish
N010995,OPP005284,P001,0,False,nodal_a
N010996,OPP005285,P005,0,False,nodal_a
N010997,OPP005286,P015,0,False,terse
N010998,OPP005287,P094,0,False,plain
N010999,OPP005288,P240,0,False,shouty
N011000,OPP005288,P236,1,True,plain
N011001,OPP005288,P004,2,True,nodal_b
N011002,OPP005289,P181,0,False,plain
N011003,OPP005289,P094,1,True,plain
N011004,OPP005290,P094,0,False,plain
N011005,OPP005290,P112,1,True,shouty
N011006,OPP005291,P227,0,False,plain
N011007,OPP005292,P020,0,False,plain
N011008,OPP005293,P002,0,False,nodal_a
N011009,OPP005294,P001,0,False,nodal_a
N011010,OPP005294,P094,1,False,plain
N011011,OPP005295,P005,0,False,nodal_a
N011012,OPP005296,P232,0,False,plain
N011013,OPP005297,P189,0,False,plain
N011014,OPP005298,P002,0,False,nodal_a
N011015,OPP005299,P181,0,False,plain
N011016,OPP005300,P005,0,False,nodal_a
N011017,OPP005301,P001,0,False,nodal_a
N011018,OPP005301,P186,1,False,html_ish
N011019,OPP005301,P004,2,True,nodal_b
N011020,OPP005301,P094,3,True,plain
N011021,OPP005302,P004,0,False,nodal_b
N011022,OPP005303,P020,0,False,plain
N011023,OPP005304,P088,0,False,plain
N011024,OPP005305,P044,0,False,plain
N011025,OPP005306,P094,0,False,plain
N011026,OPP005306,P225,1,False,municipal
N011027,OPP005306,P046,2,True,terse
N011028,OPP005306,P001,3,True,nodal_a
N011029,OPP005307,P001,0,False,nodal_a
N011030,OPP005307,P136,1,False,html_ish
N011031,OPP005308,P215,0,False,plain
N011032,OPP005309,P240,0,False,shouty
N011033,OPP005310,P002,0,False,nodal_a
N011034,OPP005310,P038,1,True,plain
N011035,OPP005310,P001,2,True,nodal_a
N011036,OPP005310,P094,3,True,plain
N011037,OPP005311,P048,0,False,html_ish
N011038,OPP005311,P001,1,False,nodal_a
N011039,OPP005311,P004,2,False,nodal_b
N011040,OPP005311,P013,3,False,terse
N011041,OPP005312,P001,0,False,nodal_a
N011042,OPP005312,P105,1,True,municipal
N011043,OPP005312,P005,2,False,nodal_a
N011044,OPP005312,P216,3,False,html_ish
N011045,OPP005312,P189,4,True,plain
N011046,OPP005312,P044,5,True,plain
N011047,OPP005312,P045,6,True,shouty
N011048,OPP005312,P006,7,False,nodal_b
N011049,OPP005312,P073,8,False,shouty
N011050,OPP005313,P094,0,False,plain
N011051,OPP005313,P189,1,True,plain
N011052,OPP005313,P190,2,True,html_ish
N011053,OPP005314,P006,0,False,nodal_b
N011054,OPP005314,P091,1,True,municipal
N011055,OPP005314,P001,2,True,nodal_a
N011056,OPP005314,P073,3,True,shouty
N011057,OPP005315,P004,0,False,nodal_b
N011058,OPP005316,P147,0,False,municipal
N011059,OPP005317,P094,0,False,plain
N011060,OPP005317,P005,1,True,nodal_a
N011061,OPP005317,P020,2,False,plain
N011062,OPP005318,P002,0,False,nodal_a
N011063,OPP005319,P094,0,False,plain
N011064,OPP005319,P013,1,False,terse
N011065,OPP005319,P181,2,True,plain
N011066,OPP005319,P006,3,True,nodal_b
N011067,OPP005319,P240,4,True,shouty
N011068,OPP005319,P002,5,True,nodal_a
N011069,OPP005320,P240,0,False,shouty
N011070,OPP005321,P094,0,False,plain
N011071,OPP005322,P001,0,False,nodal_a
N011072,OPP005323,P060,0,False,plain
N011073,OPP005323,P006,1,False,nodal_b
N011074,OPP005324,P003,0,False,nodal_b
N011075,OPP005325,P044,0,False,plain
N011076,OPP005325,P001,1,True,nodal_a
N011077,OPP005325,P028,2,True,plain
N011078,OPP005325,P241,3,False,plain
N011079,OPP005325,P002,4,True,nodal_a
N011080,OPP005326,P240,0,False,shouty
N011081,OPP005326,P005,1,False,nodal_a
N011082,OPP005326,P094,2,True,plain
N011083,OPP005326,P002,3,False,nodal_a
N011084,OPP005326,P006,4,True,nodal_b
N011085,OPP005326,P096,5,True,html_ish
N011086,OPP005326,P004,6,True,nodal_b
N011087,OPP005326,P044,7,False,plain
N011088,OPP005326,P013,8,False,terse
N011089,OPP005327,P152,0,False,municipal
N011090,OPP005328,P003,0,False,nodal_b
N011091,OPP005328,P005,1,False,nodal_a
N011092,OPP005329,P006,0,False,nodal_b
N011093,OPP005329,P123,1,True,terse
N011094,OPP005329,P004,2,False,nodal_b
N011095,OPP005329,P182,3,True,plain
N011096,OPP005330,P202,0,False,legacy
N011097,OPP005331,P001,0,False,nodal_a
N011098,OPP005332,P190,0,False,html_ish
N011099,OPP005332,P028,1,False,plain
N011100,OPP005333,P094,0,False,plain
N011101,OPP005334,P082,0,False,plain
N011102,OPP005335,P006,0,False,nodal_b
N011103,OPP005335,P098,1,True,municipal
N011104,OPP005335,P001,2,True,nodal_a
N011105,OPP005335,P005,3,False,nodal_a
N011106,OPP005336,P239,0,False,plain
N011107,OPP005336,P094,1,False,plain
N011108,OPP005336,P002,2,False,nodal_a
N011109,OPP005336,P001,3,False,nodal_a
N011110,OPP005336,P070,4,True,municipal
N011111,OPP005337,P002,0,False,nodal_a
N011112,OPP005338,P002,0,False,nodal_a
N011113,OPP005338,P112,1,True,shouty
N011114,OPP005339,P241,0,False,plain
N011115,OPP005340,P146,0,False,html_ish
N011116,OPP005341,P220,0,False,html_ish
N011117,OPP005341,P044,1,False,plain
N011118,OPP005342,P240,0,False,shouty
N011119,OPP005342,P092,1,True,plain
N011120,OPP005343,P003,0,False,nodal_b
N011121,OPP005343,P238,1,False,plain
N011122,OPP005344,P003,0,False,nodal_b
N011123,OPP005345,P238,0,False,plain
N011124,OPP005346,P094,0,False,plain
N011125,OPP005347,P002,0,False,nodal_a
N011126,OPP005347,P003,1,False,nodal_b
N011127,OPP005347,P004,2,True,nodal_b
N011128,OPP005347,P007,3,True,plain
N011129,OPP005347,P006,4,False,nodal_b
N011130,OPP005348,P006,0,False,nodal_b
N011131,OPP005348,P254,1,False,terse
N011132,OPP005348,P002,2,False,nodal_a
N011133,OPP005349,P004,0,False,nodal_b
N011134,OPP005349,P088,1,False,plain
N011135,OPP005349,P122,2,False,shouty
N011136,OPP005350,P004,0,False,nodal_b
N011137,OPP005351,P200,0,False,plain
N011138,OPP005352,P240,0,False,shouty
N011139,OPP005353,P005,0,False,nodal_a
N011140,OPP005354,P003,0,False,nodal_b
N011141,OPP005354,P094,1,False,plain
N011142,OPP005354,P105,2,False,municipal
N011143,OPP005355,P002,0,False,nodal_a
N011144,OPP005356,P020,0,False,plain
N011145,OPP005356,P157,1,False,legacy
N011146,OPP005356,P001,2,True,nodal_a
N011147,OPP005356,P094,3,True,plain
N011148,OPP005356,P006,4,False,nodal_b
N011149,OPP005356,P147,5,True,municipal
N011150,OPP005356,P073,6,True,shouty
N011151,OPP005356,P005,7,False,nodal_a
N011152,OPP005356,P003,8,False,nodal_b
N011153,OPP005357,P094,0,False,plain
N011154,OPP005358,P005,0,False,nodal_a
N011155,OPP005358,P006,1,True,nodal_b
N011156,OPP005358,P094,2,False,plain
N011157,OPP005359,P002,0,False,nodal_a
N011158,OPP005360,P004,0,False,nodal_b
N011159,OPP005360,P094,1,False,plain
N011160,OPP005360,P044,2,False,plain
N011161,OPP005361,P020,0,False,plain
N011162,OPP005361,P013,1,False,terse
N011163,OPP005361,P162,2,False,plain
N011164,OPP005361,P094,3,True,plain
N011165,OPP005361,P005,4,False,nodal_a
N011166,OPP005362,P167,0,False,municipal
N011167,OPP005363,P013,0,False,terse
N011168,OPP005363,P224,1,True,municipal
N011169,OPP005363,P112,2,False,shouty
N011170,OPP005363,P006,3,True,nodal_b
N011171,OPP005364,P094,0,False,plain
N011172,OPP005364,P044,1,True,plain
N011173,OPP005364,P020,2,False,plain
N011174,OPP005364,P120,3,False,legacy
N011175,OPP005364,P131,4,True,legacy
N011176,OPP005364,P004,5,False,nodal_b
N011177,OPP005365,P217,0,False,plain
N011178,OPP005365,P002,1,False,nodal_a
N011179,OPP005366,P065,0,False,municipal
N011180,OPP005367,P006,0,False,nodal_b
N011181,OPP005368,P025,0,False,terse
N011182,OPP005369,P003,0,False,nodal_b
N011183,OPP005369,P001,1,False,nodal_a
N011184,OPP005370,P169,0,False,shouty
N011185,OPP005370,P094,1,True,plain
N011186,OPP005371,P068,0,False,shouty
N011187,OPP005372,P094,0,False,plain
N011188,OPP005373,P005,0,False,nodal_a
N011189,OPP005374,P094,0,False,plain
N011190,OPP005374,P189,1,False,plain
N011191,OPP005375,P002,0,False,nodal_a
N011192,OPP005375,P122,1,True,shouty
N011193,OPP005375,P003,2,False,nodal_b
N011194,OPP005376,P004,0,False,nodal_b
N011195,OPP005377,P005,0,False,nodal_a
N011196,OPP005377,P006,1,False,nodal_b
N011197,OPP005377,P020,2,True,plain
N011198,OPP005377,P094,3,True,plain
N011199,OPP005377,P164,4,False,plain
N011200,OPP005378,P013,0,False,terse
N011201,OPP005378,P094,1,False,plain
N011202,OPP005379,P156,0,False,html_ish
N011203,OPP005380,P215,0,False,plain
N011204,OPP005380,P216,1,True,html_ish
N011205,OPP005381,P229,0,False,html_ish
N011206,OPP005382,P112,0,False,shouty
N011207,OPP005383,P003,0,False,nodal_b
N011208,OPP005384,P106,0,False,plain
N011209,OPP005385,P003,0,False,nodal_b
N011210,OPP005386,P006,0,False,nodal_b
N011211,OPP005386,P189,1,True,plain
N011212,OPP005386,P225,2,False,municipal
N011213,OPP005387,P020,0,False,plain
N011214,OPP005388,P005,0,False,nodal_a
N011215,OPP005388,P002,1,False,nodal_a
N011216,OPP005389,P005,0,False,nodal_a
N011217,OPP005390,P141,0,False,municipal
N011218,OPP005390,P006,1,True,nodal_b
N011219,OPP005390,P094,2,True,plain
N011220,OPP005390,P020,3,False,plain
N011221,OPP005391,P116,0,False,shouty
N011222,OPP005391,P094,1,True,plain
N011223,OPP005392,P197,0,False,plain
N011224,OPP005393,P044,0,False,plain
N011225,OPP005394,P003,0,False,nodal_b
N011226,OPP005394,P004,1,True,nodal_b
N011227,OPP005394,P005,2,True,nodal_a
N011228,OPP005394,P141,3,False,municipal
N011229,OPP005395,P094,0,False,plain
N011230,OPP005396,P005,0,False,nodal_a
N011231,OPP005397,P098,0,False,municipal
N011232,OPP005398,P021,0,False,municipal
N011233,OPP005398,P048,1,False,html_ish
N011234,OPP005399,P004,0,False,nodal_b
N011235,OPP005400,P142,0,False,terse
N011236,OPP005401,P001,0,False,nodal_a
N011237,OPP005402,P004,0,False,nodal_b
N011238,OPP005403,P006,0,False,nodal_b
N011239,OPP005404,P094,0,False,plain
N011240,OPP005405,P003,0,False,nodal_b
N011241,OPP005405,P004,1,False,nodal_b
N011242,OPP005405,P020,2,False,plain
N011243,OPP005406,P046,0,False,terse
N011244,OPP005406,P071,1,True,html_ish
N011245,OPP005406,P002,2,True,nodal_a
N011246,OPP005406,P218,3,False,legacy
N011247,OPP005406,P094,4,False,plain
N011248,OPP005406,P183,5,True,municipal
N011249,OPP005407,P094,0,False,plain
N011250,OPP005408,P227,0,False,plain
N011251,OPP005409,P094,0,False,plain
N011252,OPP005409,P002,1,False,nodal_a
N011253,OPP005409,P001,2,True,nodal_a
N011254,OPP005409,P006,3,False,nodal_b
N011255,OPP005410,P167,0,False,municipal
N011256,OPP005411,P088,0,False,plain
N011257,OPP005411,P094,1,False,plain
N011258,OPP005411,P002,2,False,nodal_a
N011259,OPP005411,P238,3,True,plain
N011260,OPP005412,P006,0,False,nodal_b
N011261,OPP005412,P181,1,True,plain
N011262,OPP005412,P215,2,False,plain
N011263,OPP005412,P116,3,True,shouty
N011264,OPP005412,P002,4,False,nodal_a
N011265,OPP005413,P061,0,False,html_ish
N011266,OPP005414,P020,0,False,plain
N011267,OPP005414,P094,1,False,plain
N011268,OPP005414,P005,2,False,nodal_a
N011269,OPP005414,P001,3,False,nodal_a
N011270,OPP005414,P006,4,True,nodal_b
N011271,OPP005415,P215,0,False,plain
N011272,OPP005416,P004,0,False,nodal_b
N011273,OPP005417,P098,0,False,municipal
N011274,OPP005418,P020,0,False,plain
N011275,OPP005418,P094,1,True,plain
N011276,OPP005419,P020,0,False,plain
N011277,OPP005420,P257,0,False,html_ish
N011278,OPP005420,P185,1,False,plain
N011279,OPP005420,P004,2,False,nodal_b
N011280,OPP005420,P240,3,True,shouty
N011281,OPP005421,P003,0,False,nodal_b
N011282,OPP005421,P094,1,False,plain
N011283,OPP005422,P059,0,False,municipal
N011284,OPP005422,P006,1,True,nodal_b
N011285,OPP005422,P003,2,False,nodal_b
N011286,OPP005423,P001,0,False,nodal_a
N011287,OPP005424,P002,0,False,nodal_a
N011288,OPP005424,P005,1,False,nodal_a
N011289,OPP005425,P062,0,False,municipal
N011290,OPP005426,P094,0,False,plain
N011291,OPP005426,P229,1,True,html_ish
N011292,OPP005426,P240,2,True,shouty
N011293,OPP005426,P001,3,True,nodal_a
N011294,OPP005427,P003,0,False,nodal_b
N011295,OPP005427,P227,1,True,plain
N011296,OPP005428,P096,0,False,html_ish
N011297,OPP005428,P001,1,False,nodal_a
N011298,OPP005428,P208,2,False,plain
N011299,OPP005428,P041,3,False,html_ish
N011300,OPP005428,P094,4,True,plain
N011301,OPP005428,P020,5,True,plain
N011302,OPP005429,P032,0,False,municipal
N011303,OPP005429,P004,1,False,nodal_b
N011304,OPP005429,P094,2,False,plain
N011305,OPP005429,P020,3,False,plain
N011306,OPP005429,P005,4,True,nodal_a
N011307,OPP005429,P006,5,True,nodal_b
N011308,OPP005429,P001,6,False,nodal_a
N011309,OPP005429,P096,7,False,html_ish
N011310,OPP005429,P146,8,True,html_ish
N011311,OPP005430,P004,0,False,nodal_b
N011312,OPP005431,P240,0,False,shouty
N011313,OPP005431,P094,1,False,plain
N011314,OPP005431,P005,2,True,nodal_a
N011315,OPP005432,P094,0,False,plain
N011316,OPP005433,P094,0,False,plain
N011317,OPP005433,P167,1,False,municipal
N011318,OPP005433,P075,2,True,plain
N011319,OPP005433,P026,3,True,municipal
N011320,OPP005433,P129,4,False,municipal
N011321,OPP005434,P189,0,False,plain
N011322,OPP005435,P249,0,False,plain
N011323,OPP005436,P020,0,False,plain
N011324,OPP005437,P257,0,False,html_ish
N011325,OPP005438,P232,0,False,plain
N011326,OPP005439,P094,0,False,plain
N011327,OPP005440,P221,0,False,terse
N011328,OPP005441,P094,0,False,plain
N011329,OPP005441,P006,1,True,nodal_b
N011330,OPP005441,P200,2,False,plain
N011331,OPP005441,P004,3,True,nodal_b
N011332,OPP005442,P002,0,False,nodal_a
N011333,OPP005443,P005,0,False,nodal_a
N011334,OPP005444,P002,0,False,nodal_a
N011335,OPP005445,P004,0,False,nodal_b
N011336,OPP005445,P001,1,False,nodal_a
N011337,OPP005446,P044,0,False,plain
N011338,OPP005447,P002,0,False,nodal_a
N011339,OPP005448,P240,0,False,shouty
N011340,OPP005448,P005,1,True,nodal_a
N011341,OPP005449,P223,0,False,plain
N011342,OPP005449,P037,1,True,terse
N011343,OPP005450,P002,0,False,nodal_a
N011344,OPP005451,P018,0,False,plain
N011345,OPP005451,P005,1,False,nodal_a
N011346,OPP005452,P094,0,False,plain
N011347,OPP005453,P094,0,False,plain
N011348,OPP005454,P001,0,False,nodal_a
N011349,OPP005455,P005,0,False,nodal_a
N011350,OPP005455,P002,1,False,nodal_a
N011351,OPP005455,P209,2,True,terse
N011352,OPP005455,P228,3,True,html_ish
N011353,OPP005455,P006,4,True,nodal_b
N011354,OPP005456,P028,0,False,plain
N011355,OPP005456,P002,1,False,nodal_a
N011356,OPP005457,P094,0,False,plain
N011357,OPP005458,P005,0,False,nodal_a
N011358,OPP005459,P034,0,False,shouty
N011359,OPP005459,P013,1,False,terse
N011360,OPP005460,P240,0,False,shouty
N011361,OPP005461,P006,0,False,nodal_b
N011362,OPP005462,P020,0,False,plain
N011363,OPP005462,P257,1,False,html_ish
N011364,OPP005462,P146,2,False,html_ish
N011365,OPP005462,P004,3,False,nodal_b
N011366,OPP005463,P094,0,False,plain
N011367,OPP005463,P136,1,False,html_ish
N011368,OPP005464,P094,0,False,plain
N011369,OPP005464,P036,1,False,html_ish
N011370,OPP005464,P013,2,False,terse
N011371,OPP005464,P076,3,False,municipal
N011372,OPP005465,P020,0,False,plain
N011373,OPP005466,P162,0,False,plain
N011374,OPP005467,P004,0,False,nodal_b
N011375,OPP005468,P207,0,False,plain
N011376,OPP005469,P044,0,False,plain
N011377,OPP005470,P069,0,False,html_ish
N011378,OPP005471,P195,0,False,html_ish
N011379,OPP005471,P002,1,False,nodal_a
N011380,OPP005472,P003,0,False,nodal_b
N011381,OPP005473,P217,0,False,plain
N011382,OPP005473,P001,1,False,nodal_a
N011383,OPP005473,P005,2,True,nodal_a
N011384,OPP005473,P055,3,False,plain
N011385,OPP005473,P096,4,False,html_ish
N011386,OPP005473,P075,5,False,plain
N011387,OPP005473,P240,6,False,shouty
N011388,OPP005474,P239,0,False,plain
N011389,OPP005475,P094,0,False,plain
N011390,OPP005476,P156,0,False,html_ish
N011391,OPP005476,P094,1,False,plain
N011392,OPP005477,P240,0,False,shouty
N011393,OPP005478,P003,0,False,nodal_b
N011394,OPP005478,P094,1,True,plain
N011395,OPP005479,P094,0,False,plain
N011396,OPP005480,P094,0,False,plain
N011397,OPP005481,P249,0,False,plain
N011398,OPP005482,P144,0,False,municipal
N011399,OPP005483,P094,0,False,plain
N011400,OPP005483,P235,1,False,municipal
N011401,OPP005483,P047,2,False,municipal
N011402,OPP005483,P003,3,True,nodal_b
N011403,OPP005483,P004,4,False,nodal_b
N011404,OPP005484,P004,0,False,nodal_b
N011405,OPP005485,P081,0,False,municipal
N011406,OPP005486,P044,0,False,plain
N011407,OPP005487,P225,0,False,municipal
N011408,OPP005487,P044,1,False,plain
N011409,OPP005487,P002,2,False,nodal_a
N011410,OPP005487,P001,3,False,nodal_a
N011411,OPP005487,P003,4,True,nodal_b
N011412,OPP005487,P005,5,False,nodal_a
N011413,OPP005488,P006,0,False,nodal_b
N011414,OPP005489,P080,0,False,shouty
N011415,OPP005490,P004,0,False,nodal_b
N011416,OPP005490,P026,1,False,municipal
N011417,OPP005490,P222,2,False,plain
N011418,OPP005490,P114,3,True,terse
N011419,OPP005491,P002,0,False,nodal_a
N011420,OPP005491,P005,1,True,nodal_a
N011421,OPP005491,P003,2,True,nodal_b
N011422,OPP005491,P222,3,True,plain
N011423,OPP005491,P106,4,True,plain
N011424,OPP005491,P240,5,False,shouty
N011425,OPP005491,P088,6,False,plain
N011426,OPP005491,P001,7,False,nodal_a
N011427,OPP005491,P225,8,True,municipal
N011428,OPP005492,P229,0,False,html_ish
N011429,OPP005493,P214,0,False,plain
N011430,OPP005493,P002,1,True,nodal_a
N011431,OPP005493,P088,2,False,plain
N011432,OPP005493,P004,3,True,nodal_b
N011433,OPP005493,P001,4,True,nodal_a
N011434,OPP005493,P006,5,True,nodal_b
N011435,OPP005493,P005,6,False,nodal_a
N011436,OPP005493,P003,7,False,nodal_b
N011437,OPP005493,P053,8,False,municipal
N011438,OPP005494,P232,0,False,plain
N011439,OPP005494,P020,1,False,plain
N011440,OPP005494,P003,2,False,nodal_b
N011441,OPP005495,P105,0,False,municipal
N011442,OPP005495,P006,1,True,nodal_b
N011443,OPP005495,P202,2,False,legacy
N011444,OPP005495,P003,3,False,nodal_b
N011445,OPP005495,P094,4,False,plain
N011446,OPP005495,P005,5,False,nodal_a
N011447,OPP005496,P083,0,False,html_ish
N011448,OPP005497,P243,0,False,municipal
N011449,OPP005498,P005,0,False,nodal_a
N011450,OPP005498,P228,1,True,html_ish
N011451,OPP005498,P209,2,False,terse
N011452,OPP005498,P003,3,True,nodal_b
N011453,OPP005498,P204,4,False,plain
N011454,OPP005499,P216,0,False,html_ish
N011455,OPP005500,P001,0,False,nodal_a
N011456,OPP005500,P094,1,True,plain
N011457,OPP005500,P217,2,False,plain
N011458,OPP005500,P002,3,True,nodal_a
N011459,OPP005501,P058,0,False,municipal
N011460,OPP005502,P094,0,False,plain
N011461,OPP005502,P002,1,False,nodal_a
N011462,OPP005502,P181,2,True,plain
N011463,OPP005503,P094,0,False,plain
N011464,OPP005503,P003,1,False,nodal_b
N011465,OPP005503,P017,2,True,municipal
N011466,OPP005503,P044,3,False,plain
N011467,OPP005503,P214,4,True,plain
N011468,OPP005504,P002,0,False,nodal_a
N011469,OPP005505,P005,0,False,nodal_a
N011470,OPP005506,P005,0,False,nodal_a
N011471,OPP005506,P240,1,True,shouty
N011472,OPP005507,P189,0,False,plain
N011473,OPP005508,P005,0,False,nodal_a
N011474,OPP005508,P094,1,True,plain
N011475,OPP005509,P094,0,False,plain
N011476,OPP005510,P003,0,False,nodal_b
N011477,OPP005511,P087,0,False,plain
N011478,OPP005512,P227,0,False,plain
N011479,OPP005512,P215,1,True,plain
N011480,OPP005512,P004,2,False,nodal_b
N011481,OPP005512,P003,3,False,nodal_b
N011482,OPP005512,P001,4,False,nodal_a
N011483,OPP005513,P056,0,False,html_ish
N011484,OPP005514,P240,0,False,shouty
N011485,OPP005515,P003,0,False,nodal_b
N011486,OPP005515,P240,1,True,shouty
N011487,OPP005516,P104,0,False,plain
N011488,OPP005517,P094,0,False,plain
N011489,OPP005518,P020,0,False,plain
N011490,OPP005519,P049,0,False,municipal
N011491,OPP005520,P038,0,False,plain
N011492,OPP005521,P172,0,False,municipal
N011493,OPP005522,P020,0,False,plain
N011494,OPP005523,P087,0,False,plain
N011495,OPP005523,P006,1,False,nodal_b
N011496,OPP005523,P098,2,False,municipal
N011497,OPP005523,P003,3,True,nodal_b
N011498,OPP005524,P020,0,False,plain
N011499,OPP005525,P001,0,False,nodal_a
N011500,OPP005525,P005,1,False,nodal_a
N011501,OPP005526,P003,0,False,nodal_b
N011502,OPP005526,P005,1,False,nodal_a
N011503,OPP005526,P094,2,False,plain
N011504,OPP005526,P032,3,True,municipal
N011505,OPP005527,P094,0,False,plain
N011506,OPP005528,P003,0,False,nodal_b
N011507,OPP005528,P208,1,False,plain
N011508,OPP005528,P001,2,False,nodal_a
N011509,OPP005528,P005,3,False,nodal_a
N011510,OPP005529,P003,0,False,nodal_b
N011511,OPP005529,P001,1,False,nodal_a
N011512,OPP005529,P002,2,False,nodal_a
N011513,OPP005529,P091,3,True,municipal
N011514,OPP005530,P094,0,False,plain
N011515,OPP005530,P195,1,False,html_ish
N011516,OPP005530,P002,2,True,nodal_a
N011517,OPP005531,P004,0,False,nodal_b
N011518,OPP005531,P096,1,False,html_ish
N011519,OPP005532,P094,0,False,plain
N011520,OPP005532,P006,1,False,nodal_b
N011521,OPP005532,P005,2,False,nodal_a
N011522,OPP005532,P091,3,True,municipal
N011523,OPP005532,P003,4,True,nodal_b
N011524,OPP005532,P214,5,True,plain
N011525,OPP005533,P214,0,False,plain
N011526,OPP005534,P044,0,False,plain
N011527,OPP005535,P003,0,False,nodal_b
N011528,OPP005536,P005,0,False,nodal_a
N011529,OPP005536,P004,1,True,nodal_b
N011530,OPP005536,P002,2,True,nodal_a
N011531,OPP005537,P098,0,False,municipal
N011532,OPP005538,P098,0,False,municipal
N011533,OPP005538,P006,1,False,nodal_b
N011534,OPP005538,P004,2,True,nodal_b
N011535,OPP005538,P094,3,False,plain
N011536,OPP005539,P094,0,False,plain
N011537,OPP005539,P157,1,True,legacy
N011538,OPP005540,P001,0,False,nodal_a
N011539,OPP005541,P213,0,False,municipal
N011540,OPP005542,P002,0,False,nodal_a
N011541,OPP005543,P094,0,False,plain
N011542,OPP005543,P006,1,False,nodal_b
N011543,OPP005544,P229,0,False,html_ish
N011544,OPP005544,P094,1,False,plain
N011545,OPP005544,P241,2,True,plain
N011546,OPP005544,P028,3,False,plain
N011547,OPP005544,P221,4,True,terse
N011548,OPP005545,P069,0,False,html_ish
N011549,OPP005546,P020,0,False,plain
N011550,OPP005546,P003,1,False,nodal_b
N011551,OPP005546,P200,2,False,plain
N011552,OPP005546,P094,3,True,plain
N011553,OPP005547,P209,0,False,terse
N011554,OPP005547,P031,1,False,shouty
N011555,OPP005547,P044,2,True,plain
N011556,OPP005547,P094,3,False,plain
N011557,OPP005547,P181,4,False,plain
N011558,OPP005547,P166,5,False,html_ish
N011559,OPP005547,P240,6,True,shouty
N011560,OPP005548,P088,0,False,plain
N011561,OPP005548,P004,1,False,nodal_b
N011562,OPP005548,P026,2,False,municipal
N011563,OPP005548,P045,3,False,shouty
N011564,OPP005548,P108,4,True,municipal
N011565,OPP005548,P006,5,False,nodal_b
N011566,OPP005548,P166,6,True,html_ish
N011567,OPP005548,P031,7,False,shouty
N011568,OPP005549,P002,0,False,nodal_a
N011569,OPP005549,P003,1,True,nodal_b
N011570,OPP005549,P020,2,False,plain
N011571,OPP005549,P255,3,False,shouty
N011572,OPP005549,P040,4,True,html_ish
N011573,OPP005549,P231,5,False,plain
N011574,OPP005549,P120,6,True,legacy
N011575,OPP005550,P169,0,False,shouty
N011576,OPP005550,P005,1,False,nodal_a
N011577,OPP005551,P200,0,False,plain
N011578,OPP005551,P020,1,False,plain
N011579,OPP005552,P167,0,False,municipal
N011580,OPP005553,P103,0,False,plain
N011581,OPP005554,P058,0,False,municipal
N011582,OPP005554,P002,1,True,nodal_a
N011583,OPP005554,P001,2,False,nodal_a
N011584,OPP005555,P094,0,False,plain
N011585,OPP005556,P001,0,False,nodal_a
N011586,OPP005557,P004,0,False,nodal_b
N011587,OPP005558,P005,0,False,nodal_a
N011588,OPP005559,P245,0,False,terse
N011589,OPP005560,P136,0,False,html_ish
N011590,OPP005561,P002,0,False,nodal_a
N011591,OPP005561,P001,1,True,nodal_a
N011592,OPP005561,P120,2,False,legacy
N011593,OPP005562,P002,0,False,nodal_a
N011594,OPP005563,P004,0,False,nodal_b
N011595,OPP005563,P003,1,True,nodal_b
N011596,OPP005563,P020,2,False,plain
N011597,OPP005564,P250,0,False,html_ish
N011598,OPP005565,P094,0,False,plain
N011599,OPP005566,P002,0,False,nodal_a
N011600,OPP005567,P094,0,False,plain
N011601,OPP005568,P191,0,False,plain
N011602,OPP005568,P096,1,False,html_ish
N011603,OPP005568,P116,2,False,shouty
N011604,OPP005569,P001,0,False,nodal_a
N011605,OPP005569,P219,1,False,plain
N011606,OPP005570,P181,0,False,plain
N011607,OPP005571,P099,0,False,html_ish
N011608,OPP005572,P020,0,False,plain
N011609,OPP005573,P049,0,False,municipal
N011610,OPP005573,P013,1,False,terse
N011611,OPP005573,P037,2,True,terse
N011612,OPP005574,P013,0,False,terse
N011613,OPP005575,P005,0,False,nodal_a
N011614,OPP005575,P094,1,True,plain
N011615,OPP005576,P104,0,False,plain
N011616,OPP005576,P193,1,True,shouty
N011617,OPP005577,P006,0,False,nodal_b
N011618,OPP005578,P011,0,False,terse
N011619,OPP005578,P044,1,True,plain
N011620,OPP005579,P094,0,False,plain
N011621,OPP005580,P151,0,False,terse
N011622,OPP005580,P001,1,False,nodal_a
N011623,OPP005581,P240,0,False,shouty
N011624,OPP005582,P005,0,False,nodal_a
N011625,OPP005583,P005,0,False,nodal_a
N011626,OPP005584,P002,0,False,nodal_a
N011627,OPP005585,P035,0,False,plain
N011628,OPP005585,P003,1,False,nodal_b
N011629,OPP005585,P002,2,True,nodal_a
N011630,OPP005586,P241,0,False,plain
N011631,OPP005586,P002,1,False,nodal_a
N011632,OPP005587,P005,0,False,nodal_a
N011633,OPP005588,P094,0,False,plain
N011634,OPP005589,P219,0,False,plain
N011635,OPP005589,P236,1,True,plain
N011636,OPP005589,P248,2,False,legacy
N011637,OPP005589,P002,3,True,nodal_a
N011638,OPP005589,P225,4,False,municipal
N011639,OPP005590,P199,0,False,plain
N011640,OPP005591,P094,0,False,plain
N011641,OPP005592,P208,0,False,plain
N011642,OPP005592,P004,1,False,nodal_b
N011643,OPP005593,P094,0,False,plain
N011644,OPP005594,P094,0,False,plain
N011645,OPP005594,P160,1,False,html_ish
N011646,OPP005595,P022,0,False,terse
N011647,OPP005596,P004,0,False,nodal_b
N011648,OPP005596,P041,1,False,html_ish
N011649,OPP005597,P136,0,False,html_ish
N011650,OPP005598,P001,0,False,nodal_a
N011651,OPP005598,P005,1,False,nodal_a
N011652,OPP005598,P094,2,False,plain
N011653,OPP005598,P004,3,False,nodal_b
N011654,OPP005598,P003,4,True,nodal_b
N011655,OPP005599,P006,0,False,nodal_b
N011656,OPP005599,P129,1,False,municipal
N011657,OPP005600,P229,0,False,html_ish
N011658,OPP005601,P004,0,False,nodal_b
N011659,OPP005602,P242,0,False,shouty
N011660,OPP005603,P053,0,False,municipal
N011661,OPP005603,P094,1,False,plain
N011662,OPP005604,P136,0,False,html_ish
N011663,OPP005605,P003,0,False,nodal_b
N011664,OPP005605,P001,1,True,nodal_a
N011665,OPP005606,P005,0,False,nodal_a
N011666,OPP005607,P003,0,False,nodal_b
N011667,OPP005607,P005,1,False,nodal_a
N011668,OPP005608,P002,0,False,nodal_a
N011669,OPP005608,P028,1,True,plain
N011670,OPP005608,P031,2,False,shouty
N011671,OPP005608,P113,3,False,plain
N011672,OPP005608,P001,4,False,nodal_a
N011673,OPP005608,P257,5,True,html_ish
N011674,OPP005609,P172,0,False,municipal
N011675,OPP005609,P004,1,False,nodal_b
N011676,OPP005609,P038,2,False,plain
N011677,OPP005609,P094,3,True,plain
N011678,OPP005609,P020,4,False,plain
N011679,OPP005609,P001,5,True,nodal_a
N011680,OPP005610,P006,0,False,nodal_b
N011681,OPP005610,P181,1,False,plain
N011682,OPP005610,P004,2,False,nodal_b
N011683,OPP005611,P006,0,False,nodal_b
N011684,OPP005612,P005,0,False,nodal_a
N011685,OPP005612,P003,1,True,nodal_b
N011686,OPP005612,P004,2,True,nodal_b
N011687,OPP005613,P214,0,False,plain
N011688,OPP005613,P094,1,False,plain
N011689,OPP005614,P020,0,False,plain
N011690,OPP005614,P130,1,False,plain
N011691,OPP005614,P002,2,True,nodal_a
N011692,OPP005614,P180,3,True,legacy
N011693,OPP005615,P094,0,False,plain
N011694,OPP005615,P002,1,False,nodal_a
N011695,OPP005616,P002,0,False,nodal_a
N011696,OPP005617,P167,0,False,municipal
N011697,OPP005618,P177,0,False,html_ish
N011698,OPP005619,P136,0,False,html_ish
N011699,OPP005620,P001,0,False,nodal_a
N011700,OPP005621,P005,0,False,nodal_a
N011701,OPP005622,P239,0,False,plain
N011702,OPP005623,P120,0,False,legacy
N011703,OPP005624,P094,0,False,plain
N011704,OPP005624,P003,1,False,nodal_b
N011705,OPP005624,P259,2,False,municipal
N011706,OPP005624,P002,3,False,nodal_a
N011707,OPP005624,P184,4,True,legacy
N011708,OPP005625,P239,0,False,plain
N011709,OPP005626,P208,0,False,plain
N011710,OPP005626,P060,1,False,plain
N011711,OPP005627,P094,0,False,plain
N011712,OPP005627,P182,1,True,plain
N011713,OPP005628,P002,0,False,nodal_a
N011714,OPP005629,P168,0,False,municipal
N011715,OPP005630,P094,0,False,plain
N011716,OPP005631,P235,0,False,municipal
N011717,OPP005631,P028,1,False,plain
N011718,OPP005632,P094,0,False,plain
N011719,OPP005633,P183,0,False,municipal
N011720,OPP005633,P081,1,False,municipal
N011721,OPP005634,P003,0,False,nodal_b
N011722,OPP005635,P006,0,False,nodal_b
N011723,OPP005635,P197,1,False,plain
N011724,OPP005635,P088,2,False,plain
N011725,OPP005635,P013,3,False,terse
N011726,OPP005635,P219,4,True,plain
N011727,OPP005635,P094,5,False,plain
N011728,OPP005635,P113,6,False,plain
N011729,OPP005635,P003,7,False,nodal_b
N011730,OPP005635,P207,8,False,plain
N011731,OPP005636,P004,0,False,nodal_b
N011732,OPP005637,P167,0,False,municipal
N011733,OPP005637,P255,1,False,shouty
N011734,OPP005637,P001,2,False,nodal_a
N011735,OPP005638,P215,0,False,plain
N011736,OPP005638,P078,1,False,municipal
N011737,OPP005639,P005,0,False,nodal_a
N011738,OPP005639,P065,1,True,municipal
N011739,OPP005640,P001,0,False,nodal_a
N011740,OPP005641,P094,0,False,plain
N011741,OPP005641,P141,1,True,municipal
N011742,OPP005641,P003,2,True,nodal_b
N011743,OPP005641,P002,3,False,nodal_a
N011744,OPP005641,P240,4,False,shouty
N011745,OPP005642,P005,0,False,nodal_a
N011746,OPP005643,P001,0,False,nodal_a
N011747,OPP005643,P200,1,True,plain
N011748,OPP005643,P005,2,False,nodal_a
N011749,OPP005643,P002,3,False,nodal_a
N011750,OPP005643,P098,4,True,municipal
N011751,OPP005643,P216,5,True,html_ish
N011752,OPP005643,P004,6,False,nodal_b
N011753,OPP005643,P003,7,False,nodal_b
N011754,OPP005643,P094,8,False,plain
N011755,OPP005644,P213,0,False,municipal
N011756,OPP005645,P063,0,False,shouty
N011757,OPP005646,P003,0,False,nodal_b
N011758,OPP005647,P004,0,False,nodal_b
N011759,OPP005648,P080,0,False,shouty
N011760,OPP005648,P205,1,False,plain
N011761,OPP005648,P003,2,False,nodal_b
N011762,OPP005649,P099,0,False,html_ish
N011763,OPP005650,P001,0,False,nodal_a
N011764,OPP005650,P005,1,False,nodal_a
N011765,OPP005650,P240,2,True,shouty
N011766,OPP005650,P215,3,False,plain
N011767,OPP005650,P094,4,False,plain
N011768,OPP005650,P026,5,False,municipal
N011769,OPP005650,P006,6,False,nodal_b
N011770,OPP005650,P004,7,False,nodal_b
N011771,OPP005650,P002,8,True,nodal_a
N011772,OPP005651,P094,0,False,plain
N011773,OPP005652,P020,0,False,plain
N011774,OPP005653,P005,0,False,nodal_a
N011775,OPP005653,P094,1,True,plain
N011776,OPP005653,P097,2,False,html_ish
N011777,OPP005654,P079,0,False,html_ish
N011778,OPP005655,P098,0,False,municipal
N011779,OPP005656,P183,0,False,municipal
N011780,OPP005657,P004,0,False,nodal_b
N011781,OPP005658,P020,0,False,plain
N011782,OPP005658,P240,1,False,shouty
N011783,OPP005659,P094,0,False,plain
N011784,OPP005660,P024,0,False,html_ish
N011785,OPP005660,P255,1,True,shouty
N011786,OPP005660,P020,2,True,plain
N011787,OPP005661,P116,0,False,shouty
N011788,OPP005662,P094,0,False,plain
N011789,OPP005663,P005,0,False,nodal_a
N011790,OPP005663,P013,1,True,terse
N011791,OPP005663,P094,2,False,plain
N011792,OPP005663,P211,3,True,shouty
N011793,OPP005663,P004,4,True,nodal_b
N011794,OPP005664,P002,0,False,nodal_a
N011795,OPP005664,P005,1,True,nodal_a
N011796,OPP005665,P094,0,False,plain
N011797,OPP005666,P094,0,False,plain
N011798,OPP005666,P020,1,False,plain
N011799,OPP005666,P002,2,True,nodal_a
N011800,OPP005666,P219,3,False,plain
N011801,OPP005667,P006,0,False,nodal_b
N011802,OPP005668,P005,0,False,nodal_a
N011803,OPP005668,P001,1,False,nodal_a
N011804,OPP005669,P001,0,False,nodal_a
N011805,OPP005669,P094,1,False,plain
N011806,OPP005669,P044,2,False,plain
N011807,OPP005670,P140,0,False,terse
N011808,OPP005670,P004,1,False,nodal_b
N011809,OPP005671,P094,0,False,plain
N011810,OPP005671,P001,1,True,nodal_a
N011811,OPP005671,P003,2,False,nodal_b
N011812,OPP005672,P107,0,False,terse
N011813,OPP005673,P221,0,False,terse
N011814,OPP005674,P044,0,False,plain
N011815,OPP005675,P189,0,False,plain
N011816,OPP005676,P005,0,False,nodal_a
N011817,OPP005677,P094,0,False,plain
N011818,OPP005678,P006,0,False,nodal_b
N011819,OPP005679,P004,0,False,nodal_b
N011820,OPP005680,P058,0,False,municipal
N011821,OPP005681,P067,0,False,plain
N011822,OPP005681,P001,1,True,nodal_a
N011823,OPP005682,P232,0,False,plain
N011824,OPP005682,P001,1,True,nodal_a
N011825,OPP005683,P027,0,False,plain
N011826,OPP005683,P020,1,True,plain
N011827,OPP005683,P180,2,True,legacy
N011828,OPP005684,P005,0,False,nodal_a
N011829,OPP005685,P020,0,False,plain
N011830,OPP005685,P200,1,True,plain
N011831,OPP005686,P159,0,False,plain
N011832,OPP005686,P094,1,True,plain
N011833,OPP005687,P189,0,False,plain
N011834,OPP005687,P094,1,True,plain
N011835,OPP005687,P083,2,False,html_ish
N011836,OPP005688,P001,0,False,nodal_a
N011837,OPP005689,P057,0,False,municipal
N011838,OPP005689,P001,1,True,nodal_a
N011839,OPP005690,P122,0,False,shouty
N011840,OPP005691,P013,0,False,terse
N011841,OPP005691,P084,1,True,terse
N011842,OPP005691,P003,2,True,nodal_b
N011843,OPP005691,P001,3,False,nodal_a
N011844,OPP005692,P021,0,False,municipal
N011845,OPP005693,P001,0,False,nodal_a
N011846,OPP005693,P090,1,False,terse
N011847,OPP005693,P199,2,False,plain
N011848,OPP005693,P044,3,False,plain
N011849,OPP005694,P002,0,False,nodal_a
N011850,OPP005695,P240,0,False,shouty
N011851,OPP005695,P001,1,True,nodal_a
N011852,OPP005695,P222,2,False,plain
N011853,OPP005696,P001,0,False,nodal_a
N011854,OPP005697,P072,0,False,html_ish
N011855,OPP005698,P211,0,False,shouty
N011856,OPP005699,P020,0,False,plain
N011857,OPP005700,P004,0,False,nodal_b
N011858,OPP005701,P049,0,False,municipal
N011859,OPP005701,P002,1,True,nodal_a
N011860,OPP005702,P005,0,False,nodal_a
N011861,OPP005702,P116,1,True,shouty
N011862,OPP005702,P006,2,False,nodal_b
N011863,OPP005703,P001,0,False,nodal_a
N011864,OPP005704,P028,0,False,plain
N011865,OPP005705,P005,0,False,nodal_a
N011866,OPP005705,P202,1,False,legacy
N011867,OPP005705,P180,2,True,legacy
N011868,OPP005706,P073,0,False,shouty
N011869,OPP005706,P002,1,False,nodal_a
N011870,OPP005706,P001,2,True,nodal_a
N011871,OPP005707,P006,0,False,nodal_b
N011872,OPP005708,P240,0,False,shouty
N011873,OPP005709,P213,0,False,municipal
N011874,OPP005710,P003,0,False,nodal_b
N011875,OPP005710,P014,1,True,html_ish
N011876,OPP005711,P006,0,False,nodal_b
N011877,OPP005711,P005,1,True,nodal_a
N011878,OPP005711,P003,2,False,nodal_b
N011879,OPP005711,P094,3,True,plain
N011880,OPP005712,P216,0,False,html_ish
N011881,OPP005713,P004,0,False,nodal_b
N011882,OPP005713,P099,1,False,html_ish
N011883,OPP005713,P124,2,False,plain
N011884,OPP005713,P201,3,False,legacy
N011885,OPP005713,P006,4,False,nodal_b
N011886,OPP005714,P001,0,False,nodal_a
N011887,OPP005715,P044,0,False,plain
N011888,OPP005715,P005,1,True,nodal_a
N011889,OPP005716,P004,0,False,nodal_b
N011890,OPP005716,P235,1,False,municipal
N011891,OPP005716,P001,2,False,nodal_a
N011892,OPP005717,P001,0,False,nodal_a
N011893,OPP005718,P124,0,False,plain
N011894,OPP005719,P097,0,False,html_ish
N011895,OPP005720,P227,0,False,plain
N011896,OPP005720,P004,1,False,nodal_b
N011897,OPP005721,P107,0,False,terse
N011898,OPP005722,P094,0,False,plain
N011899,OPP005723,P003,0,False,nodal_b
N011900,OPP005723,P002,1,True,nodal_a
N011901,OPP005723,P006,2,False,nodal_b
N011902,OPP005724,P021,0,False,municipal
N011903,OPP005725,P021,0,False,municipal
N011904,OPP005726,P202,0,False,legacy
N011905,OPP005727,P188,0,False,plain
N011906,OPP005727,P179,1,False,html_ish
N011907,OPP005727,P094,2,True,plain
N011908,OPP005728,P240,0,False,shouty
N011909,OPP005729,P240,0,False,shouty
N011910,OPP005729,P006,1,True,nodal_b
N011911,OPP005729,P042,2,True,plain
N011912,OPP005730,P044,0,False,plain
N011913,OPP005731,P094,0,False,plain
N011914,OPP005732,P001,0,False,nodal_a
N011915,OPP005733,P001,0,False,nodal_a
N011916,OPP005734,P094,0,False,plain
N011917,OPP005734,P044,1,False,plain
N011918,OPP005734,P020,2,False,plain
N011919,OPP005734,P181,3,False,plain
N011920,OPP005734,P006,4,True,nodal_b
N011921,OPP005734,P002,5,True,nodal_a
N011922,OPP005735,P094,0,False,plain
N011923,OPP005735,P221,1,True,terse
N011924,OPP005736,P094,0,False,plain
N011925,OPP005737,P001,0,False,nodal_a
N011926,OPP005738,P094,0,False,plain
N011927,OPP005739,P207,0,False,plain
N011928,OPP005740,P002,0,False,nodal_a
N011929,OPP005741,P005,0,False,nodal_a
N011930,OPP005741,P006,1,True,nodal_b
N011931,OPP005742,P227,0,False,plain
N011932,OPP005742,P195,1,False,html_ish
N011933,OPP005743,P004,0,False,nodal_b
N011934,OPP005744,P094,0,False,plain
N011935,OPP005745,P019,0,False,municipal
N011936,OPP005745,P003,1,True,nodal_b
N011937,OPP005746,P181,0,False,plain
N011938,OPP005747,P174,0,False,municipal
N011939,OPP005747,P077,1,False,plain
N011940,OPP005748,P005,0,False,nodal_a
N011941,OPP005749,P215,0,False,plain
N011942,OPP005750,P240,0,False,shouty
N011943,OPP005751,P001,0,False,nodal_a
N011944,OPP005751,P004,1,False,nodal_b
N011945,OPP005751,P094,2,False,plain
N011946,OPP005751,P111,3,False,shouty
N011947,OPP005751,P106,4,False,plain
N011948,OPP005751,P002,5,False,nodal_a
N011949,OPP005751,P005,6,False,nodal_a
N011950,OPP005751,P122,7,True,shouty
N011951,OPP005752,P053,0,False,municipal
N011952,OPP005753,P240,0,False,shouty
N011953,OPP005753,P003,1,False,nodal_b
N011954,OPP005753,P006,2,False,nodal_b
N011955,OPP005754,P005,0,False,nodal_a
N011956,OPP005755,P004,0,False,nodal_b
N011957,OPP005756,P027,0,False,plain
N011958,OPP005756,P094,1,False,plain
N011959,OPP005756,P003,2,False,nodal_b
N011960,OPP005756,P004,3,True,nodal_b
N011961,OPP005757,P006,0,False,nodal_b
N011962,OPP005758,P001,0,False,nodal_a
N011963,OPP005759,P194,0,False,municipal
N011964,OPP005759,P094,1,False,plain
N011965,OPP005759,P111,2,False,shouty
N011966,OPP005760,P098,0,False,municipal
N011967,OPP005761,P193,0,False,shouty
N011968,OPP005761,P255,1,False,shouty
N011969,OPP005761,P094,2,False,plain
N011970,OPP005761,P002,3,True,nodal_a
N011971,OPP005761,P190,4,False,html_ish
N011972,OPP005762,P021,0,False,municipal
N011973,OPP005762,P240,1,False,shouty
N011974,OPP005762,P004,2,False,nodal_b
N011975,OPP005762,P227,3,False,plain
N011976,OPP005762,P006,4,False,nodal_b
N011977,OPP005763,P016,0,False,terse
N011978,OPP005763,P106,1,True,plain
N011979,OPP005764,P091,0,False,municipal
N011980,OPP005764,P002,1,True,nodal_a
N011981,OPP005765,P217,0,False,plain
N011982,OPP005766,P246,0,False,plain
N011983,OPP005766,P152,1,False,municipal
N011984,OPP005767,P002,0,False,nodal_a
N011985,OPP005768,P181,0,False,plain
N011986,OPP005769,P189,0,False,plain
N011987,OPP005770,P004,0,False,nodal_b
N011988,OPP005770,P001,1,False,nodal_a
N011989,OPP005771,P003,0,False,nodal_b
N011990,OPP005772,P240,0,False,shouty
N011991,OPP005773,P002,0,False,nodal_a
N011992,OPP005774,P002,0,False,nodal_a
N011993,OPP005775,P031,0,False,shouty
N011994,OPP005775,P160,1,False,html_ish
N011995,OPP005776,P001,0,False,nodal_a
N011996,OPP005776,P143,1,False,html_ish
N011997,OPP005776,P136,2,False,html_ish
N011998,OPP005776,P006,3,False,nodal_b
N011999,OPP005776,P189,4,False,plain
N012000,OPP005776,P202,5,False,legacy
